dateRange,d15cm_fused,d45cm_fused,d75cm_fused,wetness,soil_temperature,temp_inst,temp_max,temp_min,umid_inst,umid_max,umid_min,pto_orvalho_inst,pto_orvalho_max,pto_orvalho_min,pressao,pressao_max,pressao_min,vento_vel,vento_direcao,vento_rajada,radiacao,precipitacao,temp_media,EToPM
2017-04-25 15:00:00.000,10.540948684312,10.980763160419,9.88215232368862,0,27.625,30.5,30.8,29.8,63,65,58,22.8,23.5,21.1,99.89,100.01,99.89,3.6,121,7.7,3.317,0,30.3,1.02711880379877
2017-04-25 16:00:00.000,10.2545576678673,10.7363617289735,10.1934184607813,0,27.6875,31,31.6,29.9,59,64,57,22,23.3,21.5,99.81,99.89,99.81,3.3,116,7.6,3.36,0,30.75,1.0624296852566
2017-04-25 17:00:00.000,10.1640491317482,10.6388471734199,10.2011137548887,0,27.875,31.2,31.7,30.8,58,62,54,21.9,23.1,21,99.75,99.81,99.75,3.6,121,7.6,3.06,0,31.25,0.990266194581337
2017-04-25 18:00:00.000,10.0908629629858,10.5442620311308,10.2000248652457,0,28.0625,31.2,31.4,30.8,58,61,56,21.9,22.6,21.2,99.69,99.75,99.69,3.1,109,6.9,2.286,0,31.1,0.551612006681066
2017-04-25 19:00:00.000,10.0423290714951,10.4799984811978,10.292602417944,0,28.3125,30,31.3,29.4,68,69,58,23.5,23.6,21.2,99.72,99.72,99.68,4.5,80,8,1.314,0,30.35,0.305088620647986
2017-04-25 20:00:00.000,10.0120951661055,10.4015823772464,10.2937240618494,0,28.4375,28.4,30,28.2,73,75,68,23,23.5,23,99.76,99.76,99.72,2.9,89,6.6,0.2016,0.2,29.1,0.0925562349063319
2017-04-25 21:00:00.000,10.0266843363449,10.3348505306873,10.2924584020359,0,28.625,27.4,28.4,27.4,73,74,72,22.1,22.9,22,99.79,99.79,99.76,3.5,100,6.4,0.04448,0,27.9,0.0648283954004138
2017-04-25 22:00:00.000,10.0256972288113,10.2619682307628,10.2650592028097,0,28.6875,27,27.4,26.9,74,75,73,21.9,22.2,21.9,99.88,99.88,99.79,5.5,101,9.4,0,0,27.15,0.0670715861372437
2017-04-25 23:00:00.000,10.0201443474331,10.207565917679,10.2431860762076,0,28.75,26.6,27,26.6,76,76,74,22.1,22.1,21.9,99.96,99.96,99.88,3.9,108,9.4,0,0,26.8,0.0517973478087277
2017-04-26 00:00:00.000,10.0415437712472,10.1734649222238,10.2413783508609,0,28.8125,26.5,26.7,26.4,77,77,75,22.1,22.1,21.9,100,100,99.96,2.9,106,6.9,0,0,26.55,0.0417157360185518
2017-04-26 01:00:00.000,10.0147727939646,10.122221447415,10.1972004935791,0,28.75,26.5,26.6,26.4,78,78,77,22.4,22.4,22.1,100.01,100.01,99.99,4.5,104,7.3,0,0,26.5,0.0504952987591079
2017-04-26 02:00:00.000,9.98839038615791,10.0705443707806,10.1611507734686,0,28.6875,26.3,26.5,26.3,81,81,78,22.7,22.7,22.4,99.97,100.01,99.97,4.1,109,7.5,0,0,26.4,0.0414842946819818
2017-04-26 03:00:00.000,9.98508862855072,10.0499588886413,10.1390030992857,0,28.6875,26.3,26.3,26.1,81,82,81,22.8,22.9,22.7,99.92,99.97,99.92,3.7,109,6,0,0,26.2,0.0390451215324672
2017-04-26 04:00:00.000,9.96449079296049,10.0006646208153,10.098782270553,0,28.625,26.3,26.5,26.2,82,82,81,22.9,22.9,22.8,99.85,99.92,99.85,4.1,106,7.9,0,0,26.35,0.039212256681793
2017-04-26 05:00:00.000,9.93496329084666,9.95339674571356,10.0609994753992,0,28.5,26.3,26.4,26.1,82,83,81,23,23,22.9,99.81,99.85,99.81,3.7,116,7.5,0,0,26.25,0.0570923748819949
2017-04-26 06:00:00.000,9.92208970273408,9.89929094056215,10.0135931871948,0,28.4375,26.2,26.3,26.1,82,83,82,22.9,23,22.9,99.8,99.81,99.79,4,115,8.4,0,0,26.2,0.0607533250604693
2017-04-26 07:00:00.000,9.89325273243135,9.85540069042546,9.9626729467151,0,28.3125,26.1,26.2,26,82,83,82,22.9,23,22.8,99.81,99.82,99.79,3.9,119,7,0,0,26.1,0.0593798573243587
2017-04-26 08:00:00.000,9.98403908469934,9.94495556178828,10.1416163131875,0,28.25,25.7,26.1,25.7,81,82,81,22.3,22.9,22.2,99.84,99.84,99.8,3,108,7.6,0,0,25.9,0.0501942645060793
2017-04-26 09:00:00.000,9.89134538145012,9.83447966960052,9.96670270873291,0,28.1875,26.1,26.1,25.7,80,82,80,22.4,22.4,22.2,99.92,99.92,99.84,2.4,113,5.8,0.02751,0,25.9,0.0509656348137789
2017-04-26 10:00:00.000,9.79435502880914,9.8177740024915,9.88856735051661,0,28.0625,27.8,27.8,26.1,74,80,74,22.8,23.1,22.4,99.98,99.98,99.92,2.4,115,4.5,0.4924,0,26.95,0.191779968437142
2017-04-26 11:00:00.000,9.71982376622476,9.80105674460554,9.85247067606211,0,28,28.2,28.4,27.8,74,75,73,23.1,23.4,22.7,100.07,100.07,99.98,3.3,118,6.6,1.336,0,28.1,0.432510872709022
2017-04-26 12:00:00.000,9.64437469644955,9.78074971053078,9.57172418637619,0,27.9375,28.7,29.1,27.8,73,76,70,23.4,23.6,22.5,100.09,100.09,100.07,3.9,109,7.6,1.821,0,28.45,0.566814149020782
2017-04-26 20:00:00.000,9.64610549870623,9.77252272048282,9.43962121243935,0,28.8125,27.5,27.9,27.2,72,79,72,22,23.7,22,99.78,99.78,99.74,3.8,96,6.3,0.1912,0,27.55,0.0931816856940222
2017-04-26 21:00:00.000,9.70005827664717,9.76377550366963,9.40737096175345,0,28.9375,26.6,27.5,26.6,75,75,71,21.9,22.1,21.6,99.87,99.87,99.78,1.8,69,5.5,0.01494,0,27.05,0.0369847601359025
2017-04-26 22:00:00.000,9.75100124861756,9.75383965959052,9.39296336167987,0,29,26.7,27,26.4,69,78,68,20.4,22.3,20.4,99.92,99.92,99.87,2.3,112,4.5,0,0,26.7,0.0488846798128605
2017-04-26 23:00:00.000,9.78404703776321,9.74035146002643,9.38224654513981,0,29,26.3,26.7,25.6,75,75,68,21.4,21.4,20.2,99.99,99.99,99.92,2.5,99,4.5,0,0,26.15,0.0408895695366407
2017-04-27 00:00:00.000,10.0076599717832,9.46092282234917,9.61013537077931,0,29,26.3,26.4,26.2,77,77,74,21.9,21.9,21.4,100,100.01,99.99,2.4,115,5.8,0,0,26.3,0.0368358265546701
2017-04-27 01:00:00.000,10.1274472890345,9.21527065806172,9.79358084297731,0,29,26,26.4,25.8,78,79,76,22,22.1,21.8,100,100.03,100,2.9,100,5.3,0,0,26.1,0.0393183616382403
2017-04-27 02:00:00.000,9.97111586770973,8.95336952200727,9.58787728335088,0,28.875,26,26.2,25.7,79,80,78,22.1,22.1,21.9,99.98,100,99.98,3.5,104,5,0,0,25.95,0.0415321967534733
2017-04-27 03:00:00.000,10.1197398656119,8.85099689743089,9.78205510109247,0,28.875,25.7,26,25.7,82,82,79,22.4,22.4,22,99.92,99.98,99.92,2.8,106,5,0,0,25.85,0.0312379656902567
2017-04-27 04:00:00.000,10.1917129000314,8.80050173647556,9.91177273894308,0,28.75,25.9,25.9,25.7,82,83,82,22.6,22.6,22.4,99.9,99.92,99.89,2.7,111,4.6,0,0,25.8,0.0305107648016866
2017-04-27 05:00:00.000,10.2166965380192,8.78309286526843,9.97683559148104,0,28.6875,26,26,25.8,82,83,82,22.6,22.7,22.5,99.86,99.9,99.86,2.8,121,5.1,0,0,25.9,0.0448462519251867
2017-04-27 06:00:00.000,10.2169690752339,8.7691413875254,9.97491186224979,0,28.5625,26.4,26.4,25.9,82,82,81,23,23,22.5,99.84,99.86,99.84,3,118,5.1,0,0,26.15,0.0478270842307789
2017-04-27 07:00:00.000,10.2162332419168,8.76759974379841,9.95950329576464,0,28.5,26.2,26.5,26.1,82,82,81,22.9,23,22.8,99.87,99.87,99.83,3,104,5.6,0,0,26.3,0.0480006992019057
2017-04-27 08:00:00.000,10.2152150830374,8.75320066647391,9.95374229064979,0,28.375,25.9,26.2,25.9,83,83,81,22.8,22.9,22.6,99.93,99.93,99.87,2.9,100,5.8,0,0,26.05,0.0438119835142796
2017-04-27 09:00:00.000,10.2864383205926,8.73625858078041,9.92487256652522,0,28.25,25.7,26,25.6,84,84,82,22.7,22.9,22.5,99.98,99.98,99.93,1.5,127,4.6,0.009895,0,25.8,0.0256293309800708
2017-04-27 10:00:00.000,10.3149290158154,8.73225249172694,9.96586561063049,0,28.1875,28.3,28.3,25.7,75,84,73,23.4,23.7,22.7,100.03,100.03,99.98,1.2,114,2.9,0.3157,0,27,0.121138276984352
2017-04-27 12:00:00.000,10.3174509019704,8.70555107338309,9.70231530413754,0,28,29.7,29.9,28.9,67,74,67,23,24,22.8,100.19,100.2,100.14,3.3,128,7.3,2.215,0,29.4,0.702608729464053
2017-04-27 14:00:00.000,10.1147532372106,8.91621852374047,9.47160301128711,1,26.6875,28,30.7,27.6,81,81,65,24.4,24.5,22.8,100.15,100.2,100.14,4.2,72,8.5,2.017,0,29.15,0.594690274989336
2017-05-04 13:00:00.000,8.55550737694415,7.67802810656081,7.62506130285663,0,28.2016558210257,29,29.6,28.4,66,70,61,21.9,22.9,20.8,100.03,100.06,100.02,3.5,120,9.1,2.381,0,29,0.745225433712013
2017-05-04 14:00:00.000,10.9404276302978,10.4856497430454,23.2446657252276,0,29.0532291662217,29.7,30.4,28.6,66,69,63,22.7,23.6,21.5,99.99,100.04,99.99,4.3,117,8.1,2.961,0,29.5,0.901468838932395
2017-05-04 15:00:00.000,11.0880646867775,10.6908932876279,24.277801572225,0,28.0792781913702,30.4,30.4,29.4,66,69,62,23.2,23.9,21.8,99.9,99.99,99.9,4.6,116,8.8,3.022,0,29.9,0.921932167501604
2017-05-04 16:00:00.000,10.8519131589153,10.3026861230944,23.9481742868458,0,28.4952564345946,30,30.9,29.4,64,67,60,22.4,23.7,21.6,99.83,99.9,99.83,3.6,125,8.2,2.619,0,30.15,0.831959888365937
2017-05-04 17:00:00.000,11.2050212471463,10.1511265698761,24.1974560464792,0,28.9309856907624,29.1,30.8,29,68,70,63,22.7,23.7,22,99.74,99.83,99.74,4.3,118,9.1,1.94,0,29.9,0.633278203438688
2017-05-04 18:00:00.000,11.7181192368839,10.0880390895014,24.4177400575279,0,29.286778585396,30.2,30.9,29.1,62,69,61,22.1,23.9,22.1,99.69,99.74,99.69,3.6,120,7.3,2.254,0,30,0.502615632813718
2017-05-04 19:00:00.000,12.4250752685042,10.045175610273,24.5510511076313,0,29.5,29.2,31,29.2,69,69,61,22.9,23.5,21.8,99.7,99.7,99.68,3.9,90,7.3,1.134,0,30.1,0.277078152141697
2017-05-04 20:00:00.000,13.2412309079212,9.97887761337654,24.6320037147744,0,29.5,25.9,29.2,25.9,77,77,69,21.5,23.7,21.5,99.79,99.8,99.7,5.8,85,14,0.483,2.6,27.55,0.126761296921409
2017-05-04 21:00:00.000,13.8193777758389,9.89856374397163,24.5586604296686,0,29.4178981377709,24.9,25.7,24.4,90,91,77,23.1,23.4,21.3,99.84,99.85,99.79,0.5,201,14,0.0317,2.4,25.05,0.013067420481826
2017-05-04 22:00:00.000,13.8777901463768,9.81294837666792,24.3436519223409,0,29.2716970824351,24.8,25,24.5,89,91,89,22.9,23.2,22.8,99.91,99.91,99.84,1.2,125,3.3,0,0,24.75,0.0103310357877162
2017-05-04 23:00:00.000,13.6586130164538,9.72292389698866,23.8407770149724,0,29.0825063579068,25.5,25.5,24.8,84,89,84,22.6,23,22.5,100.01,100.01,99.91,2.9,112,4.7,0,0,25.15,0.02770381094437
2017-05-05 00:00:00.000,14.2493777326775,9.89559786618887,24.5245643752303,0,28.8307797125635,25.8,25.8,25.5,83,84,83,22.8,22.8,22.5,100.04,100.05,100.01,3.2,113,5,0.00017,0,25.65,0.0317056432035077
2017-05-05 01:00:00.000,13.6143743536103,9.63496171322192,23.8464148469354,0,28.6416297639831,26.2,26.3,25.8,83,84,83,23.1,23.1,22.8,100.05,100.06,100.04,2.2,105,6.1,0.001706,0,26.05,0.0258900736951261
2017-05-05 02:00:00.000,13.1848592761045,9.52654407933771,23.1188436304778,2,28.4762591148752,25.9,26.2,25.9,87,87,83,23.5,23.5,23.1,100.02,100.05,100.02,2,80,4.2,0,0.2,26.05,0.0183349966893117
2017-05-05 03:00:00.000,13.5185765082137,9.77975060959741,22.510194064599,3,28.3259000228824,25.7,26.3,25.7,87,87,84,23.4,23.6,23.3,99.98,100.02,99.97,3,78,5,0,0.2,26,0.0236186625512374
2017-05-05 04:00:00.000,14.2748057971242,9.8063513517291,21.8889822971139,2,28.0741401995393,24.5,25.7,24.5,91,91,87,22.8,23.6,22.8,99.93,99.98,99.93,5.3,84,9.1,0,0.6,25.1,0.0210988988157493
2017-05-05 05:00:00.000,14.358454221569,9.52016742805915,21.3157601283784,2,27.8223357880718,24.6,24.7,24.1,90,92,90,22.8,23,22.6,99.89,99.93,99.89,3.3,100,9.1,0,0,24.4,0.0276077535549721
2017-05-05 06:00:00.000,14.0897150308739,9.60719836171918,20.9686073123721,3,27.5977542273286,25.3,25.3,24.5,84,90,84,22.3,22.8,22.3,99.83,99.89,99.82,1.5,128,5.4,0,0,24.9,0.0224162271928034
2017-05-05 07:00:00.000,13.8080176212144,9.76496723395127,20.7322660990816,3,27.4718405205965,25.7,25.7,25.2,81,84,80,22.2,22.3,21.9,99.83,99.84,99.83,2.8,112,5.4,0,0,25.45,0.0468418988142325
2017-05-05 08:00:00.000,13.585834521593,9.98869766390053,20.5117863919355,3,27.3459411820167,25.3,25.8,25.2,84,84,81,22.4,22.4,22.2,99.83,99.83,99.81,2.9,97,7.3,0,0,25.5,0.0406890505620735
2017-05-05 09:00:00.000,13.3598208670496,10.2633157717699,20.2755650808414,3,27.2200593275217,24.7,25.6,24.7,88,88,83,22.7,22.7,22.3,99.9,99.9,99.83,2.6,96,5.6,0.01707,0.4,25.15,0.0320276653878907
2017-05-05 10:00:00.000,13.1780413462505,10.5002338442149,20.0480515604184,3,27.0944894664063,26.6,26.6,24.7,83,89,83,23.4,23.5,22.7,99.96,99.96,99.89,2.5,98,4.9,0.287,0,25.65,0.114011388582217
2017-05-05 11:00:00.000,13.0026376139697,10.5424830816405,19.8671918413224,3,27.0933322796557,28,28,26.6,73,83,72,22.6,23.4,22.1,100.03,100.03,99.96,3.4,118,8.3,1.256,0,27.3,0.408593716935915
2017-05-05 12:00:00.000,12.8335145347534,10.4445496064434,19.7515886372111,3,27.1558237793688,28.8,28.9,28,69,74,68,22.7,23.3,22,100.08,100.09,100.03,4.7,112,9.3,2.276,0,28.45,0.695947414931483
2017-05-05 13:00:00.000,12.6647278939239,10.3479694369577,19.7364066450823,1,27.436213555591,29.3,30,28.3,67,71,65,22.5,23.6,22,100.08,100.09,100.07,4.4,121,8.9,2.733,0,29.15,0.831963837658285
2017-05-05 14:00:00.000,12.5395667726491,10.2790590245362,19.7813751375353,0,27.7782620603562,30,30.2,29.2,65,69,62,22.8,23.4,21.6,100.03,100.08,100.03,4,126,8.1,3.07,0,29.7,0.939603626661716
2017-05-05 15:00:00.000,12.4602099089376,10.2347591808194,19.8395175465957,0,28.2142074239861,30.6,30.7,29.7,61,67,59,22.3,23.4,21.2,99.97,100.03,99.97,4,116,8.2,3.388,0,30.2,1.04782720906508
2017-05-05 16:00:00.000,12.3878818914911,10.228006221225,19.9177329565761,0,28.6789768313994,30.4,30.6,29.8,61,64,60,22.1,23.1,21.6,99.88,99.97,99.88,4.1,117,9.1,2.619,0,30.2,0.842942621136062
2017-05-05 17:00:00.000,12.3555893742289,10.2585535328455,19.9890069340582,0,29.1483027633822,30.2,31.6,29.6,62,65,59,22.2,24,21.6,99.82,99.88,99.82,3.6,124,9.2,2.77,0,30.6,0.88650893605934
2017-05-05 18:00:00.000,12.3156634226937,10.2576906551593,20.001980980423,0,29.4942571509129,30.7,30.8,29.9,60,65,60,22,23,21.7,99.78,99.82,99.77,2.9,123,7.3,2.063,0,30.35,0.499439314007202
2017-05-05 19:00:00.000,12.3042016648326,10.2324073480832,19.93707612184,0,29.7159950770797,29.2,30.7,29.2,64,66,59,21.8,22.5,21.2,99.8,99.8,99.77,2.2,121,7.1,0.9343,0,29.95,0.266415906931684
2017-05-05 20:00:00.000,12.2797528932658,10.1788550902778,19.8431196713587,0,29.8125,28.2,30,28.2,69,69,62,22,22.3,20.9,99.84,99.84,99.79,3.2,85,4.9,0.4591,0,29.1,0.151245722271882
2017-05-05 21:00:00.000,12.227913537462,10.0976570408362,19.7119648419236,0,29.7204450720147,26.7,28.2,26.7,79,79,69,22.7,22.8,22.2,99.91,99.91,99.84,2.8,98,4.9,0.02238,0,27.45,0.0426213024094307
2017-05-05 22:00:00.000,12.179938651946,10.0141110638715,19.5668117190899,0,29.5642266931908,26.4,26.7,26.4,79,79,78,22.4,22.7,22.4,100,100,99.91,3.6,106,6.3,0,0,26.55,0.0430622089306736
2017-05-05 23:00:00.000,12.0976253302011,9.91807238748445,19.3786953926973,0,29.3124427816458,26.1,26.5,26,79,79,78,22.1,22.4,22.1,100.07,100.07,100,2.6,114,6.3,0,0,26.25,0.0353195201088942
2017-05-06 00:00:00.000,12.0136790331755,9.82606374244157,19.1670058456131,0,29.0605725124389,25.8,26.2,25.8,80,80,79,22.1,22.2,22.1,100.1,100.11,100.07,3,115,5.4,0,0,26,0.0363553671116278
2017-05-06 01:00:00.000,11.9305218014787,9.73522584409401,19.62392863147,0,28.8086227596549,25.8,25.9,25.7,79,80,79,21.9,22.2,21.8,100.11,100.11,100.1,2.5,136,5.2,0,0,25.8,0.0339872950018267
2017-05-06 02:00:00.000,11.8463480402948,9.66463818851141,20.0856782722039,0,28.5566065672929,24.8,25.8,24.8,83,83,79,21.7,22,21.6,100.04,100.11,100.04,0.8,315,5,0,0,25.3,0.0117021336804721
2017-05-06 03:00:00.000,11.7662287058154,9.58661186154429,20.6185442144119,2,28.3046144972659,24.9,25.5,24.5,81,84,80,21.4,22,21.1,99.96,100.04,99.96,1,331,3.1,0,0,25,0.0155737154673038
2017-05-06 04:00:00.000,11.7123143639943,9.52700046002634,21.2097215686466,2,28.1151000631775,24.2,25.2,24.2,79,81,79,20.2,21.4,20.2,99.79,99.96,99.79,1,300,3.1,0,0,24.7,0.0170642169232075
2017-05-06 05:00:00.000,11.6025641253433,9.4587998831972,21.7936265836234,2,27.8630383952693,25,25.5,23.8,74,80,72,20.1,20.6,19.5,99.73,99.79,99.73,1.7,350,3.4,0,0,24.65,0.0405680324902642
2017-05-06 06:00:00.000,11.5221178128762,9.39603964815488,22.2102705648708,3,27.6492515367022,25,25.5,24.5,76,77,72,20.4,20.6,19.7,99.71,99.73,99.71,0.9,275,4.3,0,0,25,0.0209170127797362
2017-05-06 07:00:00.000,11.4571399491603,9.34625411136079,21.467688027214,2,27.4840007142885,25.6,25.6,24.1,75,82,75,20.8,21.1,20.2,99.71,99.72,99.71,2.7,124,6.2,0,0,24.85,0.0588747652714772
2017-05-06 08:00:00.000,11.3863297217122,9.29255475073138,20.7110502203936,2,27.2722496466304,25.6,25.9,25.1,77,79,74,21.3,21.6,20.8,99.79,99.79,99.71,2,140,6.2,0,0,25.5,0.0423087274874715
2017-05-06 09:00:00.000,11.3335265714175,9.25783214251318,19.9056607837606,3,27.1462298000122,25.2,25.7,24.9,82,82,77,21.9,22,21.1,99.91,99.91,99.79,1.6,89,5.2,0.01259,0,25.3,0.0304597817682648
2017-05-06 10:00:00.000,11.4004527877431,9.45509373748832,20.5141736454413,3,26.9782478111075,27.3,27.3,25.1,76,83,76,22.6,22.9,21.9,99.99,99.99,99.91,2.8,130,5.8,0.4087,0,26.2,0.167571430694825
2017-05-06 11:00:00.000,11.201125759717,9.2598798530704,19.6682790267146,0,26.875,27.8,28,27.1,68,76,68,21.4,22.8,21.3,100.04,100.04,99.99,4.5,130,8.4,1.368,0,27.55,0.462497329907573
2017-05-06 12:00:00.000,11.0999922654909,9.21854922418227,18.8396626979299,0,26.9591984933073,29,29.2,27.8,65,70,64,21.7,22.7,21.3,100.03,100.04,100.02,3.9,106,7.7,2.195,0,28.5,0.692538346356018
2017-05-06 13:00:00.000,11.0559115874779,9.23976194590968,18.1355955907301,0,27.2503647285946,29.8,30.1,28.9,65,66,62,22.4,22.8,21.4,100.04,100.04,100.02,4,120,8.5,2.891,0,29.5,0.889021898994191
2017-05-06 14:00:00.000,11.0367731756153,9.29377321668791,17.7466429171041,0,27.665311704803,30.9,30.9,29.3,63,66,61,22.9,23.1,21.2,100,100.04,100,3.7,113,8.1,2.794,0,30.1,0.881400496515532
2017-05-06 15:00:00.000,11.0523028632944,9.35594009831743,17.7326914779749,0,28.2042157829382,30.4,31.1,29.5,60,65,58,21.7,22.9,21,99.92,100.01,99.92,3.6,126,7.7,2.751,0,30.3,0.883433157315071
2017-05-06 16:00:00.000,11.1285679815624,9.43573033152645,17.8955477190108,0,28.7554962477015,30.9,31.6,30.4,58,64,56,21.7,23.7,21.3,99.84,99.92,99.84,3,121,7.4,3.233,0,31,1.03554113584967
2017-05-06 17:00:00.000,11.1631041891591,9.50588097507382,18.3357441519468,0,29.3390793734013,31.7,32.2,30.5,61,64,57,23.1,24.1,21.8,99.74,99.84,99.74,4.3,91,7,2.821,0,31.35,0.915136721779852
2017-05-06 18:00:00.000,11.1893130703172,9.56211188625281,18.917155079745,0,29.8035873755813,30.6,31.9,30.1,61,64,59,22.3,23.5,22.2,99.72,99.74,99.72,3.8,109,7.3,2.231,0,31,0.508064104327789
2017-05-06 19:00:00.000,11.2365243840562,9.59475821343344,19.5523662798455,0,30.0797216500864,30.2,31.1,29.4,61,67,59,21.9,23.3,21.9,99.72,99.73,99.71,2.2,120,6.1,1.206,0,30.25,0.333776631958857
2017-05-06 20:00:00.000,11.2334378713756,9.5812036598055,20.1536169375188,0,30.1875,29.8,30.6,29.8,61,63,57,21.5,22.6,21,99.72,99.72,99.71,2.3,122,4.5,0.6633,0,30.2,0.213015348929084
2017-05-06 21:00:00.000,11.2493009750553,9.55101610367643,20.7376032224218,0,30.1445645981866,27.6,29.8,27.6,75,75,61,22.7,22.7,21.4,99.81,99.81,99.72,3.4,90,5.1,0.03117,0,28.7,0.0589755424455736
2017-05-06 22:00:00.000,11.2337257449815,9.49328983020402,21.3211656712307,0,29.9729604225601,26.7,27.6,26.5,77,78,75,22.2,22.8,22.2,99.9,99.9,99.81,2.4,90,5.2,0,0,27.05,0.0376754217429583
2017-05-06 23:00:00.000,11.2404589454612,9.43929373414272,21.8965186833894,0,29.7816941562635,26.3,26.8,26.1,78,79,75,22.3,22.3,22.1,99.97,99.97,99.9,1.9,88,4,0,0,26.45,0.0303058475238377
2017-05-07 00:00:00.000,11.1995044967087,9.38076129683887,22.4995794625972,0,29.527895318512,25.9,26.4,25.5,81,81,78,22.3,22.3,22,100.04,100.04,99.97,2.3,73,3.8,0,0,25.95,0.0292981862730794
2017-05-07 01:00:00.000,11.1885509378287,9.46517312174969,23.1385342929904,0,29.3366392827502,26.7,26.7,25.9,77,81,77,22.3,22.4,22.1,100.07,100.07,100.03,2.9,109,5.3,0,0,26.3,0.0413894574477394
2017-05-07 02:00:00.000,11.1586074448497,9.31420043466539,23.8154490891817,0,29.0828753545869,26.9,26.9,26.7,79,79,76,22.8,22.8,22.3,100.02,100.07,100.02,3.1,105,6.4,0,0,26.8,0.0399383297223671
2017-05-07 03:00:00.000,11.1207024749473,9.24580443954983,24.5229588731671,0,28.8832930346095,26.9,27,26.8,81,81,79,23.3,23.3,22.8,99.95,100.02,99.95,3.8,108,6.3,0,0,26.9,0.0405884534404787
2017-05-07 04:00:00.000,11.0956908826555,9.20725138756328,25.2365336005494,0,28.7002286001903,26.6,26.9,26.6,82,82,81,23.2,23.3,23.1,99.88,99.95,99.88,3.1,107,7,0,0,26.75,0.0341554786511298
2017-05-07 05:00:00.000,11.0600990818183,9.17237944105649,25.8796769589671,0,28.5088367488686,26.7,26.8,26.6,81,82,81,23.2,23.3,23.1,99.82,99.88,99.82,4,109,6.9,0,0,26.7,0.0649193757556655
2017-05-07 06:00:00.000,11.0196947136733,9.14274765112527,26.3295471434775,0,28.3774608628925,26.8,26.8,26.7,81,81,81,23.1,23.2,23.1,99.82,99.83,99.81,4.4,110,8.3,0,0,26.75,0.0701688300767766
2017-05-07 07:00:00.000,11.1237785691903,9.10815372181302,26.512314186955,0,28.1880134379694,26.7,26.8,26.6,80,81,80,23,23.1,22.9,99.82,99.82,99.8,3.9,113,7.7,0,0,26.7,0.0669451222052996
2017-05-07 08:00:00.000,11.1660786678742,9.08566946829055,26.5787874832299,0,28.0610511383515,26.4,26.7,26.3,81,81,80,22.8,23,22.7,99.84,99.84,99.82,3.6,113,7.7,0,0,26.5,0.0592843453119619
2017-05-07 09:00:00.000,11.15673423709,9.05842595009057,26.4544216038726,0,27.9340882836213,26.3,26.5,26.1,80,82,79,22.5,22.9,22.5,99.85,99.86,99.84,2.9,125,7.6,0.0141,0,26.3,0.0555032385376595
2017-05-07 10:00:00.000,10.9782901889594,9.04310949980328,26.3598648110105,0,27.8072314347168,27.2,27.3,26.3,75,80,74,22.4,22.8,22.3,99.91,99.91,99.85,3.8,134,7.6,0.3654,0,26.8,0.174558395547181
2017-05-07 11:00:00.000,11.1116908350077,9.03307403483694,26.4548839893781,0,27.6875,27.8,27.8,27.2,73,76,72,22.4,22.8,22.3,99.94,99.95,99.91,4.1,144,7.3,0.7054,0,27.5,0.274259222073627
2017-05-07 12:00:00.000,11.0710240747223,9.0228485602527,26.5965513866248,0,27.69508927021,28.4,28.9,27.8,69,73,68,22.2,23.5,22,99.97,99.98,99.94,4.4,125,9.6,1.627,0,28.35,0.531342506510337
2017-05-07 13:00:00.000,11.0564017755657,9.06002075885926,26.8857663935392,0,27.8920138974255,29.8,30.2,28.3,64,71,63,22.3,23.2,21.9,99.96,99.98,99.95,4.5,133,11.2,2.605,0,29.25,0.812265103989138
2017-05-07 14:00:00.000,10.8111182302979,9.10308789445109,27.1890732015581,0,28.224027873634,29.9,30.6,29.7,65,67,62,22.6,23.3,22.2,99.96,99.98,99.96,4.6,116,9.5,2.761,0,30.15,0.862500680101603
2017-05-07 15:00:00.000,11.0437303108283,9.17121942534167,27.5977974712793,3,28.7363292221084,31.3,31.5,29.8,61,66,58,22.8,23.5,21.8,99.87,99.96,99.87,3.6,125,8.6,2.949,0,30.65,0.93953355423181
2017-05-07 16:00:00.000,11.2066657036288,9.25165039798453,28.1394041784871,2,29.2721391860195,31.4,32.2,30.8,58,62,54,22.1,23.3,21.2,99.76,99.87,99.76,3.5,143,8.3,2.91,0,31.5,0.952629700669591
2017-05-07 17:00:00.000,11.3236314447729,9.29518797717466,28.6185952229088,1,29.5247253016804,27,32,27,81,81,57,23.4,24.2,21.6,99.72,99.77,99.72,4.5,96,10.5,1.164,0,29.5,0.376551409707906
2017-05-07 18:00:00.000,11.3536107370955,9.30247126197147,28.8876314869681,0,29.6384787299155,27.7,28.1,27,83,83,79,24.5,24.5,23.3,99.68,99.72,99.66,2.8,71,7.1,0.7673,0,27.55,0.177650460099183
2017-05-07 19:00:00.000,11.3562083028474,9.3034280526652,29.0338148823929,2,29.6875,27.6,27.9,27,84,86,82,24.6,25.1,24.3,99.7,99.71,99.68,3.4,78,7.1,0.5493,0,27.45,0.129293905631217
2017-05-07 20:00:00.000,11.375790991631,9.29099108596189,29.1138318062974,0,29.6875,26.9,27.6,26.9,86,86,83,24.3,24.5,24.1,99.72,99.73,99.7,1.6,73,5.1,0.2164,0,27.25,0.0666464832741791
2017-05-07 21:00:00.000,11.412754100574,9.27288018630447,29.1296342966531,0,29.6697583024406,26.6,26.9,26.6,89,89,86,24.5,24.5,24.3,99.77,99.77,99.71,1.9,71,3,0.02893,0,26.75,0.0214566513028188
2017-05-07 22:00:00.000,11.442147179288,9.23349144220965,29.0685979846665,0,29.5233650003721,26.5,26.7,26.5,85,89,85,23.8,24.5,23.8,99.81,99.81,99.77,2.2,87,4.9,0,0,26.6,0.0228938533490991
2017-05-07 23:00:00.000,11.4711704709412,9.19507538790327,28.9442628012618,0,29.3321329164639,26.6,26.7,26.4,82,85,81,23.4,23.8,23.2,99.87,99.87,99.81,3.6,98,7.2,0,0,26.55,0.0368908625744194
2017-05-08 00:00:00.000,11.4904493148333,9.16331026269498,28.786195832814,0,29.1408597126076,26.5,26.6,26.4,83,83,82,23.3,23.5,23.2,99.91,99.91,99.87,1.4,106,5.3,0,0,26.5,0.0188070041136545
2017-05-08 01:00:00.000,11.5040719342026,9.12833530515186,28.6271399909732,0,28.974775476966,26.4,26.5,26.3,83,84,83,23.4,23.4,23.2,99.92,99.92,99.91,2.1,112,4.3,0,0,26.4,0.0250216096975257
2017-05-08 02:00:00.000,11.5130703925709,9.10470587702652,28.4314928308442,0,28.8207412755444,26.5,26.5,26.4,84,84,83,23.6,23.6,23.4,99.91,99.93,99.91,2.5,111,4.3,0,0,26.45,0.0264069977739584
2017-05-08 03:00:00.000,11.5328669897357,8.9778545644437,28.1610059539829,0,28.6584602751279,26.7,26.7,26.4,83,84,83,23.5,23.6,23.5,99.88,99.92,99.88,2.6,114,4.8,0,0,26.55,0.0288393472969326
2017-05-08 04:00:00.000,11.5347240188826,8.93242155707528,27.8762568141224,0,28.5315240646539,25.8,26.7,25.8,88,88,83,23.7,23.7,23.4,99.8,99.88,99.8,2.8,107,6.5,0,0.4,26.25,0.0210876896528569
2017-05-08 05:00:00.000,11.5400938868373,9.01455020331328,27.6746913061287,2,28.4045790799198,26.1,26.1,25.8,86,88,86,23.7,23.8,23.6,99.76,99.8,99.76,2.1,100,6.5,0,0,25.95,0.0271523090722328
2017-05-08 06:00:00.000,11.5601562648528,8.90813802895078,27.5295386671377,2,28.2776057795906,25.1,26.1,25.1,89,89,86,23.1,23.7,23,99.74,99.76,99.73,2.3,121,8.5,0,0.8,25.6,0.0229383027113782
2017-05-08 07:00:00.000,11.5680420061616,8.97506495343203,27.3182597710662,3,28.1506210218313,25.3,25.3,24.8,88,89,88,23.2,23.2,22.9,99.73,99.75,99.73,2.2,115,6.3,0,0,25.05,0.0237711814819159
2017-05-08 08:00:00.000,11.5639721701346,8.97284212130046,27.1013419049515,3,28.0236268153388,25.4,25.4,25.2,87,88,87,23.1,23.2,23.1,99.74,99.75,99.73,2.3,105,3.8,0,0,25.3,0.0269285246498072
2017-05-08 09:00:00.000,11.5575429904122,8.96208168555037,26.8364706276368,3,27.8966449276057,25.8,25.8,25.2,85,87,85,23,23.1,23,99.79,99.79,99.74,2.8,109,4.8,0.01188,0,25.5,0.0400951919818046
2017-05-08 10:00:00.000,11.5480151293125,8.94267270953966,26.619015627497,1,27.7699046278168,26.9,26.9,25.8,79,85,79,23,23.2,22.8,99.84,99.84,99.78,2.1,130,4.9,0.2872,0,26.35,0.11955412576258
2017-05-08 11:00:00.000,11.5714164716916,9.06523739770312,26.4653366014173,1,27.6875,27.4,27.5,26.9,79,81,78,23.6,23.7,22.8,99.94,99.94,99.84,3.3,112,8.5,0.8075,0,27.2,0.272680982941905
2017-05-08 12:00:00.000,11.9918784667837,9.23224946800618,26.256108956488,3,27.7954389352748,29.5,29.5,27.4,72,80,72,24,24.7,23.1,99.94,99.94,99.93,3.9,116,8.7,1.841,0,28.45,0.575663538641914
2017-05-08 13:00:00.000,11.7261786872748,9.4007934364093,26.0422907202646,3,27.9216102733685,28.1,30,27.5,79,81,68,24.1,24.4,23.1,99.96,99.96,99.92,3.4,107,8.9,1.835,0,28.75,0.55572034359929
2017-05-08 14:00:00.000,12.0566934779733,9.57578122840872,25.9523114700563,3,28.1585593496575,27.2,29.7,27.2,81,82,74,23.7,25.4,23.6,99.96,99.97,99.94,5.3,98,9.5,1.408,0.4,28.45,0.42857305429895
2017-05-08 15:00:00.000,12.2334851519117,9.72082465212494,25.8009759525795,3,28.2992341534404,25.3,27.9,24.9,91,92,81,23.8,25.5,22.7,99.87,99.96,99.87,4.9,111,12.8,1.032,3.4,26.4,0.281736423643862
2017-05-08 16:00:00.000,12.2929614568481,9.80053697541015,25.7269565335576,0,28.5381471551973,26.7,27.6,25.1,81,92,79,23.1,25.1,22.9,99.81,99.87,99.79,3.4,114,8.8,2.279,0.4,26.35,0.639008932558602
2017-05-08 17:00:00.000,11.9646174208035,9.97039062835825,25.5953426590092,3,28.7284750806682,27.3,27.3,26.7,81,81,77,23.7,23.7,22.5,99.67,99.81,99.67,3.1,111,6.8,0.7347,0,27,0.245921586310583
2017-05-08 18:00:00.000,12.1670696923724,10.0317838821316,25.3910578818232,3,28.8125,24.4,27.4,24.2,89,89,79,22.4,23.8,22.1,99.69,99.74,99.66,1.3,91,9.1,0.3383,3.6,25.8,0.089803000283711
2017-05-08 19:00:00.000,12.385436832383,9.83433705829105,25.1522876870292,3,28.7623019248953,24.9,24.9,24.3,88,89,87,22.7,22.9,22.3,99.69,99.72,99.68,3.3,106,6.2,0.1777,0.8,24.6,0.0509500618493872
2017-05-08 20:00:00.000,12.6302787370145,9.89170286512609,25.0105297210278,3,28.6875,25.1,25.1,24.9,88,88,87,23,23,22.7,99.8,99.8,99.69,3.1,88,6.2,0.1392,0,25,0.045135261066434
2017-05-08 21:00:00.000,12.9253664125023,9.9802373884227,24.8427810364919,3,28.5112397224145,24.9,25.2,24.8,92,92,88,23.4,23.4,23,99.87,99.87,99.8,2.4,69,5.4,0.01268,0,25,0.0146808834606139
2017-05-08 22:00:00.000,13.2343871774124,9.77911446820151,24.6768578112486,3,28.3856368553284,24.5,24.9,24.5,92,92,92,23.2,23.4,23.2,99.92,99.92,99.87,2,71,5.5,0,0,24.7,0.0108258883059958
2017-05-08 23:00:00.000,13.5625646623056,9.84148448890026,24.5929263441141,3,28.2074914335989,24.7,24.7,24.5,92,93,92,23.4,23.4,23.2,99.99,99.99,99.92,1.9,70,4.3,0,0,24.6,0.010432068651322
2017-05-09 00:00:00.000,13.8575534522158,9.93084894322944,24.5704570333546,3,28.0718297640293,25.3,25.3,24.7,88,92,88,23.1,23.6,23.1,100.01,100.01,99.98,3.2,109,5.9,0,0,25,0.0218601866330065
2017-05-09 01:00:00.000,13.927887859419,10.0516219178612,24.5397011571864,3,27.8922765141696,25.9,25.9,25.3,82,88,82,22.6,23.1,22.6,100.01,100.03,100.01,4.1,118,8,0,0,25.6,0.0381805000864753
2017-05-09 02:00:00.000,13.7663870203357,10.2089495375567,24.5073399519871,3,27.7579337616054,26,26,25.9,82,83,82,22.7,22.8,22.6,100,100.01,100,2.8,127,7.5,0,0,25.95,0.0313517837798169
2017-05-09 03:00:00.000,13.5582515655295,10.3918108458372,24.4162208093462,3,27.5769405217152,25.8,26,25.6,82,83,82,22.5,22.8,22.5,99.92,100,99.92,3.1,124,6,0,0,25.8,0.0330943523835007
2017-05-09 04:00:00.000,13.3478736253034,10.5184096038048,24.3968491937019,3,27.4440136239029,25.7,25.8,25.6,83,84,82,22.6,22.7,22.5,99.84,99.92,99.84,4.5,112,7.9,0,0,25.7,0.0378534821467292
2017-05-09 05:00:00.000,13.148526023128,10.4634809500436,24.3198271302744,3,27.3183255057299,25.7,25.8,25.7,82,83,81,22.4,22.6,22.3,99.76,99.85,99.76,3.9,113,8.6,0,0,25.75,0.0588540983175223
2017-05-09 06:00:00.000,12.9597228681035,10.3336881363403,24.230405402711,3,27.1926111936237,25.8,25.8,25.5,81,83,81,22.4,22.5,22.3,99.78,99.78,99.74,4.7,114,8.2,0,0,25.65,0.0718621399223048
2017-05-09 07:00:00.000,12.8244806851412,10.2021621710562,24.2460536890898,3,27.125,25.5,25.8,25.5,82,82,81,22.2,22.4,22.1,99.77,99.78,99.77,3.7,107,8.2,0,0,25.65,0.0562550718475057
2017-05-09 08:00:00.000,12.6695573685628,10.0725237835901,24.1654755404767,3,27.0036929959487,25.7,25.7,25.4,82,83,82,22.3,22.4,22.2,99.84,99.84,99.77,3.5,132,8.2,0,0,25.55,0.0536417647697521
2017-05-09 09:00:00.000,12.5213977995529,9.95797163542576,24.1133090077032,3,26.8779669805891,25.5,25.7,25.2,82,82,80,22.2,22.3,21.9,99.89,99.89,99.84,3.6,108,8.2,0.01693,0,25.45,0.0589896091198413
2017-05-09 10:00:00.000,12.3982796835778,10.0803992891797,24.0786518839006,3,26.8148064270648,26.3,26.7,25.5,79,83,78,22.3,23,22.2,99.98,99.98,99.89,3.8,115,8.2,0.2253,0,26.1,0.124070482784304
2017-05-09 11:00:00.000,12.3003911250208,10.0435405853557,24.1316291864811,3,26.75,25.8,26.3,25.8,82,82,79,22.4,22.6,22.2,100.1,100.11,99.97,4.2,113,8.8,0.3059,0,26.05,0.13775226590761
2017-05-09 12:00:00.000,12.3694549923152,9.83166922616438,24.0712669169562,3,26.75,25.7,25.9,25.2,87,87,82,23.4,23.4,22.4,100.14,100.14,100.1,2.9,106,7.3,0.4813,0.6,25.55,0.157309821295527
2017-05-09 13:00:00.000,12.5550900813805,9.62467861399831,24.5681186461254,3,26.75,25.9,27,25.7,84,87,79,22.9,23.6,22.7,100.13,100.15,100.13,5.2,107,8.7,1.01,0.2,26.35,0.303599124283543
2017-05-09 14:00:00.000,12.7339427220007,9.69310123388987,25.0175673962901,3,27.4371765249538,27.6,27.9,25.8,76,85,74,23,23.8,22.7,100.11,100.13,100.08,4.6,130,9.7,1.261,0,26.85,0.399385782777797
2017-05-09 15:00:00.000,12.923833534653,9.78044622200397,25.3337820447785,3,27.6852876106195,24.6,27.6,24.2,88,89,75,22.5,22.8,21.9,100.02,100.12,100.02,1.9,135,12.1,0.5781,2.4,25.9,0.179607576105242
2017-05-09 16:00:00.000,13.136538765107,9.89566183880677,25.6415410791616,3,27.936591163311,25.6,25.6,24.6,84,88,84,22.7,23.1,22.4,99.89,100.01,99.89,2.2,141,7.8,0.5903,1.2,25.1,0.188647948856359
2017-05-09 17:00:00.000,13.3784909839988,10.0359268583389,25.8014569225326,3,28.1233351831299,27.3,27.5,25.6,78,85,78,23.1,24.1,22.6,99.77,99.89,99.77,3.3,123,6.2,1.136,0.2,26.55,0.356936679882088
2017-05-09 18:00:00.000,13.664938213314,10.2099416424522,25.8540963857342,3,28.1871180555556,29.1,29.3,27.3,72,79,70,23.5,24.5,22.8,99.73,99.77,99.73,3.5,134,6.4,1.817,0,28.3,0.38304358169275
2017-05-09 19:00:00.000,13.987523182576,10.3939185345921,25.8462368331409,3,28.1564670741873,28.7,29.2,28.7,72,73,69,23.2,23.7,22.8,99.76,99.76,99.72,3.3,100,6,1.4,0,28.95,0.319053330270441
2017-05-09 20:00:00.000,14.3041071657435,10.4957835385697,25.8201639101342,3,28.0628476084538,27.6,28.8,27.6,77,77,72,23.1,23.4,23,99.8,99.8,99.76,2.6,101,5.9,0.5194,0,28.2,0.144731087823594
2017-05-09 21:00:00.000,14.4295977603412,10.4356425100799,25.8128698346249,3,27.9378817323709,26,27.6,26,84,84,77,23.2,23.2,22.9,99.86,99.86,99.8,2,63,5.1,0.02101,0,26.8,0.0274755143502744
2017-05-09 22:00:00.000,14.2998118712767,10.3111941081377,25.7973252393754,3,27.8129857063558,25.7,26.4,25.7,85,85,81,23,23.2,22.7,99.89,99.89,99.85,1.8,87,4.6,0,0,26.05,0.0196655645313361
2017-05-09 23:00:00.000,14.0713088153139,10.1824432698044,25.696672110709,3,27.6256932889628,25.7,26,25.6,85,86,85,22.9,23.3,22.9,99.96,99.96,99.89,2.9,93,5.1,0,0,25.8,0.0265385589794851
2017-05-10 00:00:00.000,13.8572368156364,10.0619603944337,25.6140805911233,3,27.5003819444444,25.8,25.8,25.7,85,85,84,23.1,23.1,22.9,100.04,100.04,99.96,3.9,97,6.8,0,0,25.75,0.0311948748562027
2017-05-10 01:00:00.000,13.6308948349606,9.94890958416434,25.5594103317766,3,27.3753464523282,25.8,26,25.8,83,85,82,22.8,23.1,22.7,100.07,100.08,100.04,3.6,112,7.8,0,0,25.9,0.0340878230348161
2017-05-10 02:00:00.000,13.4287693898772,9.84509373413718,25.4908108648361,3,27.2503991946681,25.8,25.9,25.7,83,84,83,22.7,22.8,22.6,100.04,100.08,100.04,3.2,107,6.7,0,0,25.8,0.0318396181554062
2017-05-10 03:00:00.000,13.2328397349201,9.759582414229,25.4176414056233,3,27.1254166666667,25.9,26,25.5,79,84,79,22,22.8,22,99.96,100.04,99.96,3,109,6,0,0,25.75,0.0378320670895131
2017-05-10 04:00:00.000,13.0537532795545,9.67243528792037,25.3378932029337,3,27.0003472222222,25.6,26.1,25.6,82,82,79,22.3,22.3,22,99.91,99.96,99.91,3,108,6.9,0,0,25.85,0.0325293537092378
2017-05-10 05:00:00.000,12.8683156681251,9.58877650362567,25.2460875413193,3,26.8752434613244,25.8,25.9,25.6,80,82,80,22,22.5,22,99.83,99.91,99.83,3.2,121,7.7,0,0,25.75,0.0555884159076573
2017-05-10 06:00:00.000,12.7477951084494,9.52756290865932,25.2888921665073,3,26.7503819444444,25.8,25.9,25.6,79,80,78,22,22.1,21.8,99.79,99.83,99.79,3.2,122,8.3,0,0,25.75,0.0583532027786788
2017-05-10 07:00:00.000,12.6337419153167,9.47188502601945,25.1042881749154,3,26.6252780867631,26.3,26.3,25.7,74,79,74,21.3,22,21.3,99.8,99.81,99.78,3.9,124,7.8,0,0,26,0.0855563045025199
2017-05-10 08:00:00.000,12.4681479677501,9.4122036832028,25.0667599872368,3,26.5004164353137,25.6,26.3,25.6,79,79,74,21.6,21.6,21.3,99.84,99.84,99.8,3.3,115,9.1,0,0,25.95,0.0601753752161895
2017-05-10 09:00:00.000,12.3465683533827,9.40039963095979,25.1048938781271,1,26.6246008053319,25.4,25.9,25.3,82,82,77,22,22,21.5,99.9,99.9,99.83,2.8,95,6.5,0.0162,0,25.6,0.0487584871339616
2017-05-10 10:00:00.000,12.2051540454821,9.39530061959949,25.2123202514906,0,26.8425360710322,27,27.1,25.4,76,82,75,22.4,22.4,22,99.94,99.94,99.9,4.5,120,9,0.271,0,26.25,0.154722354953727
2017-05-10 11:00:00.000,12.1319605746656,9.40987604612346,25.4384451954131,0,27.1547321676381,28.1,28.1,27,72,76,71,22.7,22.9,22.3,100.02,100.02,99.94,4.6,119,9,1.3,0,27.55,0.430713689502325
2017-05-10 12:00:00.000,12.1239013851355,9.43653648764908,25.8336769742088,0,27.4776520771513,28.9,29,28.1,70,73,69,22.8,23.2,22.5,100.05,100.05,100.02,4.7,127,9.7,2.13,0,28.55,0.656686491086492
2017-05-10 13:00:00.000,12.0746936603625,9.45585726365689,26.3430248730668,0,27.8114799703264,29.6,30,28.9,66,71,64,22.5,23.7,22.4,100.06,100.06,100.05,5.7,139,10.5,2.929,0,29.45,0.881986051978584
2017-05-10 14:00:00.000,12.0441456105435,9.48419793780481,26.7938131336109,0,28.2487843845513,30.7,31.1,29.4,64,69,63,23.1,24.3,22,100.02,100.06,100.02,4.3,109,10.5,2.825,0,30.25,0.886051084152837
2017-05-10 15:00:00.000,11.9825035170684,9.51927789749836,26.4075011667739,0,28.6236503322259,30.3,31.1,30.3,64,68,63,22.7,24.1,22.7,99.92,100.02,99.92,4.7,120,10.2,3.191,0,30.7,0.987734607119697
2017-05-10 16:00:00.000,11.9516913574094,9.54647645113203,26.2023228176646,0,28.9363227146814,31.4,31.9,29.9,63,68,61,23.5,24.4,22.5,99.83,99.93,99.83,4.1,119,9.6,2.929,0,30.9,0.929300324390964
2017-05-10 17:00:00.000,12.3604881508974,9.53634793442475,26.0037412360115,0,29.0622569444444,30.9,31.6,30.6,60,64,57,22.3,23.7,21.7,99.77,99.83,99.77,4.1,143,9.4,2.655,0,31.1,0.87026754072759
2017-05-10 18:00:00.000,12.1094558179361,9.50691943993963,25.8103332209662,0,29.0625,31,31.3,30.7,62,62,59,22.7,23,21.9,99.7,99.77,99.7,3.8,121,9.5,2.192,0,31,0.498441167189718
2017-05-10 19:00:00.000,11.9849141813469,9.46284222520778,25.6050509726883,0,29.0002600554785,30.4,31.1,30.3,66,66,59,23.2,23.5,21.8,99.69,99.71,99.69,3.9,100,8.8,1.486,0,30.7,0.35318545032384
2017-05-10 20:00:00.000,11.9189760706215,9.41940546558926,25.386479792523,0,28.8129175946548,29.3,30.4,29.3,65,66,64,22.1,23.1,22.1,99.74,99.74,99.68,4,105,8.1,0.7207,0,29.85,0.211084063757878
2017-05-10 21:00:00.000,11.6456430192329,9.18571031262009,25.9793061868421,0,28.6254164353137,27.9,29.3,27.8,70,71,65,21.9,22.3,21.8,99.8,99.8,99.74,3.2,98,6.6,0.0502,0,28.55,0.0707781636063688
2017-05-10 22:00:00.000,11.5591740097294,9.07451459763218,26.1033565916282,0,28.4376740947075,26.6,27.9,26.6,78,78,70,22.5,22.5,21.8,99.88,99.88,99.8,2.4,105,5.6,0,0,27.25,0.0362526106784553
2017-05-10 23:00:00.000,11.5175562336279,9.01321616666224,26.0053093884769,0,28.2504162042175,26.5,26.6,26.3,73,78,73,21.3,22.5,21.3,99.93,99.93,99.88,1.9,128,4.6,0,0,26.45,0.0371858007005926
2017-05-11 00:00:00.000,11.4939848829208,8.9817809503473,25.8084405019023,0,28.0627087973274,26.2,26.6,25.8,76,77,73,21.6,21.6,21.2,99.97,99.97,99.93,2.6,101,6.1,0,0,26.2,0.0402823016344987
2017-05-11 01:00:00.000,11.4534249356675,8.94949312498535,25.5840843324136,0,27.8756253474152,26.2,26.3,26,81,81,76,22.6,22.6,21.6,100,100,99.97,2.6,119,4.9,0,0,26.15,0.0318438052116627
2017-05-11 02:00:00.000,11.4704215104696,8.92595577121835,25.409386703607,0,27.7501737076153,26.3,26.3,26.1,82,83,81,23,23,22.6,99.99,100,99.98,3.2,114,7.3,0,0,26.2,0.0341664866389063
2017-05-11 03:00:00.000,11.4515460540541,8.90073647854508,25.294852692695,0,27.5628466444814,26.5,26.5,26.2,82,83,82,23.1,23.2,22.9,99.99,100,99.98,2.7,109,7.2,0,0,26.35,0.0310703711090117
2017-05-11 04:00:00.000,11.4532782008201,8.88753349824396,25.2250036183266,0,27.4376736111111,26.3,26.5,26.1,81,82,81,22.8,23.1,22.7,99.94,99.99,99.94,2.9,110,5.7,0,0,26.3,0.0341715170158505
2017-05-11 05:00:00.000,11.4124497052406,8.86595262271127,25.0896977060656,1,27.2503472222222,26.3,26.4,26.2,81,82,81,22.8,22.9,22.7,99.88,99.94,99.88,4.1,104,7.2,0,0,26.3,0.0656095630498503
2017-05-11 06:00:00.000,11.4276748997671,8.84619131446358,25.0040092169507,1,27.1252607788595,25.8,26.3,25.8,83,83,81,22.6,22.9,22.6,99.85,99.88,99.85,2.4,107,7.1,0,0,26.05,0.037189956674373
2017-05-11 07:00:00.000,11.0275087108571,8.98158466554266,25.1106492707099,1,27.0003462603878,26.1,26.1,25.8,81,83,81,22.6,22.6,22.4,99.85,99.86,99.84,3.2,120,5.5,0,0,25.95,0.0530644755173855
2017-05-11 08:00:00.000,10.6808318091791,9.01099129512731,25.2175925200153,0,26.9585412047302,26.3,26.5,26,76,81,76,21.7,22.5,21.7,99.84,99.86,99.84,3.4,124,8.3,0,0,26.25,0.0710031508190217
2017-05-11 09:00:00.000,10.3598453931559,9.03344420532723,25.3261261499734,0,27.0304138795987,26.6,26.6,26.1,73,77,73,21.4,21.8,21.3,99.9,99.9,99.84,4.3,132,9.6,0.0238,0,26.35,0.102813033421339
2017-05-11 10:00:00.000,10.1136079749689,9.07157157392734,25.4341279543542,0,27.2489612188366,27.4,27.5,26.5,67,75,67,20.8,21.8,20.8,99.97,99.97,99.9,4.9,127,9.6,0.393,0,27,0.228384807477221
2017-05-11 11:00:00.000,9.97524299854877,9.12245698345728,25.5418973600079,0,27.5738888888889,27.7,27.8,27.4,69,71,67,21.5,22,20.8,100.02,100.02,99.96,5.7,123,11.5,1.196,0,27.6,0.425164483355294
2017-05-11 12:00:00.000,9.95837274504888,9.18541599499526,25.6478710546112,0,28.0593243740795,28.7,28.8,27.7,66,70,64,21.6,21.9,21,100.03,100.05,100.02,5,128,11.5,1.924,0,28.25,0.618131087364226
2017-05-11 13:00:00.000,10.0420399887116,9.267374329555,25.7503940063206,0,28.6867973580663,29.3,29.7,28.6,65,68,61,22.1,22.6,20.9,100.04,100.04,100.03,4.9,116,9.8,2.62,0,29.15,0.808918155460089
2017-05-11 14:00:00.000,10.1362889234139,9.34761552739333,25.8494956817697,0,29.1988674217189,30.3,30.3,29.3,63,66,61,22.4,23.2,21.4,100.01,100.04,100.01,5.3,109,9.7,2.738,0,29.8,0.857057396883268
2017-05-11 15:00:00.000,10.238815522998,9.42556674682584,25.9445968946973,0,29.6854120267261,30.7,31.1,29.8,61,66,60,22.3,23.5,21.6,99.95,100.02,99.95,3.7,114,9.7,2.811,0,30.45,0.898451857001385
2017-05-11 16:00:00.000,10.3294528403425,9.46259467634271,26.0379449698572,0,29.936875,31.6,31.6,30.6,60,63,58,22.9,23.5,21.9,99.85,99.95,99.85,3.3,122,8.4,2.949,0,31.1,0.950585922317864
2017-05-11 17:00:00.000,10.4168424079364,9.47174326845752,26.1319206224729,0,30.0625,31.6,31.7,30.3,61,64,58,23.1,23.3,21.9,99.78,99.85,99.78,3.5,110,7.4,2.37,0,31,0.785585135849779
2017-05-11 18:00:00.000,10.4921257392445,9.4453769694641,26.2276105044125,0,30.0629180602007,31.4,32.1,31,61,63,58,23,23.6,22.3,99.73,99.78,99.73,3.6,110,7.6,2.24,0,31.55,0.524090661244156
2017-05-11 19:00:00.000,10.5676819520902,9.42825049214329,26.3236376063064,0,29.9378464523282,29.6,31.7,29.6,68,69,60,23.2,23.5,22.3,99.71,99.73,99.71,4.7,80,7.7,1.388,0,30.65,0.317519575555035
2017-05-11 20:00:00.000,10.6588796108658,9.37691912025185,26.4208083707401,0,29.750625,28.8,29.8,28.8,66,69,65,21.8,23.3,21.8,99.73,99.73,99.71,4.6,85,9,0.5653,0,29.3,0.178297010510279
2017-05-11 21:00:00.000,10.7053675667336,9.33183196278921,26.520392436874,0,29.516111381323,27.4,28.8,27.4,72,72,66,21.9,22,21.8,99.81,99.81,99.73,3.4,98,7,0.03256,0,28.1,0.064376807205164
2017-05-11 22:00:00.000,10.7492922225078,9.3019312425912,26.622332347364,0,29.2972397859922,26.8,27.4,26.8,73,73,71,21.6,21.9,21.6,99.9,99.9,99.81,3.6,103,6.3,0,0,27.1,0.0563980988111823
2017-05-11 23:00:00.000,10.7549922875023,9.25758214924754,26.7291127502913,0,29.0629855715871,26.2,26.8,26.2,78,78,73,22.2,22.2,21.6,99.97,99.97,99.9,2.5,118,6.2,0,0,26.5,0.0363767274509869
2017-05-12 00:00:00.000,10.7872630881031,9.21659500306905,26.8399354414347,0,28.812848189415,26.1,26.3,26.1,81,81,78,22.5,22.5,22.2,100.05,100.05,99.97,2.4,111,4.8,0,0,26.2,0.0303424082631647
2017-05-12 01:00:00.000,10.7911785439153,9.18826589898339,26.9558323818195,0,28.6256232686981,26.1,26.2,26.1,82,82,81,22.8,22.8,22.6,100.09,100.09,100.05,2.4,109,4.9,0,0,26.15,0.0287061670239605
2017-05-18 11:00:00.000,7.35685873116373,6.23624552929465,6.23624552929465,3,28.5643621343445,28.6,28.7,27.2,72,76,71,23.1,23.2,21.6,100.1,100.1,100.05,3.9,129,7.6,1.25,0,27.95,0.418028339104903
2017-05-18 12:00:00.000,10.0532416720161,45.9035495203991,14.3826994590203,3,28.686247291441,29.4,29.5,28.6,71,73,69,23.7,23.7,23,100.09,100.1,100.08,3.9,126,8.1,1.856,0,29.05,0.589525858067335
2017-05-18 13:00:00.000,9.67543732911977,42.8190157400777,14.6274412606337,3,28.8112116991643,30.3,31,28.7,65,73,63,23,24,22.9,100.09,100.1,100.08,5.1,112,8.3,2.167,0,29.85,0.704924548994332
2017-05-18 14:00:00.000,9.43319499150015,39.4995999225282,13.8223208325409,3,28.9041955617198,31.7,32.2,29.9,60,66,59,22.9,23.5,22.3,100.01,100.09,100.01,5.1,105,9.4,2.837,0,31.05,0.918018064922892
2017-05-18 15:00:00.000,9.67049275004748,36.0132958785636,14.0902715448829,3,29.1224233983287,26.8,31.9,26.8,75,79,59,22.1,23.2,22.1,100,100.03,100,5.1,124,10,1.367,0.2,29.35,0.453227249177169
2017-05-18 16:00:00.000,9.89375775796308,32.0636899392996,14.3245944150159,3,29.1497458050895,30.5,30.6,26.2,67,78,65,23.5,24.1,21.7,99.85,100,99.85,4.6,117,9.3,2.068,0,28.4,0.65157668821834
2017-05-18 17:00:00.000,10.0639359539708,27.754659881361,13.67373138762,3,29.1747485831759,29.1,31.4,29,73,73,62,23.7,24.1,22.8,99.79,99.85,99.79,2.7,134,9.3,1.899,0,30.2,0.60755846792436
2017-05-18 18:00:00.000,10.1833907571408,23.2194014165289,12.9547904049103,3,29.1263519134775,26.2,29.6,26.1,79,79,71,22.2,24,21.8,99.82,99.82,99.76,4.8,124,13.5,0.4779,0,27.85,0.124301355231716
2017-05-18 19:00:00.000,10.253399031441,18.7134321835021,13.0271998868427,3,28.9523551826072,27.3,27.3,25.7,72,81,72,21.9,22.7,21.9,99.8,99.82,99.78,4.1,106,9.1,0.2328,0,26.5,0.0977509039767404
2017-05-18 20:00:00.000,10.493123020421,14.8359443174401,12.9987281212278,3,28.7778195626651,27.5,27.6,26.3,75,80,72,22.7,23.1,21.8,99.8,99.81,99.79,3.8,101,6.9,0.3317,0,26.95,0.10806730697624
2017-05-18 21:00:00.000,10.7614047426511,12.4521870268772,12.9013688962561,3,28.603283942723,26.8,27.5,26.8,79,79,75,22.8,22.8,22.6,99.81,99.81,99.78,2.9,105,6.7,0.02503,0,27.15,0.0434589961973672
2017-05-18 22:00:00.000,11.0411607700264,11.5024540047432,12.7824161185479,3,28.4287483227808,26.8,26.9,26.7,81,81,79,23.2,23.2,22.8,99.87,99.87,99.8,3.3,109,6.8,0,0,26.8,0.0374275177276354
2017-05-18 23:00:00.000,11.3290016587077,11.1722296603026,12.6582624465593,3,28.2542127028387,26.4,26.8,26.4,82,82,81,23,23.2,23,99.93,99.93,99.87,2.7,115,6.4,0,0,26.6,0.0313108247447935
2017-05-19 00:00:00.000,11.622713764201,10.9874759923644,12.5331835868426,3,28.0796770828966,26.4,26.6,26.4,82,82,81,23.1,23.1,23,99.95,99.96,99.92,3.4,108,6.5,0,0,26.5,0.0357036908113622
2017-05-19 01:00:00.000,11.920213719809,10.815833143587,12.4082502423466,3,27.9051414629544,26.7,26.7,26.4,82,83,82,23.3,23.4,23.1,99.97,99.98,99.95,3.4,112,6.9,0,0,26.55,0.0357675475977646
2017-05-19 02:00:00.000,12.2196832763909,10.636504716773,12.2837898911938,3,27.7306058430123,26.6,26.8,26.5,82,82,81,23.2,23.3,23.1,99.95,99.97,99.94,3.6,103,7.9,0,0,26.65,0.0370306203661933
2017-05-19 03:00:00.000,12.5196993667865,10.4503959683087,12.1599429201447,3,27.5560702230702,26.4,26.6,26.3,83,83,82,23.3,23.4,23.2,99.92,99.95,99.92,3.3,107,6.9,0,0,26.45,0.0331023918476573
2017-05-19 04:00:00.000,12.8192641809759,10.2601786950269,12.0367864285648,3,27.381534603128,26.3,26.7,26.3,82,83,81,23,23.3,23,99.85,99.92,99.85,3.2,105,8.3,0,0,26.5,0.0344923445637754
2017-05-19 05:00:00.000,13.1177618943718,10.0676792503854,11.9143676159317,3,27.2069989831859,26.5,26.6,26.3,80,82,79,22.8,23.1,22.7,99.79,99.85,99.79,5.3,106,8.4,0,0,26.45,0.0847224067171216
2017-05-19 06:00:00.000,13.4148762288621,9.87402283206704,11.792716378304,3,27.0324633632437,26.3,26.7,26.3,82,82,80,22.9,23.1,22.8,99.76,99.79,99.75,3.4,110,8.3,0,0,26.5,0.0535379402632759
2017-05-19 07:00:00.000,13.7104982675777,9.67992166483971,11.6718515894312,3,26.8579277433016,26.3,26.5,26.2,82,82,81,22.9,23.1,22.9,99.8,99.8,99.76,2.8,121,6.3,0,0,26.35,0.0452875468684523
2017-05-19 08:00:00.000,14.0213015369699,9.50301997842604,11.5726276122399,3,26.7927510151347,26.2,26.3,26.1,82,82,81,22.9,22.9,22.7,99.84,99.84,99.8,3.2,116,6.8,0,0,26.2,0.0505624213499349
2017-05-19 09:00:00.000,13.9111644535427,9.41795991307234,11.6876001305168,3,26.8111352183651,26.3,26.5,26.2,81,83,80,22.8,23.1,22.6,99.85,99.85,99.83,3.9,112,7.8,0.01249,0,26.35,0.0661921124755806
2017-05-19 10:00:00.000,13.7918247495559,8.80193117800282,11.7416357305448,3,26.977422193405,27.3,27.4,26.3,78,82,78,23.1,23.4,22.8,99.89,99.89,99.85,4.7,114,9,0.3329,0,26.85,0.166642531137331
2017-05-19 11:00:00.000,13.7612780811659,9.19049654792007,11.9557531660401,3,27.1849305555556,28.4,28.7,27.3,74,78,73,23.3,23.8,23,99.96,99.96,99.89,4.2,115,9,0.9645,0,28,0.34034794745335
2017-05-19 12:00:00.000,13.760390619156,9.7301445183985,12.1937829953194,3,27.5740565546452,28.8,29.6,28.1,72,76,70,23.2,24.3,22.8,99.96,99.97,99.96,3.6,113,8,1.501,0,28.85,0.490065432091119
2017-05-19 13:00:00.000,13.7433453000045,10.0597463843613,12.498781833696,3,27.9646273087071,28.5,31.3,28.2,68,73,62,22,24.1,21.4,99.97,99.98,99.93,4,136,9.8,2.447,0,29.75,0.764751520830516
2017-05-19 14:00:00.000,13.7093502922494,10.1886812996459,12.868535195507,3,28.3551980627691,29.5,30.6,28.5,65,68,61,22.2,23.5,21.8,99.92,99.97,99.92,4.4,109,8.7,2.499,0,29.55,0.785859549033862
2017-05-19 15:00:00.000,13.6575198551164,10.2700827132669,12.9859958393846,3,28.745768816831,30.3,31.6,28.5,65,75,60,22.9,24.2,22.1,99.82,99.92,99.82,4.2,112,9.4,1.961,0,30.05,0.651783529846857
2017-05-19 16:00:00.000,13.5882130611702,10.2528724205631,13.4399214458546,0,28.873698278256,30.5,32.4,29.6,62,68,57,22.6,23.7,22.2,99.75,99.83,99.74,4.6,104,9.4,2.525,0,31,0.826874302146288
2017-05-19 17:00:00.000,13.5019519307215,10.3120507272531,13.6350496426324,0,28.8763194444444,31,32,28.9,60,69,57,22.2,23.4,21.6,99.71,99.77,99.71,5.5,101,9.4,2.232,0,30.45,0.75508928576376
2017-05-19 18:00:00.000,13.3944217061537,9.25815995267361,13.1041145246224,0,28.813784008884,29.6,31.8,29.6,65,66,60,22.4,23.4,21.5,99.7,99.71,99.68,5.5,92,9.3,2.069,0,30.7,0.421012719464121
2017-05-19 19:00:00.000,13.2623074140116,8.92740945718399,13.5189856237396,0,28.6479166666667,29,30.4,29,63,70,63,21.3,23.9,21.3,99.69,99.7,99.68,6.2,97,10.2,1.476,0,29.7,0.316724227924765
2017-05-19 20:00:00.000,13.0047819109371,8.88084768024608,13.8952329508713,0,28.4395833333333,28.3,29.4,28.3,72,72,63,22.7,22.7,21.1,99.72,99.72,99.69,5.4,89,10.2,0.4729,0,28.85,0.145559930657152
2017-05-19 21:00:00.000,12.9289719273851,8.87733975386045,14.0933915727836,0,28.25141966759,27.3,28.3,27.2,75,76,72,22.4,22.8,22.4,99.79,99.79,99.72,3.6,103,8.5,0.05569,0,27.75,0.062980156379331
2017-05-19 22:00:00.000,13.3676056046408,8.86204258065797,14.2472596240599,0,28.0714456622414,27.1,27.4,27.1,74,75,73,22.1,22.4,22.1,99.83,99.84,99.79,4.2,107,8.5,0,0,27.25,0.059206751781693
2017-05-19 23:00:00.000,13.7446508134217,8.83180652567524,14.3604097202971,0,27.8908343624576,26.8,27.1,26.8,76,76,74,22.3,22.3,22.1,99.9,99.9,99.83,2.7,122,8.8,0,0,26.95,0.042207176879682
2017-05-20 00:00:00.000,14.0764348998007,8.79771486191229,14.6849117428841,0,27.7102230626737,26.8,26.9,26.7,75,78,75,22.1,22.5,22,99.95,99.95,99.9,3.8,111,7.7,0,0,26.8,0.0532201248829864
2017-05-20 01:00:00.000,14.4539401473748,8.75886638212811,14.1253843923558,0,27.5296117628898,26.7,26.8,26.6,78,78,75,22.6,22.6,22.1,99.95,99.96,99.93,3.2,118,8.2,0,0,26.7,0.042458269534408
2017-05-20 02:00:00.000,14.8587953206643,8.71167222584087,13.7665686822342,0,27.37625,26.4,26.7,26.4,79,79,77,22.4,22.7,22.3,99.92,99.95,99.92,4.7,99,7.2,0,0,26.55,0.0492911202246241
2017-05-20 03:00:00.000,15.3121550576356,8.68085190995082,13.4331976014765,0,27.2512159533074,26.5,26.7,26.4,78,79,78,22.5,22.5,22.4,99.93,99.94,99.92,3.5,108,8.4,0,0,26.55,0.0444132093359123
2017-05-20 04:00:00.000,15.6841872462474,8.64868101916403,13.1009416670219,0,27.12625,26.4,26.7,26.4,79,80,77,22.4,22.8,22.3,99.85,99.93,99.85,4.4,116,9,0,0,26.55,0.0477336300640581
2017-05-20 05:00:00.000,15.6498074299839,8.62778361139885,13.3042681228599,0,27.00125,26.4,26.5,26.3,79,79,78,22.4,22.5,22.3,99.82,99.85,99.81,4.5,106,8.5,0,0,26.4,0.0782658812553673
2017-05-20 06:00:00.000,15.2912896187739,8.58364057547912,13.5581557357093,3,26.87625,26.4,26.5,26.3,80,80,79,22.8,22.8,22.4,99.82,99.82,99.8,3.9,103,8.5,0,0,26.4,0.0664640461360597
2017-05-20 07:00:00.000,14.960559989958,8.50322878537885,13.3989876479031,3,26.850767962513,26.1,26.5,26.1,81,81,80,22.6,22.8,22.6,99.83,99.83,99.82,3.4,116,7.3,0,0,26.3,0.0562733514004971
2017-05-20 08:00:00.000,14.7252082570404,8.72066579937521,13.1529324300547,3,26.9288658451926,26.3,26.3,26.1,79,81,79,22.4,22.7,22.4,99.88,99.88,99.83,4.4,101,7.1,0,0,26.2,0.0765301410187059
2017-05-20 09:00:00.000,14.545966973283,8.89966744296891,12.8743872641787,3,27.0069637278723,25.8,26.4,25.6,80,80,79,22.1,22.5,21.9,99.93,99.93,99.88,2.9,113,7.9,0.01011,0,26,0.0541165651734035
2017-05-20 10:00:00.000,14.402246751177,9.00250367662586,12.5945450365413,3,27.0850616105519,27.3,27.3,25.8,72,80,71,21.9,22.3,21.3,100.02,100.02,99.93,3.9,107,7.7,0.2702,0,26.55,0.161134351719329
2017-05-20 11:00:00.000,14.2548221390387,9.07463590132273,12.6488267490813,3,27.3389456491521,26.9,27.8,25.7,82,85,72,23.6,23.8,21.8,100.07,100.08,100.02,3.9,108,8.1,0.9195,0.2,26.75,0.291439126559291
2017-05-20 12:00:00.000,14.0902291495591,9.16696912916757,13.1162857120864,3,27.7919908307863,29,29.2,26.9,68,83,67,22.5,23.8,22.1,100.1,100.11,100.07,5.2,119,9.4,2.157,0,28.05,0.663775099470258
2017-05-20 13:00:00.000,13.9073753785525,9.25392909326635,12.8631235479835,3,28.2608710752987,30,30.5,28.4,63,69,63,22.3,23.3,21.6,100.08,100.11,100.08,4.9,127,9.5,2.468,0.2,29.45,0.783814006175531
2017-05-20 14:00:00.000,13.7058672939698,9.29564559177857,12.9828506078172,3,28.610237751361,29.9,31.8,29.9,64,66,59,22.2,23.6,21.8,100.06,100.08,100.05,4.2,127,9.3,2.943,0,30.85,0.927533276329276
2017-05-20 15:00:00.000,13.4851346251441,9.31774912929012,13.1961977018073,1,28.8352127541384,31.5,31.9,29.3,58,67,57,22.4,23.3,21.5,99.94,100.06,99.94,4.2,114,8.3,2.292,0,30.6,0.773615028415129
2017-05-20 16:00:00.000,13.2433293778503,9.21596558969035,13.3671240639546,0,29.0601877569159,31.1,31.7,28.6,65,75,58,23.7,25,21.8,99.84,99.94,99.84,3.1,119,9.6,1.822,0,30.15,0.609164550179441
2017-05-20 17:00:00.000,12.9555917018318,8.58062633660283,13.8076338681576,0,29.1243748263407,31.3,32.1,30.7,62,65,58,23.1,24,22.2,99.77,99.84,99.77,3.9,91,9.8,2.587,0,31.4,0.848340183071088
2017-05-20 18:00:00.000,12.5760211077283,8.48063005961953,13.6291240034567,0,28.9751189532117,30.8,31.3,28.9,65,75,62,23.5,24,22.9,99.74,99.77,99.74,3.5,107,7.4,0.964,0,30.1,0.259519313636615
2017-05-20 19:00:00.000,12.8744753451245,8.50720300763971,13.2196346985776,0,28.7966891356067,29.7,31.5,29.7,67,67,61,22.8,24,22.4,99.77,99.77,99.73,4.7,108,8.6,1.351,0,30.6,0.313540707640037
2017-05-20 20:00:00.000,13.1845425609932,8.53136794023267,13.569023879274,0,28.6113313856427,28.9,30.1,28.6,69,71,67,22.7,23.7,22.7,99.83,99.83,99.77,3.7,103,8.6,0.4417,0,29.35,0.149770437979861
2017-05-20 21:00:00.000,13.5344469165021,8.52213800598679,13.2158815867158,0,28.3775513746182,27.6,28.9,27.6,75,75,69,22.7,22.7,22.4,99.87,99.87,99.83,4.2,98,10.4,0.05496,0,28.25,0.0679380737303462
2017-05-20 22:00:00.000,13.9614122914261,8.51636242540227,13.6184601009606,0,28.2000532456709,26.9,27.6,26.9,78,78,75,22.6,22.7,22.5,99.92,99.92,99.87,2.8,120,6.9,0,0,27.25,0.0399406300143287
2017-05-20 23:00:00.000,14.4091262129432,8.47259180616695,14.0427965212392,0,27.9917006204278,26.9,26.9,26.7,79,79,78,22.9,22.9,22.6,99.98,99.98,99.92,3.3,110,5.8,0,0,26.8,0.0413867401889416
2017-05-21 00:00:00.000,14.1948728923987,8.47032212644582,14.413715660907,0,27.7833479951847,26.9,27.1,26.8,77,79,77,22.5,23,22.5,100.03,100.03,99.98,4.2,111,7.9,0,0,26.95,0.0518591489561798
2017-05-21 01:00:00.000,14.0704251121155,8.44503441217873,14.6867780409314,0,27.5949833240689,27,27,26.8,77,77,76,22.7,22.7,22.4,100.03,100.05,100.03,3.7,117,8.3,0,0,26.9,0.0484539864490258
2017-05-21 02:00:00.000,14.1257397206387,8.42821562280893,14.6582369895625,0,27.4599925912206,26.8,27.1,26.8,79,79,77,22.8,22.9,22.7,100.04,100.05,100.03,3.4,111,8.4,0,0,26.95,0.0423104119486969
2017-05-21 03:00:00.000,13.7873431891027,8.41426391826776,14.6310182532326,0,27.2932950546397,26.8,27,26.8,78,79,78,22.7,22.8,22.7,100.02,100.04,100.02,3.5,116,7.4,0,0,26.9,0.0449642660030977
2017-05-21 04:00:00.000,13.9643996503925,8.39755042910493,14.6698181495639,0,27.1574909747292,26.7,26.8,26.7,78,78,78,22.5,22.7,22.5,99.95,100.02,99.95,4.2,107,8.6,0,0,26.75,0.0492353063403739
2017-05-21 05:00:00.000,13.563843133053,8.39501356768472,14.5849663449958,0,27.0424962956103,26.6,26.8,26.6,76,78,76,22.2,22.5,22.1,99.91,99.95,99.9,3.8,113,8.9,0,0,26.7,0.0786927547288956
2017-05-21 06:00:00.000,13.6294928365174,8.74004575357978,14.5775071396302,1,26.9591475273199,26.1,26.6,26.1,77,77,76,21.7,22.2,21.7,99.89,99.91,99.88,3.7,116,9.9,0,0,26.35,0.0731623643628283
2017-05-21 07:00:00.000,14.1090496997553,8.73200753507183,14.040795243934,0,26.7987749861188,26,26.2,25.8,77,78,76,21.7,21.8,21.5,99.9,99.9,99.89,3.2,111,7.6,0,0,26,0.064331398908664
2017-05-21 08:00:00.000,13.6667716223031,8.73836963572265,13.7287928711325,0,26.8054914981107,26.1,26.2,25.7,75,78,74,21.2,21.7,21.2,99.94,99.94,99.9,2.4,114,6.9,0,0,25.95,0.0546029749985173
2017-05-21 09:00:00.000,13.4021239601011,8.74010296507364,13.5875980338187,0,26.8805081684819,25.8,26.2,25.4,77,78,74,21.5,21.5,21.1,99.96,99.96,99.94,2.8,117,6.4,0.01451,0,25.8,0.0609918372093405
2017-05-21 10:00:00.000,13.1238728446143,8.76708055949645,13.1771559286249,0,27.0576388888889,26.9,26.9,25.9,73,77,73,21.6,21.8,21.4,100.02,100.03,99.96,4.7,129,9.7,0.2684,0,26.4,0.1687478835778
2017-05-21 11:00:00.000,12.8228714577478,8.84517047704036,13.1617499312677,0,27.5576388888889,28.2,28.4,26.9,67,73,66,21.4,21.8,21,100.1,100.1,100.02,4.6,117,9.7,1.289,0,27.65,0.448438648116098
2017-05-21 12:00:00.000,12.4963631037757,8.90098712743275,13.3001029758969,0,28.0576388888889,29.2,29.6,28.2,62,68,62,21.3,22.4,21.3,100.11,100.12,100.1,4.5,116,11.5,2.056,0,28.9,0.674546008235638
2017-05-21 13:00:00.000,12.1396704942209,8.97971952752369,13.4831954481881,0,28.6177083333333,30.1,30.8,29.2,58,64,57,20.9,22.5,20.7,100.09,100.12,100.09,5.7,113,11.5,2.785,0,30,0.895536916976736
2017-05-21 14:00:00.000,11.7474302909235,8.80723402441592,13.705007479266,0,29.3376736111111,32,32,29.6,54,61,53,21.4,22.1,20.9,100.04,100.1,100.04,5.4,105,11.5,3.01,0,30.8,0.986224341364798
2017-05-21 15:00:00.000,11.3195451897137,8.8556389583663,13.8745604552158,0,29.8511130069042,31.9,32.3,30.2,53,60,52,21.1,22.3,20.6,99.95,100.04,99.95,5.4,106,11.2,2.802,0,31.25,0.946447537966759
2017-05-21 16:00:00.000,10.8568895375668,8.8404787789294,13.9701441784965,0,30.0118145385287,32,32.9,30.7,52,56,50,21,22.2,20.4,99.88,99.95,99.88,5.3,115,9.9,2.338,0,31.8,0.839939312322681
2017-05-21 17:00:00.000,10.3926773886247,8.84635176937247,14.4159697960048,0,30.1725160701532,32.1,33.4,31,53,56,49,21.2,22,20.4,99.8,99.88,99.8,4.6,119,9.3,2.352,0,32.2,0.837102353121336
2017-05-21 18:00:00.000,10.8459184282719,8.84733969985026,14.1563318891196,0,30.3332176017776,31.9,32.3,31.5,50,55,49,20.3,21.7,19.9,99.8,99.8,99.78,4.8,106,9.8,2.074,0,31.9,0.496640637176803
2017-05-21 19:00:00.000,11.2769047299369,8.81754323057181,14.0003256659428,0,30.23625,30.6,31.9,30.6,50,51,49,19.1,20.3,18.9,99.79,99.8,99.77,5.3,101,9.8,1.488,0,31.25,0.38413098900745
2017-05-21 20:00:00.000,11.6788354653238,8.77645750182405,13.8733705286545,0,30.0025,29.3,30.7,29.3,57,57,50,19.9,19.9,19,99.83,99.83,99.79,4.9,104,9.5,0.535,0,30,0.201911584396248
2017-05-21 21:00:00.000,12.0509645880522,8.72979237772576,13.7578894876686,0,29.7524666481379,27.5,29.3,27.5,69,69,57,21.4,21.4,19.8,99.87,99.87,99.82,3.7,99,9.5,0.04606,0,28.4,0.0766753797077519
2017-05-21 22:00:00.000,12.3936293336706,8.68298362885537,13.6471155858426,0,29.5024305555556,26.8,27.5,26.8,73,74,69,21.6,21.8,21.5,99.92,99.92,99.87,2.7,98,6.2,0,0,27.15,0.0477868920779487
2017-05-21 23:00:00.000,12.7082872219999,8.63649787691096,13.5387825488465,0,29.2524305555556,27,27.1,26.8,69,73,69,20.9,21.7,20.9,99.97,99.97,99.92,4.2,110,7.1,0,0,26.95,0.0698810100915937
2017-05-22 00:00:00.000,12.9970713981818,8.59035296088975,13.4321197649005,0,29.0024305555556,26.9,27.2,26.9,71,71,68,21.1,21.1,20.8,100.03,100.03,99.97,4.3,110,8.7,0,0,27.05,0.0664048648716031
2017-05-22 01:00:00.000,13.3151828581331,8.5066436557613,13.7133832087831,0,28.5751446759259,26.6,26.9,26.5,75,75,71,21.9,21.9,21.2,100.06,100.06,100.03,4.3,110,8.5,0,0,26.7,0.0565347480150226
2017-05-22 02:00:00.000,13.6806588560025,8.48433588036977,13.8665533718643,0,28.3459780092593,26.5,26.7,26.4,76,77,75,22,22.2,21.9,100.05,100.07,100.05,4.6,105,9,0,0,26.55,0.0557836671032706
2017-05-22 03:00:00.000,14.0951271116912,8.45252157842652,13.6920663998319,1,28.1168113425926,26.2,26.5,26.2,74,76,74,21.3,22,21.3,100.02,100.06,100.02,3.4,118,8.5,0,0,26.35,0.0513234409810944
2017-05-22 04:00:00.000,14.5595837111691,8.4249152318433,13.8193212021163,1,27.8774305555556,26,26.4,26,75,75,74,21.3,21.5,21.3,99.92,100.02,99.92,4.2,111,9.6,0,0,26.2,0.0548418387421506
2017-05-22 05:00:00.000,15.0443562924763,8.37938588903648,14.0498263418605,1,27.6274305555556,25.9,26.1,25.8,76,77,74,21.3,21.5,21.1,99.84,99.92,99.84,4.2,117,8.4,0,0,25.95,0.0837413474323866
2017-05-22 06:00:00.000,14.9817114252081,8.36753892741683,14.4061170720236,1,27.4399305555556,26.1,26.2,25.8,73,76,72,20.8,21.2,20.7,99.82,99.84,99.81,5,113,9.6,0,0,26,0.108129129515253
2017-05-22 07:00:00.000,15.5217563523616,8.58791708753482,13.9317702246414,2,27.2512152777778,26.3,26.6,25.9,67,73,65,19.6,20.8,19.5,99.81,99.82,99.8,4.9,127,10,0,0,26.25,0.130951361753753
2017-05-22 08:00:00.000,15.136818091211,8.57278141069479,14.0394446912533,0,27.1262152777778,26.3,26.4,26.1,63,67,63,18.7,19.7,18.7,99.89,99.89,99.81,5.8,126,11.4,0,0,26.25,0.166946320318725
2017-05-22 09:00:00.000,14.8699378433383,8.57613647512881,13.6739411336578,0,27.1237847222222,26.4,26.4,26,59,63,58,17.7,18.6,17.3,99.94,99.94,99.89,5.9,123,10.6,0.014,0,26.2,0.190327033163725
2017-05-22 10:00:00.000,14.5878630897911,8.60547741314795,13.5554660245335,0,27.4342899777901,26.8,26.8,26.3,59,59,56,18.1,18.2,17.1,100.04,100.04,99.94,5.8,128,10.9,0.3338,0,26.55,0.263219552457125
2017-05-22 11:00:00.000,14.2877093500459,8.69417571055766,13.6561067622552,0,27.962210109707,27.7,27.9,26.8,62,62,59,19.7,19.7,18.1,100.1,100.11,100.04,5.8,129,10.4,1.261,0,27.35,0.471099395067928
2017-05-22 12:00:00.000,13.9654517706777,8.79647928032938,13.842660079907,0,28.649614636856,29.1,29.1,27.7,59,62,58,20.1,20.5,19.5,100.15,100.15,100.1,5.6,120,10.8,2.113,0,28.4,0.699352723513909
2017-05-22 13:00:00.000,13.6173771395617,8.91926022202432,14.0532729602589,0,29.428754858412,29.9,30.1,28.7,59,61,58,21,21.6,19.9,100.15,100.16,100.14,4.4,119,11.5,2.685,0,29.4,0.854946216780549
2017-05-22 14:00:00.000,13.2399989354791,9.03183343280585,14.2521072308642,0,30.1802063073076,30.8,31.3,29.8,55,60,54,20.7,21.2,20.2,100.13,100.15,100.11,4.9,127,10.7,3.138,0,30.55,1.00906453097443
2017-05-22 15:00:00.000,12.8335270721297,9.07748779155149,14.3667808130257,0,30.4880723297889,32.4,32.8,30.6,48,55,47,20.1,21.4,20,100.04,100.13,100.03,4.8,103,9.2,3.275,0,31.7,1.09831111260716
2017-05-22 16:00:00.000,12.3933335134767,8.79909566924704,14.507229176626,0,30.7915955800667,32.5,32.8,31.8,46,52,44,19.6,21.3,18.1,99.93,100.04,99.93,5.3,117,9.8,3.136,0,32.3,1.08660460304867
2017-05-22 17:00:00.000,11.8678318700523,8.9140884936981,14.0856535213579,0,31.0951188303444,32.6,33.1,32,45,48,43,19.1,19.9,18.5,99.85,99.94,99.85,5.9,104,10.8,2.85,0,32.55,1.02859654445516
2017-05-22 18:00:00.000,11.5870179676032,8.93124192358697,13.6191945123197,0,31.1377615982961,31.8,32.8,31.6,47,48,45,19.1,19.9,18.8,99.79,99.85,99.79,5.7,114,10.8,2.252,0,32.2,0.522495694722311
2017-05-22 19:00:00.000,12.1088693859907,8.83963127878625,13.1991034334627,0,30.9085737105287,30.9,32,30.9,52,53,47,20.1,20.4,18.9,99.78,99.79,99.78,5.1,98,10,1.49,0,31.45,0.382945187991486
2017-05-22 20:00:00.000,12.5248469037358,8.78565462923653,12.8193100266346,0,30.6793858227614,29.3,31,29.3,60,60,52,20.7,20.9,20,99.83,99.83,99.78,4.7,101,8.5,0.5082,0,30.15,0.189868935024901
2017-05-22 21:00:00.000,12.8711028771695,8.7358924147733,12.6618307363251,0,30.44,27.7,29.3,27.7,64,64,60,20.2,20.8,20.2,99.87,99.87,99.83,2.7,117,8,0.04531,0,28.5,0.0753872204288326
2017-05-22 22:00:00.000,13.2030175199262,8.67961236008502,12.455612592196,0,30.1274305555556,26.7,27.7,26.7,69,69,64,20.5,20.6,20.1,99.94,99.94,99.87,2.6,96,5.4,0,0,27.2,0.0536831737356915
2017-05-22 23:00:00.000,13.5859815351181,8.63492322142769,12.7269097304947,0,29.8494081221655,26,26.7,26,72,72,69,20.6,20.8,20.5,100.02,100.02,99.94,2.2,97,4.6,0,0,26.35,0.0424590697552667
2017-05-23 00:00:00.000,14.0288290777045,8.59074155991143,13.0839077120736,0,29.5711105737211,26.1,26.3,25.9,73,73,70,21,21,20.3,100.1,100.1,100.02,3.1,118,5.5,0,0,26.1,0.0501848064309279
2017-05-23 01:00:00.000,14.5177331706448,8.54698338904358,13.4528085154406,1,29.2928130252767,25.9,26.1,25.9,78,78,73,21.9,21.9,21,100.1,100.11,100.09,3,114,6.4,0,0,26,0.0399909038227906
2017-05-23 02:00:00.000,14.9423287690186,8.50364295640163,13.8257804175139,1,29.0145154768323,26.2,26.3,25.9,77,79,77,21.9,22,21.9,100.09,100.1,100.09,3,117,6.4,0,0,26.1,0.041946397503748
2017-05-23 03:00:00.000,15.0383424578708,8.46071658167405,14.2008871035734,1,28.7362179283879,26,26.2,26,79,79,77,22.2,22.2,21.9,100.05,100.09,100.05,2.8,114,6.7,0,0,26.1,0.0367651174032682
2017-05-23 04:00:00.000,14.807813896215,8.41820043724175,14.5764688294539,1,28.4579203799435,26.2,26.2,26,80,80,79,22.4,22.4,22.2,99.99,100.05,99.99,3.4,108,8.1,0,0,26.1,0.0391372220335516
2017-05-23 05:00:00.000,14.3737133305889,8.38228932817317,14.9458160628088,1,28.1796228314992,26,26.3,26,79,80,79,22.2,22.4,22.2,99.98,99.99,99.98,3.4,115,7.1,0,0,26.15,0.0620358544268231
2017-05-23 06:00:00.000,14.0002816048969,8.34828534614791,15.1485988198868,2,27.9013252830548,25.7,26,25.7,79,80,79,21.8,22.2,21.8,99.95,99.98,99.95,3.6,114,8,0,0,25.85,0.0645590870932105
2017-05-23 07:00:00.000,14.5821802545315,8.49263072939502,14.7047496532065,2,27.6486587183309,25.4,25.7,25.3,79,80,79,21.5,21.8,21.4,99.96,99.97,99.93,3.3,103,6.7,0,0,25.5,0.0595795401408996
2017-05-23 08:00:00.000,14.0088369454901,8.4696134064032,15.0313938638619,0,27.480998509687,25.4,25.7,25.2,76,79,76,20.9,21.5,20.9,100.02,100.02,99.96,3.1,125,6.7,0,0,25.45,0.0645712933565857
2017-05-23 09:00:00.000,13.6219597131987,8.4723148972599,14.8245376172219,0,27.5298897976157,25.6,25.6,25.1,76,78,76,21.1,21.1,20.9,100.09,100.09,100.02,3.2,131,6.5,0.01321,0,25.35,0.0695248353041975
2017-05-23 10:00:00.000,13.2230737779881,8.48883344002179,14.391262858424,0,27.654647213751,27,27,25.5,70,76,70,21.2,21.2,20.9,100.15,100.15,100.09,3.1,131,7.3,0.348,0,26.25,0.172334198863451
