when,d15cm_modulo1,d45cm_modulo1,d75cm_modulo1,d15cm_modulo2,d45cm_modulo2,d75cm_modulo2,d15cm_modulo3,d45cm_modulo3,d75cm_modulo3,d15cm_modulo4,d45cm_modulo4,d75cm_modulo4,wetness_modulo5,temperature_modulo5
2017-04-25 16:00:00.000,1214.55230521045,660.848802086991,752.744191666081,847.519645598655,844.096525009323,1163.67340441999,724.418917882863,823.791153284165,604,556.670805107631,1398,777.012415322892,1023,27.6875
2017-04-25 17:00:00.000,1169.82064235219,590.700725236339,755.779979278962,813.995622763833,812.262581246244,1145.12691338696,699.982547082108,798.31781962854,597.670545092865,543.728564341634,1397.58571507315,763.899994487938,1023,27.875
2017-04-25 18:00:00.000,1128.23391734743,530.136221669454,752.380460864404,793.239051341459,788.239051341458,1135.29478996676,682.822768536349,779.469742818165,599.059077154551,531.449769271124,1392.0414743926,754.224884635562,1023,28.0625
2017-04-25 19:00:00.000,1094.49494307946,484.989886158928,753.149494307946,779.522835041167,772.614175205836,1163.22835041167,667.208197637338,762.829017401071,604.620819763734,519.807996318659,1379.40685398742,746.802284662474,1023,28.2678506575689
2017-04-25 20:00:00.000,1075.50796864322,448.625499658312,752.796812542711,777.533594394179,756.134377576716,1137.26875515343,657.169848690203,746.679394760814,605.660302619593,509.329121553482,1363.10549540464,738.329121553482,1023,28.4375
2017-04-25 21:00:00.000,1059.13575429542,416.633520045314,744.090502863616,781.478901042185,743.281648436723,1118.32384635235,655,730.400015365398,607.620004609619,509.272722256412,1343.00002758973,730.727277743588,1023,28.625
2017-04-25 22:00:00.000,1042.08351091962,387.78287160898,736.983297816075,785.003374535421,731.498312732289,1099.74915636614,657.5097414157,718.922068674403,607,508.013102215881,1331.34206814392,725.00655110794,1023,28.6875
2017-04-25 23:00:00.000,1028.23881295836,360.522374083279,732.079604319453,786.526344622182,724.473655377818,1084.94731075564,659,708.196485445554,608.560702910889,502.838424011837,1323.22561600789,715.306404001973,1023,28.75
2017-04-26 00:00:00.000,1026.14360141913,345.714800982474,729.000400764147,791.724330684179,722,1082.34598410508,660.611803027946,698.164590916163,607.670818167675,501.72304336649,1315.21565306808,709.55391326702,1023,28.8125
2017-04-26 01:00:00.000,1009.75797016596,326.550965193621,721.58599005532,790,716.843488067162,1072.13261605037,661.664087312222,689.007738063335,603.328174624444,501.50658963111,1311.49341036889,704.493410368889,1023,28.75
2017-04-26 02:00:00.000,998.82716893432,314.64198058395,719.82716893432,792.606063793127,712.696968103437,1067.09090431031,663.717107450601,681.848677648197,602.697355296394,496.431812706872,1303.86362541374,694.647719060307,1023,28.7453591745856
2017-04-26 03:00:00.000,997.653703519931,305.317129399914,711.663425879983,794.682827478005,712.36565495601,1059.46261982404,664.229791279246,676.148956396232,606.310626162261,493.63038651745,1303.2607730349,688.36961348255,1023,28.6875
2017-04-26 04:00:00.000,990.7861981379,291.589648603425,708.39309906895,793.668464151754,708,1051.67924906228,665.175850263096,670.879251315481,603,497.232117497508,1300.307153001,682.614306001994,1023,28.5800070413238
2017-04-26 05:00:00.000,974.599476234048,284.066317489365,703.599476234048,797.963010022105,705,1049.30867334807,667,668.244705597811,604.632941603283,497.265089186069,1291.12248513566,677.24497027131,1023,28.5
2017-04-26 06:00:00.000,978.275499643153,279.403785561351,698.743428163603,795.120852424272,704.840639318204,1045.04117208337,665.137387970723,663.274775941445,594.343469926807,498.908679807786,1265.45660096107,667.456600961069,1023,28.4375
2017-04-26 07:00:00.000,966.609190495045,272.011488118806,692.804595247522,793.872013114174,701.74880524567,1035.99522098268,666.985427627994,663,597.970855255988,506.820564133821,1262.94018804461,660.299059776965,1023,28.3407309450047
2017-04-26 08:00:00.000,970.017378627124,268.336229771187,692.008689313562,797.389315045183,701.221369909634,1034.22136990963,668.360090376889,658.919728869332,599.360090376889,502,1271.02777280705,655.138864035234,1023,28.25
2017-04-26 09:00:00.000,967.919550201799,262.810337348651,687.540224899101,798.595841559454,700.595841559454,1030.21247532164,667.094753676816,655.620985292734,599.094753676816,506,1272.10276439528,647.977659914069,1023,28.1875
2017-04-26 10:00:00.000,956.635381670643,258.423587780429,684.211793890214,795.92760192592,699.171040770368,1025.92760192592,668,652.426491971924,603.431344037435,462.716005369242,1297,640.842225205134,1023,28.0625
2017-04-26 11:00:00.000,939.20220073645,257.505610642597,680.337073761732,785.507173833117,699.246413083441,1026.07735513907,663.289975789976,650,599.644987894988,450.698071257665,1291.94967854294,632.798714171777,1023,28
2017-04-26 12:00:00.000,918.529063250963,257.603202561778,675.396797438223,769.362220350649,698.409444912338,1022,659.180045351474,648.204988662132,602.590022675737,436.936587395552,1287.19023781335,623.936587395552,1023,27.9375
2017-04-26 13:00:00.000,899.964857442487,256,673.192971488497,769.202882270808,697,1017.00480378468,651,645.230559477085,601.230559477085,432.075034506161,1285.62482746919,622.549792963031,1023,27.875
2017-04-26 14:00:00.000,873.248195382588,250.390061057059,672.078012211412,759.59461040685,695.864870135617,1016.86487013562,647.517452126095,646.482547873905,604.758726063048,433.681851565445,1279,615.159074217278,1023,27.900050670494
2017-04-26 15:00:00.000,864.601500543456,251.866333212565,672,745.91593562077,693.61062374718,1019.95796781039,639.275426068084,644.483049287944,600.483049287944,427.236545254219,1272.44806107349,614.763454745781,1023,27.9399047081369
2017-04-26 16:00:00.000,843.197729771789,246.148297328842,669.098864885895,739.64905102118,688.026423468229,1011.70189795764,631.990763151173,642.738453938966,603.747690787793,427.08144707707,1261.42987046051,607.837105845859,1023,28.053460808257
2017-04-26 17:00:00.000,835,248.009727784523,666.038911138092,746.84749780976,683.316388645529,1012.2147205187,623.59831454022,633.719662908044,604.878651632176,432.562593305384,1248.0937655509,604.093765550897,1023,28.25
2017-04-26 18:00:00.000,822.760350788814,245.023964921119,663.928105236644,754.43692047426,681,1008.21846023713,618.388753425909,632.694376712955,602.083130138864,440.103263947494,1241.07062447255,601.586944210024,1023,28.4234240902293
2017-04-26 19:00:00.000,812,242.07552626377,660.54684241738,768.051627708228,675.084511687532,1007.22065108329,614.655147966508,628,605.344852033492,446.366753661012,1226,593.755497559325,1023,28.6470800034693
2017-04-26 20:00:00.000,816.470684768014,242.132328807996,656.470684768014,784.933649894111,669.377566737259,1005.51026694904,614,626.827045080252,603.781969946499,456.023053888845,1221.26924722225,588.438451666648,1000,28.8125
2017-04-26 21:00:00.000,817.385499122256,241.192749561128,654.843502633232,803.20644921916,665,998,613.559270130403,620.559270130403,604.118540260806,470.214883890795,1208.95867095075,588.479335475373,1004,28.9375
2017-04-26 22:00:00.000,812.488406139369,237,650.744203069685,825.329089449223,664.334182110155,997.665817889845,614.506440459056,621.025761836223,601.532202295278,482.01475442472,1197.98524557528,586.594098230112,1023,29
2017-04-26 23:00:00.000,808.597436653018,237.319487330604,645.680512669396,841.767734135324,660.345966766915,993.383867067662,616.357181821709,618.357181821709,601.90478788114,493.166879966699,1193.13299205328,582.53324801332,1023,29
2017-04-27 00:00:00.000,813.316016946189,239.233147698911,641.233147698911,860.232779246172,661.922406917943,998.204011529905,615.39808055352,616.39808055352,600.79616110704,498.627558330042,1184.36718505434,580.329828922924,1023,29
2017-04-27 01:00:00.000,809.895875974044,236.895875974044,641.552062012978,873.98249736487,661.118436511826,995.745624341218,617.343304134164,614.343304134164,602.029912402492,501.242311717141,1180.13743692815,579.25316576353,1023,29
2017-04-27 02:00:00.000,807.513443749616,237.513443749616,636.973112500768,891.161547247759,661.612817584081,992.676905504483,618.28766995764,614.57533991528,601.28766995764,503.85706510424,1175.90768880196,578.176502604136,1023,28.911788311003
2017-04-27 03:00:00.000,807.783627966566,236.681612429585,634.840806214792,902.206136280437,659.804090853625,991.185682012312,620,613.305772405559,602.537181603706,506.471818491339,1171.67794067577,577.099839444743,1023,28.8328519369449
2017-04-27 04:00:00.000,808.476347745916,237.646236036298,635.061291891107,916.337811332921,662.417226416615,990.417226416615,620,611.524175050089,601,509.086571878438,1167.44819254958,576.023176285349,1023,28.75
2017-04-27 05:00:00.000,805.159577356688,238,630.723405830921,924.458672407559,662.432334050945,990.729336203779,622.882002276197,611,606.764004552394,511.701325265537,1163.2184444234,574.946513125955,1023,28.6875
2017-04-27 06:00:00.000,799.323095700378,239.220515950063,626.661547850189,939.027895504934,663.895087889985,991.790175779971,621.183311859168,610.061103953056,602.183311859168,514.316078652636,1158.98869629721,573.869849966561,1023,28.5625
2017-04-27 07:00:00.000,797.692550561224,240,625.461604698516,947.388349976517,664.925566651011,986.925566651011,623.995729891956,612.991459783912,604.008540216088,516.930832039735,1154.75894817102,572.793186807168,1023,28.5
2017-04-27 08:00:00.000,796.349167132592,241,624.087291783148,956.868504069692,663.868504069692,989.215092151,626.052679363178,612,608,519.545585426834,1150.52920004483,571.716523647774,1023,28.375
2017-04-27 09:00:00.000,849.669217519671,242.958652189959,623.979326094979,965.944542302777,665.506932212153,994.506932212153,624.672064999181,613.10931166694,604.10931166694,522.160338813933,1146.29945191864,570.63986048838,1023,28.2670308072523
2017-04-27 10:00:00.000,868.197108133977,242.039421626795,624.960578373205,970.487216583554,668.495738861185,1011.62357302564,626.19843352985,614.51906011791,607.67937341194,524.775092201032,1142.06970379245,569.563197328987,1023,28.1875
2017-04-27 11:00:00.000,873.133169107582,241.174333708859,624.651332582282,969,667.963903884182,1034.96390388418,622,613.201242613809,608,527.389845588131,1137.83995566626,568.486534169593,1023,28.125
2017-04-27 12:00:00.000,891.008562423223,243.855919653825,621,971.548467304711,667.548467304711,1037.1292461459,620.751958515393,612,608.751958515393,530.00459897523,1133.61020754007,567.409871010199,1023,28
2017-04-27 13:00:00.000,902.82133302368,245.595259328071,618.607111007893,980.573605265082,669.049070176721,1046.04907017672,614.814832822041,617.833313075204,611.888875383469,550.705137986241,1117.81633386699,570.589724027519,832.636784823009,26.2082784170075
2017-04-27 14:00:00.000,921.692201184791,244.25873641749,620.293682087452,987.124175066926,756.39764259095,1002.86127982782,662.68782905253,649.805873293251,614.397513988352,567.106060239308,1136.33237890141,562.484251873206,888.239701866103,26.6903853002401
2017-04-27 15:00:00.000,939.561034714928,245.780517357464,620.097413212678,991.399002352659,892.710719993609,832.104734109565,983.072445031143,797.836075469921,622.737243688446,745.603310163568,1139.14335921517,608.865427050376,889.048894927992,26.7001255870962
2017-04-27 16:00:00.000,952.072157426461,244.24584918619,621.660493980975,978.374630991468,819.171589105581,733.680152893707,1058.64030673643,801.270102744076,620.760694471487,778.810351279552,1139.89509006348,632.695424391476,889.858087989882,26.7098658739523
2017-04-27 17:00:00.000,958.851723516357,245.050204484992,620.549717615964,975.367474936407,815.188083681993,746.567964558258,1066.84140758271,797.620809066066,649.562646725885,778.534954252163,1138.29060303434,642.418136836667,890.667281051771,26.7196061608084
2017-04-27 18:00:00.000,965.631289606253,245.854559783793,619.438941250953,972.360318881345,811.204578258405,759.455776222808,1075.04250842899,793.971515388057,678.364598980284,778.259557224775,1136.68611600521,652.140849281859,891.476474113661,26.7293464476644
2017-04-27 19:00:00.000,972.410855696148,246.658915082594,618.328164885942,969.353162826283,807.221072834817,772.343587887358,1083.24360927527,790.322221710047,707.166551234683,777.984160197386,1135.08162897608,661.863561727051,892.28566717555,26.7390867345205
2017-04-27 20:00:00.000,979.190421786044,247.463270381395,617.217388520931,966.346006771222,803.237567411228,785.231399551908,1091.44471012155,786.672928032037,735.968503489081,777.708763169998,1133.47714194695,671.586274172242,893.09486023744,26.7488270213766
2017-04-27 21:00:00.000,985.96998787594,248.267625680196,616.106612155919,963.33885071616,799.25406198764,798.119211216458,1099.64581096783,783.023634354028,764.77045574348,777.43336614261,1131.87265491781,681.308986617434,893.904053299329,26.7585673082327
2017-04-27 22:00:00.000,992.749553965836,249.071980978997,614.995835790908,960.331694661098,795.270556564052,811.007022881008,1107.84691181411,779.374340676018,793.572407997878,777.157969115221,1130.26816788868,691.031699062626,894.713246361219,26.7683075950887
2017-04-27 23:00:00.000,999.529120055731,249.876336277799,613.885059425897,957.324538606036,791.287051140464,823.894834545558,1116.04801266039,775.725046998008,822.374360252277,776.882572087833,1128.66368085955,700.754411507817,895.522439423108,26.7780478819448
2017-04-28 00:00:00.000,1006.30868614563,250.6806915766,612.774283060886,954.317382550975,787.303545716876,836.782646210108,1124.24911350667,772.075753319999,851.176312506675,776.607175060444,1127.05919383041,710.477123953009,896.331632484998,26.7877881688009
2017-04-28 01:00:00.000,1013.08825223552,251.485046875401,611.663506695875,951.310226495913,783.320040293288,849.670457874658,1132.45021435295,768.426459641989,879.978264761074,776.331778033056,1125.45470680128,720.199836398201,897.140825546887,26.797528455657
2017-04-28 02:00:00.000,1019.86781832542,252.289402174202,610.552730330864,948.303070440851,779.336534869699,862.558269539208,1140.65131519923,764.77716596398,908.780217015473,776.056381005668,1123.85021977215,729.922548843392,897.950018608776,26.8072687425131
2017-04-28 03:00:00.000,1026.64738441531,253.093757473003,609.441953965853,945.29591438579,775.353029446111,875.446081203758,1148.85241604551,761.12787228597,937.582169269871,775.780983978279,1122.24573274302,739.645261288584,898.759211670666,26.8170090293691
2017-04-28 04:00:00.000,1033.42695050521,253.898112771805,608.331177600841,942.288758330728,771.369524022523,888.333892868308,1157.05351689179,757.47857860796,966.38412152427,775.505586950891,1120.64124571388,749.367973733776,899.568404732555,26.8267493162252
2017-04-28 05:00:00.000,1040.20651659511,254.702468070606,607.22040123583,939.281602275667,767.386018598935,901.221704532858,1165.25461773807,753.829284929951,995.186073778669,775.230189923502,1119.03675868475,759.090686178967,900.377597794445,26.8364896030813
2017-04-28 06:00:00.000,1046.986082685,255.506823369407,606.109624870819,936.274446220605,763.402513175347,914.109516197408,1173.45571858435,750.179991251941,1023.98802603307,774.954792896114,1117.43227165562,768.813398624159,901.186790856334,26.8462298899374
2017-04-28 07:00:00.000,1053.7656487749,256.311178668208,604.998848505808,933.267290165543,759.419007751758,926.997327861958,1181.65681943063,746.530697573932,1052.78997828747,774.679395868725,1115.82778462649,778.536111069351,901.995983918224,26.8559701767934
2017-04-28 08:00:00.000,1060.54521486479,257.115533967009,603.888072140797,930.260134110481,755.43550232817,939.885139526508,1189.85792027691,742.881403895922,1081.59193054186,774.403998841337,1114.22329759735,788.258823514542,902.805176980113,26.8657104636495
2017-04-28 09:00:00.000,1067.32478095469,257.91988926581,602.777295775786,927.25297805542,751.451996904582,952.772951191058,1198.05902112319,739.232110217912,1110.39388279626,774.128601813948,1112.61881056822,797.981535959734,903.614370042003,26.8754507505056
2017-04-28 10:00:00.000,1074.10434704458,258.724244564612,601.666519410774,924.245822000358,747.468491480994,965.660762855608,1206.26012196947,735.582816539903,1139.19583505066,773.85320478656,1111.01432353909,807.704248404926,904.423563103892,26.8851910373617
2017-04-28 11:00:00.000,1080.88391313448,259.528599863413,600.555743045763,921.238665945296,743.484986057406,978.548574520158,1214.46122281575,731.933522861893,1167.99778730506,773.577807759171,1109.40983650996,817.426960850117,905.232756165781,26.8949313242177
2017-04-28 12:00:00.000,1087.66347922438,260.332955162214,599.444966680752,918.231509890235,739.501480633817,991.436386184708,1222.66232366203,728.284229183883,1196.79973955946,773.302410731783,1107.80534948082,827.149673295309,906.041949227671,26.9046716110738
2017-04-28 13:00:00.000,1094.44304531427,261.137310461015,598.334190315741,915.224353835173,735.517975210229,1004.32419784926,1230.86342450831,724.634935505874,1225.60169181386,773.027013704395,1106.20086245169,836.872385740501,906.85114228956,26.9144118979299
2017-04-28 14:00:00.000,1101.22261140417,261.941665759816,597.22341395073,912.217197780111,731.534469786641,1017.21200951381,1239.06452535459,720.985641827864,1254.40364406826,772.751616677006,1104.59637542256,846.595098185692,907.66033535145,26.924152184786
2017-04-28 15:00:00.000,1108.00217749406,262.746021058618,596.112637585719,909.21004172505,727.550964363053,1030.09982117836,1247.26562620086,717.336348149855,1283.20559632265,772.476219649618,1102.99188839343,856.317810630884,908.469528413339,26.933892471642
2017-04-28 16:00:00.000,1114.78174358396,263.550376357419,595.001861220707,906.202885669988,723.567458939465,1042.98763284291,1255.46672704714,713.687054471845,1312.00754857705,772.200822622229,1101.38740136429,866.040523076076,909.278721475229,26.9436327584981
2017-04-28 17:00:00.000,1121.56130967385,264.35473165622,593.891084855696,903.195729614926,719.583953515876,1055.87544450746,1263.66782789342,710.037760793835,1340.80950083145,771.925425594841,1099.78291433516,875.763235521267,910.087914537118,26.9533730453542
2017-04-28 18:00:00.000,1124.19467393274,263.797717399747,590.194673932743,903.431300334613,713.137399330774,1066.21565016731,1237.16634791567,696.10251506395,1329.71760544765,771.650028567453,1098.17842730603,885.485947966459,910.897107599008,26.9631133322103
2017-04-28 19:00:00.000,1124.42828857661,264,591.715134270163,908.474109125625,705.05178174875,1073.65938193969,1202.80759393117,683.082025048311,1303.72556888285,771.374631540064,1096.57394027689,895.208660411651,911.706300660897,26.9728536190664
2017-04-28 20:00:00.000,1126.58090812473,266.916181624946,587.541909187527,915.82916692576,697.738690439177,1084.26130956082,1177.78560478212,673.406202092176,1276.81240418435,771.099234512676,1094.96945324776,904.931372856842,912.515493722786,26.9825939059224
2017-04-28 21:00:00.000,1137.49000082774,267.503333057421,585.490000827737,927.988660697539,692.402267860492,1083.29886606975,1149.9196346172,661.613089744797,1249.35514957466,770.823837485287,1093.36496621863,914.654085302034,913.324686784676,26.9923341927785
2017-04-28 22:00:00.000,1145.8428815949,265.076195909978,581.923804090022,945.034369574668,688.30469202111,1095.32187680844,1128.56008539447,653.280042697236,1225.4601209755,770.548440457899,1091.7604791895,924.376797747226,914.133879846565,27.0020744796346
2017-04-28 23:00:00.000,1154.32079754848,266.580199387121,579.740598161363,955.379855994357,686,1099.72086403386,1110.2337680149,642.616884007452,1208.55714481639,770.27304343051,1090.15599216036,934.099510192417,914.943072908455,27.0118147664907
2017-04-29 00:00:00.000,1162.62336343391,265.623363433906,576.883182830468,963.10843086392,680.265058518352,1101.68674469114,1088.18166225034,634.060554083447,1182.18166225034,769.997646403122,1088.55150513123,943.822222637609,915.752265970344,27.0215550533467
2017-04-29 01:00:00.000,1167.6739661025,267.334456323462,574.334456323462,975.392640859654,682.928427239769,1108.14314552046,1073.67473213315,630.028743128136,1166.23449175376,769.722249375734,1086.9470181021,953.544935082801,916.561459032234,27.0312953402028
2017-04-29 02:00:00.000,1176.57730371124,269,574.577303711241,984.013841405737,684,1109.53460351434,1056.60434646509,628.145849678645,1146.43754903593,769.446852348345,1085.34253107297,963.267647527992,917.370652094123,27.0410356270589
2017-04-29 03:00:00.000,1178.20106462479,267.489125472176,573.489125472176,991.648806021052,684.900795985965,1108,1044.68604184659,623.914244769177,1111.48690169388,769.171455320957,1083.73804404383,972.990359973184,918.179845156013,27.050775913915
2017-04-29 04:00:00.000,1186.59882933033,267.200585334836,570.601756004508,997.184401118631,685.407799440684,1127.35821733879,1168.48912736208,669.769913236349,1093.84623915454,768.896058293568,1082.1335570147,982.713072418376,918.989038217902,27.060516200771
2017-04-29 05:00:00.000,1194.15633298426,268.843667015735,567.843667015735,1007.27003110498,684,1215.40062209969,1291.62985148804,666.034991749336,1142.34991749336,768.62066126618,1080.52906998557,992.435784863567,919.798231279791,27.0702564876271
2017-04-29 06:00:00.000,1200.88553166301,272.665659498904,569.777106332603,1012.64335280885,684.678323595575,1253.78323595575,1324.80713215312,659.324962535917,1156.90356607656,768.345264238791,1078.92458295644,1002.15849730876,920.607424341681,27.0799967744832
2017-04-29 07:00:00.000,1206.73623276521,270,569,1018.72211895805,687.277881041947,1266.33271374832,1316.57015963094,650.729030783062,1149.52338654365,768.069867211403,1077.3200959273,1011.88120975395,921.41661740357,27.0897370613393
2017-04-29 08:00:00.000,1205.18147089629,269.040326865842,562.100817164605,1023.29863660884,684.233787797053,1273.83106101474,1301.78112461309,644.668674767855,1145.00301215178,767.794470184014,1075.71560889817,1021.60392219914,922.22581046546,27.0994773481953
2017-04-29 09:00:00.000,1221.89700426015,272,563.077246804885,1024.18952593532,685.241896258711,1276.86284438807,1282.28764995258,639.002258278013,1139.28764995258,767.519073156626,1074.11112186904,1031.32663464433,923.035003527349,27.1092176350514
2017-04-29 10:00:00.000,1224.71982059768,276,565,1030.26745942229,684,1291.68142696012,1266.56871170981,634.652673101402,1131.95801930421,767.243676129238,1072.50663483991,1041.04934708953,923.844196589239,27.1189579219075
2017-04-29 11:00:00.000,1225.9163471843,277.104182640785,566.895817359215,1018.77132021652,687.665824376068,1295.77637396011,1241.18800395422,631.198000659036,1121.19300230663,766.968279101849,1070.90214781077,1050.77205953472,924.653389651128,27.1286982087636
2017-04-29 12:00:00.000,1196.92774981666,277.23827781852,563.357416727779,995.939512146948,688.743769414469,1301.23130824341,1215.45502519103,625.254673384275,1112.43633165393,766.692882074461,1069.29766078164,1060.49477197991,925.462582713017,27.1384384956197
2017-04-29 13:00:00.000,1176.23690513925,278.254364953585,564.745635046415,976.559293715035,688.069911714379,1308.93008828562,1183.67308439466,622.074787154962,1107.22436146489,766.417485047072,1067.69317375251,1070.2174844251,926.271775774907,27.1481787824757
2017-04-29 14:00:00.000,1167.86102910971,281.746895357714,566,952.707297762632,689.935700203397,1318.74280081359,1147.29682671644,617.521201908317,1096.69081717486,766.142088019684,1066.08868672338,1079.94019687029,927.080968836796,27.1579190693318
2017-04-29 15:00:00.000,1162.02972713135,280.878715891419,564,932.56482775192,686.188275917307,1323.68620680449,1116.6777944637,615,1091.07111778548,765.866690992295,1064.48419969424,1089.66290931548,927.890161898686,27.1676593561879
2017-04-29 16:00:00.000,1155.08274826473,280.885343533091,564.343969400727,915.448071427896,686.87197959203,1332.23187755218,1086.05198793988,611.008664656646,1079.50433232832,765.591293964907,1062.87971266511,1099.38562176068,928.699354960575,27.177399643044
2017-04-29 17:00:00.000,1130.77359410505,279,565.591198035018,900.738207647334,680.295283058933,1329.40943388213,1055.67900946786,608.548500676276,1072,765.315896937519,1061.27522563598,1109.10833420587,929.508548022465,27.1871399299
2017-04-29 18:00:00.000,1119.62853273229,281.907133183073,563.814266366145,894.609311555215,676.456983666411,1334.45698366641,1025.4001015501,603.625826106472,1062.52262323069,765.04049991013,1059.67073860684,1118.83104665106,930.317741084354,27.1968802167561
2017-04-29 19:00:00.000,1116.12076990866,282.120769908662,561.758460182677,906.841098114377,671.257533752361,1339.87123312382,999.648146384968,594,1053.56349130784,764.765102882742,1058.06625157771,1128.55375909625,931.126934146244,27.2066205036122
2017-04-29 20:00:00.000,1121.9609154712,279.467512969138,559.155837656379,925.046748898579,666.190650220284,1334.47662555071,979.387414715844,588.462471571948,1037.9249431439,764.489705855353,1056.46176454858,1138.27647154144,931.936127208133,27.2163607904683
2017-04-29 21:00:00.000,1144.97772987038,279.197772987038,557.197772987038,942.510000873587,660.272221736896,1336,967.663078462877,587,1029.88769282096,764.214308827965,1054.85727751945,1147.99918398663,932.745320270022,27.2261010773243
2017-04-29 22:00:00.000,1161.48298829627,280.517011703725,557.758505851863,964.869092353525,661,1341,955.588148956921,582.79407447846,1024.17629791384,763.938911800576,1053.25279049031,1157.72189643183,933.554513331912,27.2358413641804
2017-04-29 23:00:00.000,1175.42796045812,279.428815816751,555.143223725127,976.27951030862,661.031056700958,1346.09317010287,945.095544177545,580.349257362924,1013.04777208877,763.663514773188,1051.64830346118,1167.44460887702,934.363706393801,27.2455816510365
2017-04-30 00:00:00.000,1183.66981181912,278,551.669811819116,990.521209798745,660.62770728661,1350.77662437197,936.502614383177,574.901568629906,1002.80313725981,763.388117745799,1050.04381643205,1177.16732132221,935.172899455691,27.2553219378926
2017-04-30 01:00:00.000,1198.50056749562,280.375141873906,553,999.828489004235,654,1343.11835557203,928.003136567088,574.749215858228,999.749215858228,763.112720718411,1048.43932940292,1186.8900337674,935.98209251758,27.2650622247487
2017-04-30 02:00:00.000,1210,281.159286730207,552.159286730207,1009.62393147831,656.487179443494,1345.64957259133,918.601340459055,570.40089363937,986.603574557481,762.837323691023,1046.83484237378,1196.61274621259,936.79128557947,27.2748025116047
2017-04-30 03:00:00.000,1216.06212076515,279.466316981934,548.398950945803,1021.62115583984,660.792948053387,1348.20705194661,911.595508922648,572,984.74438615331,762.561926663634,1045.23035534465,1206.33545865778,937.600478641359,27.2845427984608
2017-04-30 04:00:00.000,1223.64106252043,281.025647730987,549.512823865494,1034.25218606057,661,1355,901.48149362498,569,976.385194899984,762.286529636246,1043.62586831552,1216.05817110298,938.409671703249,27.2942830853169
2017-04-30 05:00:00.000,1230.79804554519,281.559609109038,549,1044.48759736567,657.595038946266,1358.8925584194,891.257671672442,565.085890557481,970.214726393702,762.011132608857,1042.02138128639,1225.78088354817,939.218864765138,27.304023372173
2017-04-30 06:00:00.000,1245.21300100408,283.393499497958,549,1055.05732303864,660.028661519319,1365.02866151932,886.021824535256,569.745962820459,965.342208918228,761.735735581469,1040.41689425725,1235.50359599336,940.028057827027,27.313763659029
2017-04-30 07:00:00.000,1258.30774635028,282.653873175138,546.346126824862,1066.16589163943,664.388630546475,1391.54522185901,954.429879445139,750.161172311787,1275.26268966974,761.460338554081,1038.81240722812,1245.22630843855,940.837250888917,27.3235039458851
2017-04-30 08:00:00.000,1273.61568995131,285.403922487826,546.596077512174,1076.30494861078,664.565017129741,1439.04488009181,1005.62681062975,732.804818140171,1352.03688492283,761.184941526692,1037.20792019899,1254.94902088374,941.646443950806,27.3332442327412
2017-04-30 09:00:00.000,1226.25465130434,289.499595538753,550.749662948961,834.787922069138,886.315891209617,1503.84150848813,3489.39422790751,2181.92560384928,2104.88339509449,760.909544499304,1035.60343316986,1264.67173332893,942.455637012696,27.3429845195973
2017-04-30 10:00:00.000,1200.42243383176,359.438457997306,552.609614499327,1341.51437780963,1229.01789247366,1612.59105416069,2967.43237866033,2389.24912161183,2624.33258703146,760.634147471915,1033.99894614072,1274.39444577413,943.264830074585,27.3527248064533
2017-04-30 11:00:00.000,1167.22562195746,344.953837981769,549.317945993923,1102.68634717946,950.781824764837,1712.65201105901,3373.52590072272,1810.79008331351,2969.64315091026,760.358750444527,1032.39445911159,1284.11715821932,944.074023136475,27.3624650933094
2017-04-30 12:00:00.000,1151.89638101712,330.735745988585,551,989.055918683189,855.495321945096,1805.90029991469,4237.1633995149,1337.98395461058,3092.9260688286,760.083353417138,1030.78997208246,1293.83987066451,944.883216198364,27.3722053801655
2017-04-30 13:00:00.000,1135.36677136081,325.183385680405,554.908307159797,929.275090586469,832.362454706766,1889.72230976842,4907.18579519927,1477.74782027775,3156.95574365135,759.80795638975,1029.18548505333,1303.5625831097,945.692409260254,27.3819456670216
2017-04-30 14:00:00.000,1095.16656474429,321.922229017047,556.688916068189,881.139602763959,802.829536557952,1978.06172135618,5243.98830450331,1340.94828734826,3222.14499070768,759.532559362361,1027.58099802419,1313.28529555489,946.501602322143,27.3916859538776
2017-04-30 15:00:00.000,1084.35924698061,322.865282382273,555.910188254849,849.128330414408,883.01598598916,2098.92784179822,4851.14891074547,1402.83057572694,3330.64460581549,759.257162334973,1025.97651099506,1323.00800800008,947.310795384032,27.4014262407337
2017-04-30 16:00:00.000,1068.02740737218,320,557.972592627815,843.931628577893,822.79488573368,2154.03295508542,4248.39625081756,1367.81179939864,3482.19141689528,758.981765307585,1024.37202396593,1332.73072044528,948.119988445922,27.4111665275898
2017-04-30 17:00:00.000,1060.8726092439,319.05095630244,558.05095630244,837.464983583062,801.709147513572,2325.89970568948,4124.73483733783,1231.42867854558,3599.44889542848,758.706368280196,1022.76753693679,1342.45343289047,948.929181507811,27.4209068144459
2017-04-30 18:00:00.000,1042.69641595375,324.101194682082,558.303584046247,818.054803127969,784.369868751979,2655.15510098988,3895.29618608289,1350.82128843599,3613.2577992585,758.430971252808,1021.16304990766,1352.17614533566,949.738374569701,27.430647101302
2017-04-30 19:00:00.000,1025.30882321365,328.230392262115,560.076797420705,798.472238448171,765.682558226481,2977.93604433797,3624.32684080251,1337.28912323156,3561.38129186338,758.155574225419,1019.55856287853,1361.89885778085,950.54756763159,27.440387388158
2017-04-30 20:00:00.000,1025.11310468434,333.339314053009,562,797.414254438421,763.151764721328,2990.20327003642,3355.78940519318,1190.37056591106,3469.80596638317,757.880177198031,1017.9540758494,1371.62157022604,951.35676069348,27.4501276750141
2017-04-30 21:00:00.000,1025.06110728795,336.312964237351,561.843517881325,797.876548411929,762.205162775573,2956.95112494194,3321.7493737773,1168.78559359742,3443.48185119377,757.604780170642,1016.34958882026,1381.34428267123,952.165953755369,27.4598679618702
2017-04-30 22:00:00.000,1025.18939082999,340.392043122492,559,798.338842385438,761.258560829818,2923.69897984745,3340.12934284442,1168.51841052195,3442.83615876137,757.329383143254,1014.74510179113,1391.06699511643,952.975146817259,27.4696082487263
2017-04-30 23:00:00.000,1033.9981094516,344.499054725802,562.499054725802,798.801136358946,760.311958884063,2890.44683475296,3358.50931191155,1168.25122744647,3442.19046632897,757.053986115865,1013.140614762,1400.78970756162,953.784339879148,27.4793485355823
2017-05-01 00:00:00.000,1026.59462091784,346,558.702689541078,799.263430332454,759.365356938308,2857.19468965848,3376.88928097868,1167.98404437099,3441.54477389657,756.778589088477,1011.53612773287,1410.51242000681,954.593532941037,27.4890888224384
2017-05-01 01:00:00.000,1030.10936295408,346.727423863377,559.036454318026,799.725724305962,758.418754992553,2823.94254456399,3395.2692500458,1167.71686129552,3440.89908146417,756.503192061089,1009.93164070373,1420.235132452,955.402726002927,27.4988291092945
2017-05-01 02:00:00.000,1034.36316811604,351.575445410695,562.393861352674,800.188018279471,757.472153046798,2790.69039946951,3413.64921911293,1167.44967822004,3440.25338903177,756.2277950337,1008.3271536746,1429.95784489719,956.211919064816,27.5085693961506
2017-05-01 03:00:00.000,1035.23053207676,354.557633019191,561.557633019191,800.650312252979,756.525551101043,2757.43825437502,3432.02918818006,1167.18249514457,3439.60769659937,756,1006.64544723146,1428.78162801802,957.021112126706,27.5183096830066
2017-05-01 04:00:00.000,1039.89259195814,357.96419731938,558.98209865969,801.112606226487,755.578949155288,2724.18610928054,3450.40915724718,1166.91531206909,3438.96200416697,771.78127046795,1004.6249727094,1380.46889327565,957.830305188595,27.5280499698627
2017-05-01 05:00:00.000,1039.15903402734,361.460241493165,560.539758506835,801.574900199995,754.632347209533,2690.93396418605,3468.78912631431,1166.64812899361,3438.31631173457,788.916985204454,1004.62452219332,1334.28864055768,958.639498250485,27.5377902567188
2017-05-01 06:00:00.000,1038.3544167769,361.17720838845,561.943020971124,802.037194173504,753.685745263778,2657.68181909156,3487.16909538144,1166.38094591814,3437.67061930217,799.647244871477,1006.44336735712,1299.30744901422,959.448691312374,27.5475305435749
2017-05-01 07:00:00.000,1041.3619614506,365.914115648195,563.361961450602,802.499488147012,752.739143318023,2624.42967399708,3505.54906444857,1166.11376284266,3437.02492686977,859.46958998073,1003.69391799615,1263.40113135517,960.257884374264,27.557270830431
2017-05-01 08:00:00.000,1036.31204697224,367.312046972241,561,802.96178212052,751.792541372268,2591.17752890259,3523.92903351569,1165.84657976719,3436.37923443737,897.139047125546,1000.23767190284,1231.43047643723,961.067077436153,27.567011117287
2017-05-01 09:00:00.000,1040.51432193637,371.046801263355,560.051868531067,803.424076094028,750.845939426513,2557.92538380811,3542.30900258282,1165.57939669171,3435.73354200496,904,1001,1228,961.876270498042,27.5767514041431
2017-05-01 10:00:00.000,1039.16508919296,373.954856302547,560.195961348324,803.886370067537,749.899337480759,2524.67323871362,3560.68897164995,1165.31221361623,3435.08784957256,904,1001,1228,962.685463559932,27.5864916909992
2017-05-01 11:00:00.000,1037.81585644955,376.862911341738,560.340054165582,804.348664041045,748.952735535004,2491.42109361913,3579.06894071707,1165.04503054076,3434.44215714016,904,1001,1228,963.494656621821,27.5962319778553
2017-05-01 12:00:00.000,1036.46662370615,379.77096638093,560.484146982839,804.810958014553,748.006133589249,2458.16894852465,3597.4489097842,1164.77784746528,3433.79646470776,904,1001,1228,964.303849683711,27.6059722647113
2017-05-01 13:00:00.000,1035.11739096274,382.679021420121,560.628239800096,805.273251988061,747.059531643494,2424.91680343016,3615.82887885133,1164.51066438981,3433.15077227536,904,1001,1228,965.1130427456,27.6157125515674
2017-05-01 14:00:00.000,1033.76815821933,385.587076459313,560.772332617353,805.73554596157,746.112929697739,2391.66465833568,3634.20884791845,1164.24348131433,3432.50507984296,904,1001,1228,965.92223580749,27.6254528384235
2017-05-01 15:00:00.000,1032.41892547592,388.495131498505,560.916425434611,806.197839935078,745.166327751984,2358.41251324119,3652.58881698558,1163.97629823885,3431.85938741056,904,1001,1228,966.731428869379,27.6351931252796
2017-05-01 16:00:00.000,1031.06969273251,391.403186537696,561.060518251868,806.660133908586,744.219725806229,2325.16036814671,3670.96878605271,1163.70911516338,3431.21369497816,904,1001,1228,967.540621931268,27.6449334121356
2017-05-01 17:00:00.000,1029.7204599891,394.311241576888,561.204611069125,807.122427882094,743.273123860474,2291.90822305222,3689.34875511983,1163.4419320879,3430.56800254576,904,1001,1228,968.349814993158,27.6546736989917
2017-05-01 18:00:00.000,1028.37122724569,397.21929661608,561.348703886382,807.584721855603,742.326521914719,2258.65607795773,3707.72872418696,1163.17474901242,3429.92231011336,904,1001,1228,969.159008055047,27.6644139858478
2017-05-01 19:00:00.000,1027.02199450228,400.127351655271,561.49279670364,808.047015829111,741.379919968964,2225.40393286325,3726.10869325409,1162.90756593695,3429.27661768096,904,1001,1228,969.968201116937,27.6741542727039
2017-05-01 20:00:00.000,1025.67276175888,403.035406694463,561.636889520897,808.509309802619,740.433318023209,2192.15178776876,3744.48866232121,1162.64038286147,3428.63092524856,904,1001,1228,970.777394178826,27.6838945595599
2017-05-01 21:00:00.000,1024.32352901547,405.943461733654,561.780982338154,808.971603776127,739.486716077454,2158.89964267428,3762.86863138834,1162.373199786,3427.98523281616,904,1001,1228,971.586587240716,27.693634846416
2017-05-01 22:00:00.000,1022.97429627206,408.851516772846,561.925075155411,809.433897749636,738.540114131699,2125.64749757979,3781.24860045547,1162.10601671052,3427.33954038376,904,1001,1228,972.395780302605,27.7033751332721
2017-05-01 23:00:00.000,1021.62506352865,411.759571812038,562.069167972669,809.896191723144,737.593512185944,2092.3953524853,3799.62856952259,1161.83883363504,3426.69384795136,904,1001,1228,973.204973364495,27.7131154201282
2017-05-02 00:00:00.000,1020.27583078524,414.667626851229,562.213260789926,810.358485696652,736.646910240189,2059.14320739082,3818.00853858972,1161.57165055957,3426.04815551896,904,1001,1228,974.014166426384,27.7228557069843
2017-05-02 01:00:00.000,1018.92659804183,417.575681890421,562.357353607183,810.82077967016,735.700308294434,2025.89106229633,3836.38850765685,1161.30446748409,3425.40246308656,904,1001,1228,974.823359488273,27.7325959938403
2017-05-02 02:00:00.000,1017.57736529842,420.483736929613,562.50144642444,811.283073643668,734.753706348679,1992.63891720185,3854.76847672398,1161.03728440862,3424.75677065415,904,1001,1228,975.632552550163,27.7423362806964
2017-05-02 03:00:00.000,1016.22813255501,423.391791968804,562.645539241698,811.745367617177,733.807104402924,1959.38677210736,3873.1484457911,1160.77010133314,3424.11107822175,904,1001,1228,976.441745612053,27.7520765675525
2017-05-02 04:00:00.000,1014.87889981161,426.299847007996,562.789632058955,812.207661590685,732.860502457169,1926.13462701288,3891.52841485823,1160.50291825766,3423.46538578935,904,1001,1228,977.250938673942,27.7618168544086
2017-05-02 05:00:00.000,1013.5296670682,429.207902047187,562.933724876212,812.669955564193,731.913900511414,1892.88248191839,3909.90838392536,1160.23573518219,3422.81969335695,904,1001,1228,978.060131735831,27.7715571412646
2017-05-02 06:00:00.000,1012.18043432479,432.115957086379,563.077817693469,813.132249537701,730.967298565659,1859.6303368239,3928.28835299248,1159.96855210671,3422.17400092455,904,1001,1228,978.869324797721,27.7812974281207
2017-05-02 07:00:00.000,1010.83120158138,435.024012125571,563.221910510727,813.59454351121,730.020696619904,1826.37819172942,3946.66832205961,1159.70136903124,3421.52830849215,904,1001,1228,979.67851785961,27.7910377149768
2017-05-02 08:00:00.000,1009.48196883797,437.932067164762,563.366003327984,814.056837484718,729.074094674149,1793.12604663493,3965.04829112674,1159.43418595576,3420.88261605975,904,1001,1228,980.4877109215,27.8007780018329
2017-05-02 09:00:00.000,1008.13273609456,440.840122203954,563.510096145241,814.519131458226,728.127492728394,1759.87390154045,3983.42826019386,1159.16700288028,3420.23692362735,904,1001,1228,981.296903983389,27.8105182886889
2017-05-02 10:00:00.000,1006.78350335115,443.748177243146,563.654188962498,814.981425431734,727.180890782639,1726.62175644596,4001.80822926099,1158.89981980481,3419.59123119495,904,1001,1228,982.106097045278,27.820258575545
2017-05-02 11:00:00.000,1005.43427060774,446.656232282337,563.798281779755,815.443719405243,726.234288836884,1693.36961135147,4020.18819832812,1158.63263672933,3418.94553876255,904,1001,1228,982.915290107168,27.8299988624011
2017-05-02 12:00:00.000,1004.08503786434,449.564287321529,563.942374597013,815.906013378751,725.287686891129,1660.11746625699,4038.56816739524,1158.36545365385,3418.29984633015,904,1001,1228,983.724483169057,27.8397391492572
2017-05-02 13:00:00.000,1002.73580512093,452.47234236072,564.08646741427,816.368307352259,724.341084945374,1626.8653211625,4056.94813646237,1158.09827057838,3417.65415389775,904,1001,1228,984.533676230947,27.8494794361132
2017-05-02 14:00:00.000,1001.38657237752,455.380397399912,564.230560231527,816.830601325767,723.394482999619,1593.61317606802,4075.3281055295,1157.8310875029,3417.00846146535,904,1001,1228,985.342869292836,27.8592197229693
2017-05-02 15:00:00.000,1000.03733963411,458.288452439104,564.374653048784,817.292895299276,722.447881053864,1560.36103097353,4093.70807459662,1157.56390442743,3416.36276903295,904,1001,1228,986.152062354726,27.8689600098254
2017-05-02 16:00:00.000,998.688106890701,461.196507478295,564.518745866042,817.755189272784,721.501279108109,1527.10888587905,4112.08804366375,1157.29672135195,3415.71707660055,904,1001,1228,986.961255416615,27.8787002966815
2017-05-02 17:00:00.000,997.338874147292,464.104562517487,564.662838683299,818.217483246292,720.554677162354,1493.85674078456,4130.46801273088,1157.02953827647,3415.07138416815,904,1001,1228,987.770448478505,27.8884405835376
2017-05-02 18:00:00.000,995.989641403884,467.012617556679,564.806931500556,818.6797772198,719.608075216599,1460.60459569007,4148.847981798,1156.762355201,3414.42569173575,904,1001,1228,988.579641540394,27.8981808703936
2017-05-02 19:00:00.000,994.640408660475,469.92067259587,564.951024317813,819.142071193309,718.661473270844,1427.35245059559,4167.22795086513,1156.49517212552,3413.77999930334,904,1001,1228,989.388834602283,27.9079211572497
2017-05-02 20:00:00.000,993.291175917066,472.828727635062,565.095117135071,819.604365166817,717.714871325089,1394.1003055011,4185.60791993226,1156.22798905005,3413.13430687094,904,1001,1228,990.198027664173,27.9176614441058
2017-05-02 21:00:00.000,991.941943173657,475.736782674254,565.239209952328,820.066659140325,716.768269379334,1360.84816040662,4203.98788899939,1155.96080597457,3412.48861443854,904,1001,1228,991.007220726062,27.9274017309619
2017-05-02 22:00:00.000,990.592710430248,478.644837713445,565.383302769585,820.528953113833,715.821667433579,1327.59601531213,4222.36785806651,1155.69362289909,3411.84292200614,904,1001,1228,991.816413787952,27.9371420178179
2017-05-02 23:00:00.000,989.24347768684,481.552892752637,565.527395586842,820.991247087342,714.875065487824,1294.34387021764,4240.74782713364,1155.42643982362,3411.19722957374,904,1001,1228,992.625606849841,27.946882304674
2017-05-03 00:00:00.000,987.894244943431,484.460947791828,565.6714884041,821.45354106085,713.928463542069,1261.09172512316,4259.12779620077,1155.15925674814,3410.55153714134,904,1001,1228,993.434799911731,27.9566225915301
2017-05-03 01:00:00.000,986.545012200022,487.36900283102,565.815581221357,821.915835034358,712.981861596315,1227.83958002867,4277.50776526789,1154.89207367267,3409.90584470894,904,1001,1228,994.24399297362,27.9663628783862
2017-05-03 02:00:00.000,985.195779456614,490.277057870212,565.959674038614,822.378129007866,712.03525965056,1194.58743493419,4295.88773433502,1154.62489059719,3409.26015227654,904,1001,1228,995.053186035509,27.9761031652422
2017-05-03 03:00:00.000,983.846546713205,493.185112909403,566.103766855871,822.840422981375,711.088657704805,1161.3352898397,4314.26770340215,1154.35770752171,3408.61445984414,904,1001,1228,995.862379097399,27.9858434520983
2017-05-03 04:00:00.000,982.497313969796,496.093167948595,566.247859673129,823.302716954883,710.14205575905,1128.08314474522,4332.64767246927,1154.09052444624,3407.96876741174,904,1001,1228,996.671572159288,27.9955837389544
2017-05-03 05:00:00.000,981.148081226387,499.001222987786,566.391952490386,823.765010928391,709.195453813295,1094.83099965073,4351.0276415364,1153.82334137076,3407.32307497934,904,1001,1228,997.480765221178,28.0053240258105
2017-05-03 06:00:00.000,979.798848482979,501.909278026978,566.536045307643,824.227304901899,708.24885186754,1061.57885455624,4369.40761060353,1153.55615829529,3406.67738254694,904,1001,1228,998.289958283067,28.0150643126666
2017-05-03 07:00:00.000,978.44961573957,504.81733306617,566.6801381249,824.689598875408,707.302249921785,1028.32670946176,4387.78757967065,1153.28897521981,3406.03169011454,904,1001,1228,999.099151344957,28.0248045995226
2017-05-03 08:00:00.000,977.100382996161,507.725388105361,566.824230942158,825.151892848916,706.35564797603,995.074564367272,4406.16754873778,1153.02179214433,3405.38599768214,904,1001,1228,999.908344406846,28.0345448863787
2017-05-03 09:00:00.000,975.751150252752,510.633443144553,566.968323759415,825.614186822424,705.409046030275,961.822419272787,4424.54751780491,1152.75460906886,3404.74030524974,904,1001,1228,1000.71753746874,28.0442851732348
2017-05-03 10:00:00.000,974.401917509344,513.541498183745,567.112416576672,826.076480795932,704.46244408452,928.570274178301,4442.92748687203,1152.48742599338,3404.09461281734,904,1001,1228,1001.52673053063,28.0540254600909
2017-05-03 11:00:00.000,973.052684765935,516.449553222936,567.256509393929,826.538774769441,703.515842138765,895.318129083815,4461.30745593916,1152.2202429179,3403.44892038494,904,1001,1228,1002.33592359251,28.0637657469469
2017-05-03 12:00:00.000,971.703452022526,519.357608262128,567.400602211187,827.001068742949,702.56924019301,862.065983989329,4479.68742500629,1151.95305984243,3402.80322795254,904,1001,1228,1003.1451166544,28.073506033803
2017-05-03 13:00:00.000,970.354219279118,522.265663301319,567.544695028444,827.463362716457,701.622638247255,828.813838894843,4498.06739407341,1151.68587676695,3402.15753552013,904,1001,1228,1003.95430971629,28.0832463206591
2017-05-03 14:00:00.000,969.004986535709,525.173718340511,567.688787845701,827.925656689965,700.6760363015,795.561693800357,4516.44736314054,1151.41869369148,3401.51184308773,904,1001,1228,1004.76350277818,28.0929866075152
2017-05-03 15:00:00.000,967.6557537923,528.081773379703,567.832880662958,828.387950663473,699.729434355745,762.309548705871,4534.82733220767,1151.151510616,3400.86615065533,904,1001,1228,1005.57269584007,28.1027268943712
2017-05-03 16:00:00.000,966.306521048891,530.989828418894,567.976973480216,828.850244636982,698.78283240999,729.057403611386,4553.2073012748,1150.88432754052,3400.22045822293,904,1001,1228,1006.38188890196,28.1124671812273
2017-05-03 17:00:00.000,964.957288305483,533.897883458086,568.121066297473,829.31253861049,697.836230464235,695.8052585169,4571.58727034192,1150.61714446505,3399.57476579053,904,1001,1228,1007.19108196385,28.1222074680834
2017-05-03 18:00:00.000,963.608055562074,536.805938497278,568.26515911473,829.774832583998,696.88962851848,662.553113422414,4589.96723940905,1150.34996138957,3398.92907335813,904,1001,1228,1008.00027502574,28.1319477549395
2017-05-03 19:00:00.000,962.258822818665,539.713993536469,568.409251931987,830.237126557506,695.943026572725,629.300968327928,4608.34720847618,1150.0827783141,3398.28338092573,904,1001,1228,1008.80946808763,28.1416880417955
2017-05-03 20:00:00.000,960.909590075256,542.622048575661,568.553344749245,830.699420531015,694.99642462697,596.048823233442,4626.7271775433,1149.81559523862,3397.63768849333,904,1001,1228,1009.61866114952,28.1514283286516
2017-05-03 21:00:00.000,959.560357331848,545.530103614853,568.697437566502,831.161714504523,694.049822681215,562.796678138957,4645.10714661043,1149.54841216314,3396.99199606093,904,1001,1228,1010.42785421141,28.1611686155077
2017-05-03 22:00:00.000,958.211124588439,548.438158654044,568.841530383759,831.624008478031,693.10322073546,529.544533044471,4663.48711567756,1149.28122908767,3396.34630362853,904,1001,1228,1011.2370472733,28.1709089023638
2017-05-03 23:00:00.000,956.86189184503,551.346213693236,568.985623201016,832.086302451539,692.156618789705,496.292387949985,4681.86708474468,1149.01404601219,3395.70061119613,904,1001,1228,1012.04624033519,28.1806491892199
2017-05-04 00:00:00.000,955.512659101622,554.254268732427,569.129716018273,832.548596425048,691.21001684395,463.040242855499,4700.24705381181,1148.74686293671,3395.05491876373,904,1001,1228,1012.85543339708,28.1903894760759
2017-05-04 01:00:00.000,954.163426358213,557.162323771619,569.273808835531,833.010890398556,690.263414898195,429.788097761013,4718.62702287894,1148.47967986124,3394.40922633133,904,1001,1228,1013.66462645897,28.200129762932
2017-05-04 02:00:00.000,952.814193614804,560.070378810811,569.417901652788,833.473184372064,689.31681295244,396.535952666527,4737.00699194606,1148.21249678576,3393.76353389893,904,1001,1228,1014.47381952086,28.2098700497881
2017-05-04 03:00:00.000,951.464960871395,562.978433850002,569.561994470045,833.935478345572,688.370211006685,363.283807572041,4755.38696101319,1147.94531371029,3393.11784146653,904,1001,1228,1015.28301258275,28.2196103366442
2017-05-04 04:00:00.000,950.115728127987,565.886488889194,569.706087287302,834.397772319081,687.42360906093,330.031662477556,4773.76693008032,1147.67813063481,3392.47214903413,904,1001,1228,1016.09220564463,28.2293506235002
2017-05-04 05:00:00.000,948.766495384578,568.794543928386,569.85018010456,834.860066292589,686.477007115175,296.77951738307,4792.14689914744,1147.41094755933,3391.82645660173,904,1001,1228,1016.90139870652,28.2390909103563
2017-05-04 06:00:00.000,947.417262641169,571.702598967577,569.994272921817,835.322360266097,685.53040516942,263.527372288584,4810.52686821457,1147.14376448386,3391.18076416932,904,1001,1228,1017.71059176841,28.2488311972124
2017-05-04 07:00:00.000,946.06802989776,574.610654006769,570.138365739074,835.784654239605,684.583803223665,230.275227194098,4828.9068372817,1146.87658140838,3390.53507173692,904,1001,1228,1018.5197848303,28.2585714840685
2017-05-04 08:00:00.000,944.718797154352,577.51870904596,570.282458556331,836.246948213114,683.63720127791,197.023082099612,4847.28680634882,1146.60939833291,3389.88937930452,904,1001,1228,1019.32897789219,28.2683117709245
2017-05-04 09:00:00.000,943.369564410943,580.426764085152,570.426551373589,836.709242186622,682.690599332155,163.770937005126,4865.66677541595,1146.34221525743,3389.24368687212,904,1001,1228,1020.13817095408,28.2780520577806
2017-05-04 10:00:00.000,942.020331667534,583.334819124344,570.570644190846,837.17153616013,681.7439973864,130.518791910641,4884.04674448308,1146.07503218195,3388.59799443972,904,1001,1228,1020.94736401597,28.2877923446367
2017-05-04 11:00:00.000,940.671098924125,586.242874163535,570.714737008103,837.633830133638,680.797395440645,97.2666468161548,4902.42671355021,1145.80784910648,3387.95230200732,904,1001,1228,1021.75655707786,28.2975326314928
2017-05-04 12:00:00.000,939.321866180717,589.150929202727,570.85882982536,838.096124107147,679.85079349489,64.0145017216691,4920.80668261733,1145.540666031,3387.30660957492,904,1001,1228,1022.56575013975,28.3072729183489
2017-05-04 13:00:00.000,938.237628112227,592,571.158418741485,838.558418080655,678.904191549135,30.762356627183,4939.18665168446,1145.27348295553,3386.66091714252,904,1001,1228,1023,28.2016558210257
2017-05-04 14:00:00.000,946.86676924269,589.920061545614,575.960030772807,891.343722958637,755.76561534237,5519.20333939938,4957.56662075159,1145.00629988005,3386.01522471012,904,1001,1228,1008.04574075894,29.0532291662217
2017-05-04 15:00:00.000,943.02205313408,581.490811194133,573.501837761173,869.444704394877,748.148234798292,5658.27059401992,4522.59472812202,1081.73821479627,3464.11623430002,904,1001,1228,1023,28.0792781913702
2017-05-04 16:00:00.000,947.012521142915,578.006260571458,574,850.768459476713,737.329339775734,5699.59682231741,4074.73227662415,1032.03426367797,3532.53227008232,904,1001,1228,1023,28.4952564345946
2017-05-04 17:00:00.000,940.97015089639,571.992537724097,576.97015089639,830.442428680488,729,5834.57571319512,3675.87717866762,982.070539444543,3581.20477174987,904,1001,1228,1023,28.9309856907624
2017-05-04 18:00:00.000,933,565.000120851128,576,816.089504997153,715.223762492882,5816.5215849516,3358.07062293455,939.790806555306,3612.63557595786,904,1001,1228,1023,29.286778585396
2017-05-04 19:00:00.000,935.086183354349,559,572.98276332913,817.047605908451,707.142817725353,5792.9047881831,3080.38482433359,903.814502683851,3635.89139964215,904,1001,1228,1020.29651997423,29.5
2017-05-04 20:00:00.000,940.122376457336,555.918415695109,570.979603923777,822.01592681213,699.992036593935,5803.98407318787,2858.55064738192,870.230294165632,3658.86182350062,904,1001,1228,1013.96737744572,29.5
2017-05-04 21:00:00.000,946.635030746557,552,570.211676915519,828.196807923281,691.803192076718,5763.66170612169,2678.67220950018,841.634204350028,3668.96674585,904,1001,1228,971.550072247671,29.4178981377709
2017-05-04 22:00:00.000,959.792531312548,549.792531312548,570.792531312548,836.312986729737,685.156493364869,5672.69643246612,2532.820560303,815.3094080404,3674.6547040202,904,1001,1228,976.937810064676,29.2716970824351
2017-05-04 23:00:00.000,961.651929573915,544.550643191305,570.412982393479,842.646525648944,683.882175216315,5524.45619252149,2402.84121622971,789.315580289344,3663.14036830922,904,1001,1228,982.220864675324,29.0825063579068
2017-05-05 00:00:00.000,965.344065925498,544.172032962749,570.344065925498,845.315234564195,681.157617282097,5371.3363211248,2304.65340073168,770.052791819099,3669.83167509146,904,1001,1228,959.844057487296,28.8307797125635
2017-05-05 01:00:00.000,965.646885887333,542.411721471833,570.411721471833,848.803147282536,682.409441847608,5206.25178260288,2209.82596850539,749.516881890087,3655.75168818901,904,1001,1228,995.46784755254,28.6416297639831
2017-05-05 02:00:00.000,972.478762402578,544.521237597422,572.760618798711,846.764169713171,681.528339426342,5029.66191648001,2117.8247552032,732.983990468765,3645.57118284378,904,1001,1228,480.24266547101,28.4762591148752
2017-05-05 03:00:00.000,1017.03791144461,540.092878516603,569.546439258302,822.550039307307,683,4889.19858493694,2803.11742732147,1477.36929280567,3607.30688470988,904,1001,1228,296.77917913124,28.3259000228824
2017-05-05 04:00:00.000,1127.32644593988,543.691613113338,571.766452453351,831.83842637833,681.630761417407,4749.7079188952,3050.64232229837,4907.57486110191,3483.52319306891,904,1001,1228,444.707949286516,28.0741401995393
2017-05-05 05:00:00.000,1130.21705910726,537.968288847434,569.656096282478,844.42383473027,683.288082634865,4619.91398323676,2846.52437940352,5625.00169104369,3437.75278048803,904,1001,1228,529.843829391949,27.8223357880718
2017-05-05 06:00:00.000,1113.96173764427,534.240434411066,571,850.793896462339,684.206103537662,4510.56479551686,2730.26346054573,3095.45497809492,3491.89820762087,904,1001,1228,392.717285107883,27.5977542273286
2017-05-05 07:00:00.000,1096.93303006671,531.337183545109,570.168591772555,860.066183728534,686,4426.53671390026,2605.55667916788,2358.65010769168,3501,904,1001,1228,327.395586636352,27.4718405205965
2017-05-05 08:00:00.000,1091.29139943158,531.54856657193,571.54856657193,871.915662712075,687,4325.44879448916,2500.87228585898,2026.59249760637,3504.89598411895,904,1001,1228,374.498357999249,27.3459411820167
2017-05-05 09:00:00.000,1079.23849848974,532.026499832194,570.539749748291,885.636809645626,685.558632705268,4231.73777483151,2391.39508337143,1832.79016674285,3495.19055616522,904,1001,1228,370.036334944032,27.2200593275217
2017-05-05 10:00:00.000,1071.87121109033,532.516098613709,573,900.4449930629,687,4140.44128988832,2299.12960806214,1665.98547348856,3486.8458099225,904,1001,1228,248.22171921258,27.0944894664063
2017-05-05 11:00:00.000,1052.53909994326,534.617299829776,574.078199886517,916.10908155839,685.825976697603,4051.58447569606,2199.53096141135,1530.38309679359,3477.19395029403,904,1001,1228,207.106936408143,27.0933322796557
2017-05-05 12:00:00.000,1036.45225680445,535.643229586656,575,916.129997278416,687.394615175263,3984.75768288682,2116.77978356394,1422.86704256891,3469.94875409316,904,1001,1228,210.204585902993,27.1558237793688
2017-05-05 13:00:00.000,1022.73844695849,536.087184347169,574.087184347169,885.011498480463,687,3920.73819233398,2029.50348834157,1335.3289886127,3465.34899945775,904,1001,1228,605.359379780003,27.436213555591
2017-05-05 14:00:00.000,1012.12523432337,538.531308580842,577.062617161683,858.689600891227,686,3880.23115430423,1945.9985731337,1259.9985731337,3458.97167317708,904,1001,1228,1023,27.7782620603562
2017-05-05 15:00:00.000,1014.89749260137,539.448746300684,575.482915433561,834.629832273291,683.608523506654,3835.65114103993,1870.95121100716,1193.95121100716,3448.52510685357,904,1001,1228,1023,28.2142074239861
2017-05-05 16:00:00.000,999.336271293603,537,575.451844498118,816.443722391174,679.592712934804,3794.29473184754,1803.40065216158,1143.18115006058,3435.09057503029,904,1001,1228,1023,28.6789768313994
2017-05-05 17:00:00.000,996,537,577.018848483871,801.247724844475,675.018355709414,3746.09177854707,1738.70428574389,1116.11873470487,3422.46681633414,904,1001,1228,1023,29.1483027633822
2017-05-05 18:00:00.000,983.262218147687,534.963418176567,575,795.045743631278,670.609148726256,3692.47191783242,1685.39603631564,1079.97153177618,3404.70750756576,904,1001,1228,1023,29.4942571509129
2017-05-05 19:00:00.000,990.071787720161,532.53589386008,576.071787720161,793.631120797544,666.106637607369,3623.17301368105,1638.85774272839,1044.52990577632,3394.54639492011,904,1001,1228,1023,29.7159950770797
2017-05-05 20:00:00.000,997.557966831407,532.557966831407,576,796.65692912126,661.686141757479,3565.29212636219,1601.0223147839,1005.31440472215,3380.43813490738,904,1001,1228,1023,29.8125
2017-05-05 21:00:00.000,1003.41214303945,530.412143039453,574.351427842189,806.074572367974,658,3535.09494517886,1567.45334887943,972.377790732861,3355.30223258629,904,1001,1228,1023,29.7204450720147
2017-05-05 22:00:00.000,1010,529,571,816.11417845036,653.46119384296,3498.23283694224,1542.51484928699,945.514849286985,3346.60046411869,904,1001,1228,952.44770991918,29.5642266931908
2017-05-05 23:00:00.000,1018,530.343399637416,573.030198912249,822.311939582915,652,3467.75224166834,1514.24932384711,917.082506924251,3324.58295769284,904,1001,1228,917.512359164506,29.3124427816458
2017-05-06 00:00:00.000,1014.92328837476,528.384657674952,571.769315349904,828.622808663691,651.811404331845,3419.33770036755,1492.7476165345,891.330155379332,3308.88677025289,904,1001,1228,1005.21587860684,29.0605725124389
2017-05-06 01:00:00.000,1018,530.271256613697,570.81376984109,829.705597395822,650.147201302089,3357.94402604179,1475.65247442379,866.239355817844,3297.43498294919,904,1001,1228,998.848623622026,28.8086227596549
2017-05-06 02:00:00.000,1016.89267174665,529.53170483259,570.063409665179,836.368101486401,652.6840507432,3324.05316418933,1452.48328319062,849.977710920826,3284.49442773021,904,1001,1228,923.849838842015,28.5566065672929
2017-05-06 03:00:00.000,1018.59151522627,530,570.197171742091,839.936427770534,652,3284.20787235985,1436.14148487984,829.902474799738,3274.14148487984,904,1001,1228,557.460296172272,28.3046144972659
2017-05-06 04:00:00.000,1017.88211903286,531.68060543796,569.31939456204,846.893200033359,653.957280013344,3243.40583987324,1418.12616411075,812.430196798453,3262.22750833998,904,1001,1228,434.366404043357,28.1151000631775
2017-05-06 05:00:00.000,1009.24302589444,530.878487052781,566.121512947219,847.021414451137,653,3198.55029652612,1395.17367410687,799.449116071245,3254.14970535708,904,1001,1228,424.212921486462,27.8630383952693
2017-05-06 06:00:00.000,1010.91654042806,533,568,852.063954411882,655.063954411881,3166.84882058613,1378.68703103352,786.102016927375,3242.6190197486,904,1001,1228,397.926918161647,27.6492515367022
2017-05-06 07:00:00.000,1008.50167247556,532.136819766063,568.091213177375,854.574976584443,656.893744146111,3126.55611536055,1359.67485074606,773.215494402798,3229.13420708931,904,1001,1228,424.791919999686,27.4840007142885
2017-05-06 08:00:00.000,1009.06191422602,532.023217834757,569.015478556505,853.297093834754,656,3089.96017157836,1343.00860953914,761.606887631311,3218.80344381566,904,1001,1228,471.644005653913,27.2722496466304
2017-05-06 09:00:00.000,1012.09140534939,535.030468449798,571,854.764936143561,656.19123403589,3058.27889367699,1325.09411061918,752.062740412785,3211.46927089437,904,1001,1228,233.434828803126,27.1462298000122
2017-05-06 10:00:00.000,1007.92246341897,536.707753658103,571.353876829052,858.377628952297,659.304698122413,3033.90111956436,1311.30905793426,748.865896725346,3208.28863224178,904,1001,1228,224.370087555699,26.9782478111075
2017-05-06 11:00:00.000,993.700967287221,538.086602180852,571.826795638296,841.427112398177,660.951408265451,3004.68926033181,1296.46938407972,739.734692039861,3203.97958938648,904,1001,1228,1023,26.875
2017-05-06 12:00:00.000,968.187155057709,540.093577528854,573.093577528854,824.599935669664,663.159961401798,2987.75989707146,1277.2433636867,732.21622424578,3199.64867273734,904,1001,1228,1023,26.9591984933073
2017-05-06 13:00:00.000,953.869034600314,541.90575288336,574.717258650079,808.954444597452,662,2971.22063513922,1244.95670440709,723.788454508558,3196.21154549144,904,1001,1228,1023,27.2503647285946
2017-05-06 14:00:00.000,951.577230223269,544.830892089307,575.253661866039,788.136526732346,660.151297690205,2945,1212.24119077932,716.381316562273,3197.23736687545,904,1001,1228,1023,27.665311704803
2017-05-06 15:00:00.000,937.263993883697,541.052798776739,577.079198165109,780.138605223682,659.287131592106,2929.41581567105,1180.36573418603,702.909897763857,3203.81624536674,904,1001,1228,1023,28.2042157829382
2017-05-06 16:00:00.000,946.655029007715,543,580,777.879755964512,656.186707339248,2926.48097614195,1154.28666433361,695.469523476229,3218.3566678332,904,1001,1228,1023,28.7554962477015
2017-05-06 17:00:00.000,930.595021220204,540.932503536701,579,769.39656963785,653.206860724299,3277.52078829436,1126.20381798834,679.763054390675,3243.69427301748,904,1001,1228,1023,29.3390793734013
2017-05-06 18:00:00.000,909.739016580473,537.328451813544,575.328451813544,769.213459731706,647.932701341472,4025.74559736532,1106.42142886008,669.60535721502,3280.9732139249,904,1001,1228,1023,29.8035873755813
2017-05-06 19:00:00.000,917.788348710656,539.788348710656,579.788348710656,773.715338743429,640.284661256571,4651.86475060826,1085.68709188977,661.171772972441,3312.04922163385,904,1001,1228,1023,30.0797216500864
2017-05-06 20:00:00.000,915.66680115251,537,575.400080691506,783.122646398537,634.730387031656,5162.85407897238,1067.49484559426,648.358950540235,3334.45641978391,904,1001,1228,1023,30.1875
2017-05-06 21:00:00.000,917.700087539627,535.659982492075,575.659982492075,808.485953245083,629.757023377458,5602.12073761724,1052.5204277676,638.433689806332,3354.4795722324,904,1001,1228,1023,30.1445645981866
2017-05-06 22:00:00.000,923.733016310895,533.42046404783,574.630696071745,823.276224742092,623.712704123682,5975.13229999716,1045.19107555864,632.191075558641,3368.8407703678,904,1001,1228,1023,29.9729604225601
2017-05-06 23:00:00.000,929.497460958876,533.246191438314,570.748730479438,840.61090822876,619.59727294281,6285.53542803438,1039.92764956769,623.951766378463,3371.24116810769,904,1001,1228,1022.25355325011,29.7816941562635
2017-05-07 00:00:00.000,930.414613013489,531.414613013489,571,854.899056635418,618.651415046873,6527.41179373444,1031.83906750033,619.919533750166,3380.2413987495,904,1001,1228,1023,29.527895318512
2017-05-07 01:00:00.000,935,530.666130313426,571,867.942974082539,617.504073279819,6712.68228417414,1026.72730709618,614.863653548092,3380.13634645191,904,1001,1228,1023,29.3366392827502
2017-05-07 02:00:00.000,937.000637876241,532.75015946906,571.75015946906,885.254451601166,617.542408600194,6884.52881701847,1019.03790632791,610.845487593488,3374,904,1001,1228,1023,29.0828753545869
2017-05-07 03:00:00.000,936.58230065404,532.583427213269,571.166854426538,894.178144877862,616.821855122138,7031.93341877479,1013.00527105207,606,3372.25395328905,904,1001,1228,1023,28.8832930346095
2017-05-07 04:00:00.000,942.212191530948,533.082230991158,570.376653513264,906.727112193446,617.272691598544,7172.99862654393,1002.77707989144,602.388539945722,3373.91719008142,904,1001,1228,1023,28.7002286001903
2017-05-07 05:00:00.000,945,534.003076078032,573.501538039016,917.471289786818,618.367822446704,7262.61511728437,995.184603242277,598,3374.54768259382,904,1001,1228,1021.1413879819,28.5088367488686
2017-05-07 06:00:00.000,941.921476435043,534.910996374622,572.910996374622,927.853340120983,617,7315.53503308979,986.317429020955,596.579357255239,3360.63485804191,904,1001,1228,1005.59060709419,28.3774608628925
2017-05-07 07:00:00.000,1019.69874237178,535.825314407056,570.063286017639,940.117220792636,617,7356.13096757607,982.653448075823,595.565763461067,3357.6972903832,904,1001,1228,1010.49888454191,28.1880134379694
2017-05-07 08:00:00.000,1051.67397922524,536.630442136138,569.630442136138,951.963007335047,620,7396.27167889174,975.320909002567,589.464181800513,3345.92836360103,904,1001,1228,997.473185285003,28.0610511383515
2017-05-07 09:00:00.000,1066.08262673151,536.673552227626,569.673552227626,955.625082551805,618,7362.74961475824,964.219333345145,587,3328.21933334515,904,1001,1228,903.419274013548,27.9340882836213
2017-05-07 10:00:00.000,1082.57536202811,536.714613502342,571.429227004684,964.764618125709,622,7350.49075187051,961.298667546295,586.298667546295,3327.64933377315,904,1001,1228,930.514001497679,27.8072314347168
2017-05-07 11:00:00.000,1082.94098184654,539.49016364109,573.725409102726,965.039602594021,626.841589623917,7425.29708845711,952.214854613946,585.303713653487,3338.26657711862,904,1001,1228,1023,27.6875
2017-05-07 12:00:00.000,1077.57745974915,540.762909958192,574.525819916384,948.149179060788,626.027123465598,7493.68808014563,939.812437371257,578.812437371257,3342.45837508583,904,1001,1228,1023,27.69508927021
2017-05-07 13:00:00.000,1071.67226980316,544.224089934386,576.103640262456,937.907080822626,625.030973059125,7583.33296038559,927.224153570843,580.265507857494,3354.26550785749,904,1001,1228,1023,27.8920138974255
2017-05-07 14:00:00.000,1062.1040306534,543.328022990052,576.552015326701,909.971117244481,622.985558622241,7652.80871715452,912.107112439803,576.468247208845,3350.27773046191,904,1001,1228,1023,28.224027873634
2017-05-07 15:00:00.000,1064,542.643026403447,576.428684268965,907.18863294546,619.946104872726,7740.26359534552,892.182034996378,572.654610498914,3337.09101749819,904,1001,1228,392.219181821859,28.7363292221084
2017-05-07 16:00:00.000,1072.16506878989,542.433013757977,574.622009171985,925.288120492438,618.827127704537,7889.11170131833,881.546975040259,566.81767498658,3334.0883749329,904,1001,1228,552.048856767338,29.2721391860195
2017-05-07 17:00:00.000,1084.08363579808,543.351919066239,577.513939299679,941.463483043645,617.731741521823,8026.71535594181,879.563579055698,564,3342.10884257469,904,1001,1228,613.879171985986,29.5247253016804
2017-05-07 18:00:00.000,1092.73985020372,542,576.140016644031,940,614,8096.32470262185,866.827652811433,560.591180579595,3331.30059727511,904,1001,1228,902.891368938357,29.6384787299155
2017-05-07 19:00:00.000,1094.71717864136,539,575.883379876487,938.403449010847,613.327584981922,8140.3034561157,858.265612996272,557.911462334576,3316.44268832712,904,1001,1228,594.0590011647,29.6875
2017-05-07 20:00:00.000,1103.77459719557,538.087528771745,573.82494245651,951.167335489216,609.665329021568,8179.17134842451,848.293910398861,555.048985066477,3301.68579093068,904,1001,1228,1023,29.6875
2017-05-07 21:00:00.000,1120.85147543992,537.950491813308,572.049508186692,966.683078473442,606.21038480918,8197.47269366426,841.996560737378,549.989682212134,3288.97248589902,904,1001,1228,1023,29.6697583024406
2017-05-07 22:00:00.000,1137.02785598051,534.009285326837,573.009285326837,983.790353708713,602.488470368939,8207.93082221364,842.882445661144,548.058777169428,3278.76489132229,904,1001,1228,1023,29.5233650003721
2017-05-07 23:00:00.000,1160.44316036211,534.936691376841,570,1002.50941524686,603.301883049372,8214.30188304937,840.425245233157,543.885049046631,3267.62058855958,904,1001,1228,1023,29.3321329164639
2017-05-08 00:00:00.000,1188.02228987442,535.073020705316,572.146041410631,1013.78676608119,603.348345760149,8205.34834576015,837.485142116648,544.656761411099,3251.82838070555,904,1001,1228,1023,29.1408597126076
2017-05-08 01:00:00.000,1209.83596887935,535,570.655755835123,1023.16017758534,604,8184.58008879267,835.542863150941,539.771431575471,3244.62858945282,904,1001,1228,1023,28.974775476966
2017-05-08 02:00:00.000,1221.40902361578,534.843441820469,569,1034.7667765851,605.441694146275,8157.54070488038,831,540,3237.85843861447,904,1001,1228,1023,28.8207412755444
2017-05-08 03:00:00.000,1247.99285174882,537,572.602859300471,1041.44224978889,605,8080.9735517311,828.314469992244,539.342765003878,3226.68553000776,904,1001,1228,1023,28.6584602751279
2017-05-08 04:00:00.000,1259.2053135971,536.482125438842,568.482125438842,1050.35639073799,603.535639073799,7989.03879797425,823.400506607854,535.400506607854,3217.80101321571,904,1001,1228,1018.04385034462,28.5315240646539
2017-05-08 05:00:00.000,1274.55399317615,537.716222980427,571.567554039145,1061.16591321281,607,7942.43512628622,820.541587154946,534.916825690108,3203.24952292967,904,1001,1228,582.880604434233,28.4045790799198
2017-05-08 06:00:00.000,1290.65433209666,537.654332096659,570,1072.78457384623,609.26152461541,7900.95390153836,818.966236362617,536.483118181309,3199.96623636262,904,1001,1228,420.666668924231,28.2776057795906
2017-05-08 07:00:00.000,1296.74185400483,537.370927002413,570.629072997586,1084.71532667319,610.678831668298,7844.88322827299,819,532.848762159658,3194.54628647897,904,1001,1228,198.720509205591,28.1506210218313
2017-05-08 08:00:00.000,1308.58517191652,539,571.755515749551,1091.08942928915,610.181183981065,7768.09408009468,815.36545526405,533.63454473595,3190,904,1001,1228,196.536348545048,28.0236268153388
2017-05-08 09:00:00.000,1318.87463917432,539.541626574925,569.624879724774,1099.77498096139,613.774980961389,7682.40045692667,813.693143551268,535.079430653805,3181.14799514112,904,1001,1228,246.79234772266,27.8966449276057
2017-05-08 10:00:00.000,1326.48202879228,540.992811516913,571.992811516913,1102.36294212697,614.36294212697,7617.44413190455,808.014025279768,533.507012639884,3173.80259479913,904,1001,1228,758.024865814341,27.7699046278168
2017-05-08 11:00:00.000,1336.10532434475,541.526317246304,570.421048261089,1093.42124493577,617.131867403653,7553.57875506423,811.960225546715,608.452240278247,3185.16818043737,904,1001,1228,726.168005129258,27.6875
2017-05-08 12:00:00.000,1702.90795453396,544.107644630189,575,1086.88490964885,621,7427.51277872519,1020.54360687045,1234.17334519637,3183.66745237604,904,1001,1228,315.651599171794,27.7954389352748
2017-05-08 13:00:00.000,1633.65690542987,544.136620155421,572.563944186505,1073.86460300056,619.086460300056,7296.96576070389,1065.72866212483,1130.46179156723,3179.40700681276,904,1001,1228,307.237293121688,27.9216102733685
2017-05-08 14:00:00.000,1590.21105149756,546.198772055827,573.801227944173,1078.78691715039,618.946729287597,7194.036430607,1056.47766937049,1099.85980486688,3182.23572900721,904,1001,1228,232.073899189039,28.1585593496575
2017-05-08 15:00:00.000,1549.65423363447,545.761016688177,572.761016688177,1073.2558491519,620.943144632911,7076.90465479748,1034.91760604849,1038.22847183204,3188.80337013247,904,1001,1228,261.297604656921,28.2992341534404
2017-05-08 16:00:00.000,1515.40537805383,546,574.621624660685,1069,620.989035510015,6976.20832530971,1012.31856027945,986.778702905315,3195.82302206697,904,1001,1228,950.525933867041,28.5381471551973
2017-05-08 17:00:00.000,2151.98502092504,544.623127615631,574,1075.46890543688,616.199160461171,6871.8462378885,1085.54990739297,1515.21360644648,3192.87470622088,904,1001,1228,250.120347081645,28.7284750806682
2017-05-08 18:00:00.000,2502.51850764681,540.641143993763,571.358856006237,1092.36538182306,617.063461817694,6773.79231997855,1294.89488921657,2729.75727505897,3165.40958448407,904,1001,1228,225.927463049586,28.8125
2017-05-08 19:00:00.000,2472.25099173308,543.662580477391,571.662580477391,989.087771316151,615.051743940711,6706.24185457706,1641.7945089687,3748.72615124354,3118.59995821442,904,1001,1228,232.834861218422,28.7623019248953
2017-05-08 20:00:00.000,2257.89688184622,544,573,919.801885052898,615.959905747355,6647.40329884257,1832.84599132941,2819.18934176167,3132.9229956647,904,1001,1228,221.922355358556,28.6875
2017-05-08 21:00:00.000,2067.87275031244,542,570.463102959555,900.21535814529,615.080759304484,6605.4845558269,1818.57695794493,2316.00009471608,3136.84615176448,904,1001,1228,199.438684469054,28.5112397224145
2017-05-08 22:00:00.000,1907.15953569982,543.463121428893,571.268439285554,840.653728048461,615.973850878062,6572.22226753648,2172.76437545335,2878.2687061669,3115.06828234583,904,1001,1228,206.531707167283,28.3856368553284
2017-05-08 23:00:00.000,1721.90872678791,547.513139404713,577.513139404713,805,619.002966211493,6556.00296621149,2381.28570646839,2741.3517860568,3134.8791094538,904,1001,1228,203.919177625499,28.2074914335989
2017-05-09 00:00:00.000,1601.58469457639,546.217833967645,573.782166032355,803.081930092963,621.032772037185,6545.08193009296,2364.05956982864,2324.66840383784,3179.25028300748,904,1001,1228,186.14927622447,28.0718297640293
2017-05-09 01:00:00.000,1544.7942877051,548.191771508204,574.958857541021,812.095068459099,619.095068459099,6536.84155256817,2269.05033100622,2049.60557490109,3218.07078397399,904,1001,1228,192.617878866429,27.8922765141696
2017-05-09 02:00:00.000,1485.95648072264,545.661831191405,574.165457797851,814.236063637102,621,6513.81114909032,2187.51972893632,1838.16768198897,3260.70864887534,904,1001,1228,185.873059814314,27.7579337616054
2017-05-09 03:00:00.000,1463.11092896052,550.444535519741,576,818.251581877155,619.188686407866,6484.62895469289,2101.652741619,1671.56149901666,3287.8352268237,904,1001,1228,188.191330783947,27.5769405217152
2017-05-09 04:00:00.000,1434.56192952317,552,575,823.15683354894,622.07841677447,6483.58849805954,2024.27275908033,1550.34854104191,3315.37876985448,904,1001,1228,187.93796184201,27.4440136239029
2017-05-09 05:00:00.000,1409.3441746835,549,573.913956329125,826.812552069803,623,6450.00083311684,1950.16219377272,1444.26872135293,3337.89347241979,904,1001,1228,187.279624275034,27.3183255057299
2017-05-09 06:00:00.000,1387.12488950248,550,576.059204710657,825.437552528802,622.8906118678,6409.453059339,1887.6728012827,1363.42140848887,3367.82441312964,904,1001,1228,190.11908074648,27.1926111936237
2017-05-09 07:00:00.000,1382.83766922825,550,576.935067691301,833.625070543024,624.625070543024,6419.87558785854,1823.26237661487,1291.61619948667,3379.41529148724,904,1001,1228,195.859229210511,27.125
2017-05-09 08:00:00.000,1373.96077548152,551.99439649736,576,834.28119271346,626,6401.71880728654,1758.19017667154,1229.73443714704,3385.77213023775,904,1001,1228,174.472703481437,27.0036929959487
2017-05-09 09:00:00.000,1350.25671396799,550.10696415333,573.128356983996,835.468838427801,625.843720524066,6391.43720524066,1711.86355330843,1182.3745422791,3403.67399264711,904,1001,1228,182.66769817402,26.8779669805891
2017-05-09 10:00:00.000,1339.76584390192,550.234156098076,591.859506341154,836.317591488858,625.170602127786,6374.90023617235,1667.16276305395,1318.36669014747,3407.2450911331,904,1001,1228,185.590445328578,26.8148064270648
