dateRange,d15cm_fused,d45cm_fused,d75cm_fused,wetness,soil_temperature,temp_inst,temp_max,temp_min,umid_inst,umid_max,umid_min,pto_orvalho_inst,pto_orvalho_max,pto_orvalho_min,pressao,pressao_max,pressao_min,vento_vel,vento_direcao,vento_rajada,radiacao,precipitacao,EToPM
2017-04-25 15:00:00.000,0,0,0,1023,27.625,30.5,30.8,29.8,63,65,58,22.8,23.5,21.1,99.89,100.01,99.89,3.6,121,7.7,3.317,0,1.03062832189397
2017-04-25 16:00:00.000,10.2545576678673,10.7363617289735,10.1934184607813,1023,27.6875,31,31.6,29.9,59,64,57,22,23.3,21.5,99.81,99.89,99.81,3.3,116,7.6,3.36,0,1.06676777484537
2017-04-25 17:00:00.000,10.1640491317482,10.6388471734199,10.2011137548887,1023,27.875,31.2,31.7,30.8,58,62,54,21.9,23.1,21,99.75,99.81,99.75,3.6,121,7.6,3.06,0,0.98944534773468
2017-04-25 18:00:00.000,10.0908629629858,10.5442620311308,10.2000248652457,1023,28.0625,31.2,31.4,30.8,58,61,56,21.9,22.6,21.2,99.69,99.75,99.69,3.1,109,6.9,2.286,0,0.553030215106444
2017-04-25 19:00:00.000,10.0423290714951,10.4799984811978,10.292602417944,1023,28.3125,30,31.3,29.4,68,69,58,23.5,23.6,21.2,99.72,99.72,99.68,4.5,80,8,1.314,0,0.301847180080857
2017-04-25 20:00:00.000,10.0120951661055,10.4015823772464,10.2937240618494,1023,28.4375,28.4,30,28.2,73,75,68,23,23.5,23,99.76,99.76,99.72,2.9,89,6.6,0.2016,0.2,0.0907105750031168
2017-04-25 21:00:00.000,10.0266843363449,10.3348505306873,10.2924584020359,1023,28.625,27.4,28.4,27.4,73,74,72,22.1,22.9,22,99.79,99.79,99.76,3.5,100,6.4,0.04448,0,0.0637737242406371
2017-04-25 22:00:00.000,10.0256972288113,10.2619682307628,10.2650592028097,1023,28.6875,27,27.4,26.9,74,75,73,21.9,22.2,21.9,99.88,99.88,99.79,5.5,101,9.4,0,0,0.066688341978299
2017-04-25 23:00:00.000,10.0201443474331,10.207565917679,10.2431860762076,1023,28.75,26.6,27,26.6,76,76,74,22.1,22.1,21.9,99.96,99.96,99.88,3.9,108,9.4,0,0,0.0514337163928584
2017-04-26 00:00:00.000,10.0415437712472,10.1734649222238,10.2413783508609,1023,28.8125,26.5,26.7,26.4,77,77,75,22.1,22.1,21.9,100,100,99.96,2.9,106,6.9,0,0,0.0416478690837383
2017-04-26 01:00:00.000,10.0147727939646,10.122221447415,10.1972004935791,1023,28.75,26.5,26.6,26.4,78,78,77,22.4,22.4,22.1,100.01,100.01,99.99,4.5,104,7.3,0,0,0.0504952987591079
2017-04-26 02:00:00.000,9.98839038615791,10.0705443707806,10.1611507734686,1023,28.6875,26.3,26.5,26.3,81,81,78,22.7,22.7,22.4,99.97,100.01,99.97,4.1,109,7.5,0,0,0.041335120492426
2017-04-26 03:00:00.000,9.98508862855072,10.0499588886413,10.1390030992857,1023,28.6875,26.3,26.3,26.1,81,82,81,22.8,22.9,22.7,99.92,99.97,99.92,3.7,109,6,0,0,0.0391824794694883
2017-04-26 04:00:00.000,9.96449079296049,10.0006646208153,10.098782270553,1023,28.625,26.3,26.5,26.2,82,82,81,22.9,22.9,22.8,99.85,99.92,99.85,4.1,106,7.9,0,0,0.0391416756263307
2017-04-26 05:00:00.000,9.93496329084666,9.95339674571356,10.0609994753992,1023,28.5,26.3,26.4,26.1,82,83,81,23,23,22.9,99.81,99.85,99.81,3.7,116,7.5,0,0,0.0571607967739133
2017-04-26 06:00:00.000,9.92208970273408,9.89929094056215,10.0135931871948,1023,28.4375,26.2,26.3,26.1,82,83,82,22.9,23,22.9,99.8,99.81,99.79,4,115,8.4,0,0,0.0607533250604694
2017-04-26 07:00:00.000,9.89325273243135,9.85540069042546,9.9626729467151,1023,28.3125,26.1,26.2,26,82,83,82,22.9,23,22.8,99.81,99.82,99.79,3.9,119,7,0,0,0.0593798573243587
2017-04-26 08:00:00.000,9.88663555934496,9.85218057056833,9.94516970386653,1023,28.25,25.7,26.1,25.7,81,82,81,22.3,22.9,22.2,99.84,99.84,99.8,3,108,7.6,0,0,0.0499617871462988
2017-04-26 09:00:00.000,9.8803931618431,9.8236497090133,9.91593683418371,1023,28.1875,26.1,26.1,25.7,80,82,80,22.4,22.4,22.2,99.92,99.92,99.84,2.4,113,5.8,0.02751,0,0.0511844417142523
2017-04-26 10:00:00.000,9.79073927408143,9.81887130955842,9.87640650999961,1023,28.0625,27.8,27.8,26.1,74,80,74,22.8,23.1,22.4,99.98,99.98,99.92,2.4,115,4.5,0.4924,0,0.194748244309636
2017-04-26 11:00:00.000,9.71832070301945,9.8027395855237,9.8511936973991,1023,28,28.2,28.4,27.8,74,75,73,23.1,23.4,22.7,100.07,100.07,99.98,3.3,118,6.6,1.336,0,0.433310342235648
2017-04-26 12:00:00.000,9.64337959338264,9.78204796799417,9.56556081851179,1023,27.9375,28.7,29.1,27.8,73,76,70,23.4,23.6,22.5,100.09,100.09,100.07,3.9,109,7.6,1.821,0,0.569511649643649
2017-04-26 13:00:00.000,9.60230262639122,9.7715164160741,9.40084836202191,1023,27.9375,28.8,29.8,28.6,71,73,68,22.9,23.9,22.5,100.07,100.09,100.06,4.1,111,7.9,1.925,0,0.604647786123671
2017-04-26 14:00:00.000,9.54715289703056,9.75348278081662,9.32328231737836,NaN,27.9375,30.1,30.2,28.7,66,72,65,23.1,24.2,22.3,100,100.07,100,4,119,8.2,2.063,0,0.674750228726666
2017-04-26 15:00:00.000,9.50186231937997,9.7417913373738,9.29596260007978,1023,27.9375,31,31.2,29.6,61,68,61,22.6,23.8,22.2,99.89,100,99.89,4,116,8.2,3.104,0,0.986027939652062
2017-04-26 16:00:00.000,9.46437116786145,9.71523812768516,9.28398461593642,1023,27.9375,31.7,31.7,30.8,58,64,54,22.2,23.6,21.1,99.75,99.89,99.75,3.7,123,8,3.285,0,1.05991302724635
2017-04-26 17:00:00.000,9.44831572764524,9.68744221930987,9.27648398926052,1023,27.9375,31.1,31.9,30.9,56,58,52,21.4,22,20.5,99.69,99.75,99.69,4.2,126,8.3,2.976,0,0.972542011793245
2017-04-26 18:00:00.000,9.4482511539475,9.6680346681839,9.2664773930052,1023,27.9375,30.5,31.4,30.3,62,63,55,22.4,22.8,20.8,99.68,99.69,99.66,4,99,7.5,1.453,0,0.353375958470229
2017-04-26 19:00:00.000,9.45317586898616,9.63247568269643,9.25280347644804,1023,27.9375,27.6,30.5,27.6,78,79,61,23.5,24.2,22.1,99.74,99.74,99.67,3.6,63,7.5,1.242,0,0.260476026875432
2017-04-26 20:00:00.000,9.60533473926628,9.75269382755257,9.35907737400099,1000,28.8125,27.5,27.9,27.2,72,79,72,22,23.7,22,99.78,99.78,99.74,3.8,96,6.3,0.1912,0,0.0930291669404676
2017-04-26 21:00:00.000,9.68529238899147,9.76145561936791,9.3992058349268,1004,28.9375,26.6,27.5,26.6,75,75,71,21.9,22.1,21.6,99.87,99.87,99.78,1.8,69,5.5,0.01494,0,0.0365261438365803
2017-04-26 22:00:00.000,9.74337321453023,9.75379807700061,9.39655340192816,1023,29,26.7,27,26.4,69,78,68,20.4,22.3,20.4,99.92,99.92,99.87,2.3,112,4.5,0,0,0.0488846798128605
2017-04-26 23:00:00.000,9.78018974908825,9.74069984643227,9.38633045334084,1023,29,26.3,26.7,25.6,75,75,68,21.4,21.4,20.2,99.99,99.99,99.92,2.5,99,4.5,0,0,0.041083033140768
2017-04-27 00:00:00.000,9.82630578815515,9.74214195543608,9.3780187614678,1023,29,26.3,26.4,26.2,77,77,74,21.9,21.9,21.4,100,100.01,99.99,2.4,115,5.8,0,0,0.0368358265546701
2017-04-27 01:00:00.000,9.84545598633372,9.74152872139959,9.3775756563759,1023,29,26,26.4,25.8,78,79,76,22,22.1,21.8,100,100.03,100,2.9,100,5.3,0,0,0.0391888523790861
2017-04-27 02:00:00.000,9.836219182885,9.73275290940432,9.35673529732806,1023,28.875,26,26.2,25.7,79,80,78,22.1,22.1,21.9,99.98,100,99.98,3.5,104,5,0,0,0.0416046096531188
2017-04-27 03:00:00.000,9.85615315479409,9.72122138285809,9.35512774614719,1023,28.875,25.7,26,25.7,82,82,79,22.4,22.4,22,99.92,99.98,99.92,2.8,106,5,0,0,0.0310841605195458
2017-04-27 04:00:00.000,9.86466405727607,9.70862120089628,9.33866584399179,1023,28.75,25.9,25.9,25.7,82,83,82,22.6,22.6,22.4,99.9,99.92,99.89,2.7,111,4.6,0,0,0.0306100804915579
2017-04-27 05:00:00.000,9.86586631541055,9.70077512889093,9.33240828346908,1023,28.6875,26,26,25.8,82,83,82,22.6,22.7,22.5,99.86,99.9,99.86,2.8,121,5.1,0,0,0.044948431413443
2017-04-27 06:00:00.000,9.86050212344608,9.68849378678276,9.30605058835752,1023,28.5625,26.4,26.4,25.9,82,82,81,23,23,22.5,99.84,99.86,99.84,3,118,5.1,0,0,0.0481009414120764
2017-04-27 07:00:00.000,9.85907785179838,9.68665756699087,9.29914605158363,1023,28.5,26.2,26.5,26.1,82,82,81,22.9,23,22.8,99.87,99.87,99.83,3,104,5.6,0,0,0.0478910871971352
2017-04-27 08:00:00.000,9.85805862559763,9.67357493343837,9.29014166462216,1023,28.375,25.9,26.2,25.9,83,83,81,22.8,22.9,22.6,99.93,99.93,99.87,2.9,100,5.8,0,0,0.0436616386013228
2017-04-27 09:00:00.000,9.91458495457058,9.6598094979975,9.26994933289654,1023,28.25,25.7,26,25.6,84,84,82,22.7,22.9,22.5,99.98,99.98,99.93,1.5,127,4.6,0.009895,0,0.0255779063573858
2017-04-27 10:00:00.000,9.93381236100247,9.6567959541824,9.26998200633242,1023,28.1875,28.3,28.3,25.7,75,84,73,23.4,23.7,22.7,100.03,100.03,99.98,1.2,114,2.9,0.3157,0,0.123598803759761
2017-04-27 11:00:00.000,9.93451937540781,9.65078186311754,9.27011521628256,1023,28.1875,29.1,29.1,28.3,74,75,71,23.9,23.9,22.7,100.16,100.16,100.03,3.1,111,7,1.43,0,0.465084004144554
2017-04-27 12:00:00.000,9.93463370394319,9.63513423597128,9.24538169390417,1023,28,29.7,29.9,28.9,67,74,67,23,24,22.8,100.19,100.2,100.14,3.3,128,7.3,2.215,0,0.706272228112103
2017-04-27 13:00:00.000,9.98728301599606,9.49581518995484,9.16994290963565,818,28,30.3,30.3,29.1,66,71,66,23.3,24.1,22.8,100.19,100.23,100.19,4.7,104,8.2,2.856,0,0.884532667480781
2017-04-27 14:00:00.000,9.85221116169778,9.37630535575905,8.99095981282949,888,26.6875,28,30.7,27.6,81,81,65,24.4,24.5,22.8,100.15,100.2,100.14,4.2,72,8.5,2.017,0,0.581681341933566
2017-04-27 15:00:00.000,10.0271783985371,9.54482858360612,9.1124783599517,NaN,26.6875,29.8,30.2,27.6,73,87,72,24.4,26.4,24.2,100.01,100.15,100.01,4.3,108,9.5,2.869,0.6,0.855162696510721
2017-04-28 18:00:00.000,10.4708653117583,9.5059297836732,9.40246492155212,NaN,26.6875,31,31.5,30.6,63,64,60,23.3,23.8,22.3,99.77,99.81,99.77,5.6,99,9.1,2.316,0,0.466775508710776
2017-04-28 19:00:00.000,10.5709862677638,9.44441644280444,9.52405959180251,NaN,26.6875,29.7,31.3,29.6,67,67,62,22.9,23.5,22.6,99.78,99.78,99.77,4.2,99,9.1,1.28,0,0.299993392952216
2017-04-28 20:00:00.000,10.6143687997248,9.41463293433331,9.65971707893937,NaN,26.6875,28.6,29.7,28.6,74,74,66,23.5,23.7,22.6,99.83,99.84,99.78,4.1,86,8.1,0.16,0,0.0879820952899925
2017-04-28 21:00:00.000,10.6239708956381,9.39232161528675,9.80802974767199,NaN,26.6875,27.6,28.6,27.6,78,78,74,23.4,23.8,23.4,99.89,99.9,99.82,4,83,6.9,0.04208,0,0.0563565414784035
2017-04-28 22:00:00.000,10.6334758667486,9.37678866758809,9.95900407170758,NaN,26.6875,27.1,27.6,27.1,79,79,77,23.1,23.4,23,99.97,99.97,99.89,4.1,105,7.3,0,0,0.0470101808416101
2017-04-28 23:00:00.000,10.6375002041278,9.36127422284999,10.0889089765931,NaN,26.6875,27,27.1,27,80,80,78,23.3,23.4,22.9,100.01,100.01,99.97,3.9,110,8,0,0,0.0434767355885542
2017-04-29 00:00:00.000,10.632840438645,9.34567803749293,10.1596210359244,NaN,26.6875,27.1,27.1,27,81,81,80,23.5,23.5,23.3,100.05,100.06,100.01,5.5,108,9.6,0,0,0.0489482968701011
2017-04-29 01:00:00.000,10.6387366614868,9.34423756896511,10.1804911084936,NaN,26.6875,27,27.1,26.9,80,81,80,23.3,23.6,23.3,100.09,100.09,100.05,5.9,107,10.5,0,0,0.0529117721588149
2017-04-29 02:00:00.000,10.6350820297521,9.34445702530508,10.1737810871861,NaN,26.6875,26.9,27,26.8,81,81,80,23.4,23.5,23.3,100.12,100.13,100.09,4.5,116,9.5,0,0,0.0442710109066066
2017-04-29 03:00:00.000,10.631319190344,9.33811514203528,10.1300218022418,NaN,26.6875,26.7,26.9,26.6,81,81,81,23.1,23.4,23.1,100.07,100.12,100.07,5.1,113,8.5,0,0,0.0466090504995958
2017-04-29 04:00:00.000,10.7684701661705,9.39004437992897,10.1367845600096,NaN,26.6875,26.5,26.8,26.5,81,81,80,23,23.1,22.9,99.99,100.07,99.99,4.5,108,8.9,0,0,0.0436063876623524
2017-04-29 05:00:00.000,10.9084067065938,9.39135935799685,10.2656657697584,NaN,26.6875,26.1,26.6,26.1,82,82,80,22.8,23,22.7,99.88,99.99,99.88,3.1,112,8.6,0,0,0.0491277760438189
2017-04-29 06:00:00.000,10.9988723612484,9.39059118301664,10.3402680765489,NaN,26.6875,26.1,26.4,26,79,82,78,22.1,22.8,22.1,99.83,99.88,99.82,3.1,109,7.3,0,0,0.0572975754909375
2017-04-29 07:00:00.000,11.0341377029053,9.38061874604594,10.3617607381993,NaN,26.6875,26.1,26.4,26.1,79,79,77,22.1,22.1,22,99.85,99.85,99.83,2.1,116,6.4,0,0,0.0408843200839848
2017-04-29 08:00:00.000,11.0318942771665,9.36863847161998,10.363284201574,NaN,26.6875,26.3,26.6,26,78,79,76,22.2,22.2,21.9,99.92,99.92,99.85,2.1,136,6.8,0,0,0.0430345042358699
2017-04-29 09:00:00.000,11.0280196927315,9.36785526669954,10.36158029562,NaN,26.6875,26.6,26.6,26.3,75,78,75,21.9,22.3,21.9,99.97,99.97,99.92,4.6,136,9.3,0.0197,0,0.100140354219154
2017-04-29 10:00:00.000,11.0217739586327,9.36331618707809,10.371375303545,NaN,26.6875,27.6,27.6,26.5,71,76,71,21.8,21.9,21.7,100.03,100.03,99.97,4.6,135,10.3,0.4532,0,0.22555431024977
2017-04-29 11:00:00.000,10.998953044258,9.36082927167438,10.3649067559345,NaN,26.6875,28.4,28.4,27.5,67,71,67,21.8,22.1,21.4,100.08,100.08,100.03,5.1,139,10.9,1.433,0,0.495181613687215
2017-04-29 12:00:00.000,10.9043274241764,9.36079666167072,10.3565454263681,NaN,26.6875,28.5,28.7,28.3,67,68,65,21.8,21.9,21.4,100.1,100.1,100.08,4.9,133,11.1,1.936,0,0.619846101995248
2017-04-29 13:00:00.000,10.8184382635197,9.35625545963575,10.363708594646,NaN,26.6875,29.1,29.4,28.5,66,69,65,22.1,23.1,21.5,100.09,100.11,100.09,4.5,129,9.1,2.051,0,0.660027026863674
2017-04-29 14:00:00.000,10.7218319166541,9.35604507344639,10.3565091551788,NaN,26.6875,30.5,30.8,29,63,67,62,22.8,23.5,21.8,100.01,100.09,100.01,3.9,123,9.3,2.848,0,0.901498224346501
2017-04-29 15:00:00.000,10.6440844642688,9.34797238227002,10.3548746465326,NaN,26.6875,31,31.4,29.6,63,67,60,23.1,24.1,21.9,99.92,100.01,99.92,3.5,152,7.8,2.719,0,0.875023389076467
2017-04-29 16:00:00.000,10.5741624328403,9.34295938013218,10.3548679163953,NaN,26.6875,31.4,31.7,30.7,63,63,58,23.4,23.4,22.1,99.87,99.92,99.87,5.2,117,9,3.212,0,1.00751163165431
2017-04-29 17:00:00.000,10.4907459712102,9.32992332612322,10.3455793329747,NaN,26.6875,31.8,32.1,31.2,60,63,57,23.1,23.6,22.3,99.78,99.87,99.78,3.7,115,9,3,0,0.975375106103251
2017-04-29 18:00:00.000,10.4232619118283,9.3211079731256,10.3322519521279,NaN,26.6875,31.6,31.8,30.3,63,64,58,23.6,23.6,22,99.76,99.78,99.76,3.1,118,7.3,1.576,0,0.402799779633174
2017-04-30 00:00:00.000,10.4990501860693,9.26366062527631,10.2666490385132,NaN,26.6875,25.7,26,25.3,84,86,84,22.8,23.2,22.7,100.14,100.14,100.07,0.5,271,NaN,0,0,0.00740712011238246
2017-04-30 01:00:00.000,10.5215122571205,9.25972084092504,10.2564909095715,NaN,26.6875,26.3,26.3,25.4,86,86,84,23.7,23.7,22.7,100.15,100.15,100.14,1.6,104,4.2,0,0,0.0170226341323327
2017-04-30 02:00:00.000,10.5341482610461,9.25490718007813,10.238374826018,NaN,26.6875,26.6,26.6,26.3,84,86,84,23.7,23.7,23.5,100.15,100.17,100.14,2.5,102,4.4,0,0,0.026561104913851
2017-04-30 03:00:00.000,10.5569216349279,9.26298734050334,10.2386685697909,NaN,26.6875,26.6,26.7,26.5,85,85,84,23.8,23.8,23.7,100.11,100.15,100.11,2.3,116,4.9,0,0,0.0236041898173289
2017-04-30 04:00:00.000,10.5693963990948,9.26215445237599,10.2376145553979,NaN,26.6875,26.4,26.7,26.2,87,87,85,24,24,23.8,100.02,100.11,100.02,3.3,104,5.5,0,0.4,0.0252814555164353
2017-04-30 05:00:00.000,10.5740243773062,9.25270156988216,10.2329060807824,NaN,26.6875,26.5,26.5,26.3,85,87,85,23.7,24,23.7,99.95,100.02,99.95,3.3,112,6.5,0,0,0.0435686764923078
2017-04-30 06:00:00.000,10.5951389828461,9.25943343991536,10.2327856054401,NaN,26.6875,26.3,26.5,26.2,85,85,84,23.5,23.7,23.5,99.92,99.95,99.91,2.1,122,7.3,0,0,0.0293417074335476
2017-04-30 07:00:00.000,10.6944878805241,9.40550487044803,10.4113995667201,NaN,26.6875,26.5,26.5,26.3,84,85,84,23.6,23.6,23.5,99.93,99.95,99.91,1.7,117,5.5,0,0,0.0259914262929368
2017-04-30 08:00:00.000,10.7843439981165,9.42173554507053,10.5462435371708,NaN,26.6875,25.5,26.6,25.5,87,87,83,23.1,23.6,23.1,99.98,99.98,99.92,2.7,76,4.6,0,0.4,0.0311333693838578
2017-04-30 09:00:00.000,10.8261515324035,9.44498052921216,10.6405272232338,NaN,26.6875,24.4,25.5,24.4,90,90,87,22.7,23.2,22.6,100.03,100.03,99.98,0.3,15,4.6,0.01937,0,0.00867110263190188
2017-04-30 10:00:00.000,10.8746532633924,9.46938478011596,10.7060492251993,NaN,26.6875,25.2,25.3,24.4,91,91,90,23.7,23.8,22.8,100.13,100.13,100.02,2.1,351,5.5,0.1257,0.4,0.0508374108188448
2017-04-30 11:00:00.000,10.9182058927018,9.50300314193024,10.7620622486865,NaN,26.6875,24,25.2,23.5,89,92,89,22.2,23.5,22,100.23,100.24,100.13,2,140,10.8,0.1037,6.2,0.0469084567228564
2017-04-30 12:00:00.000,10.7916107677626,9.57684271211213,10.8121230776401,NaN,26.6875,27.3,27.5,24,79,89,79,23.4,24,22.2,100.2,100.23,100.18,2.2,94,4.3,0.8423,0,0.276101182352836
2017-04-30 13:00:00.000,10.6556095435211,9.64562917752852,10.8609225874267,NaN,26.6875,28.2,28.4,27,75,80,72,23.3,24.1,22.5,100.2,100.21,100.19,4.2,119,8.6,1.838,0,0.560447505089024
2017-04-30 14:00:00.000,10.5171981153133,9.74514602481907,10.908291134437,NaN,26.6875,27.5,28.8,27.5,79,79,73,23.6,24.2,22.8,100.2,100.22,100.2,2.9,117,8.7,1.701,0.6,0.510578866983451
2017-04-30 15:00:00.000,10.3769355778244,9.83671927937535,10.9535273675853,NaN,26.6875,29,29.2,26.9,71,85,71,23.3,25,22.8,100.11,100.2,100.11,2.8,125,6.9,1.788,0,0.57001093970028
2017-04-30 16:00:00.000,10.2403410094198,9.9455074174007,10.9957241261543,NaN,26.6875,25.8,29,25,88,89,70,23.7,23.7,21.9,100.02,100.12,100.02,2.9,112,11,0.8309,0.4,0.246199435866804
2017-04-30 17:00:00.000,10.1222360064657,10.0567335577815,11.0349582037031,NaN,26.6875,28.2,29,25.8,75,88,73,23.4,24.8,23,99.93,100.03,99.93,3.4,112,6.1,1.952,0,0.593570852919127
2017-04-30 18:00:00.000,10.0176799044706,10.1765585922117,11.0719249228905,NaN,26.6875,29,29.7,28.1,72,78,71,23.5,24.4,23.3,99.88,99.93,99.88,3.2,87,5.8,1.671,0,0.372593708347402
2017-04-30 19:00:00.000,9.93057659814065,10.2548437259033,11.1070238841126,NaN,26.6875,29.4,29.6,28.7,70,75,67,23.2,24.1,22.5,99.9,99.9,99.86,2.3,122,5.7,1.424,0,0.356572383763382
2017-04-30 20:00:00.000,9.89549895507949,10.210549642053,11.1439290868617,NaN,26.6875,27.4,29.4,27.4,80,80,68,23.6,23.6,22.6,99.95,99.95,99.9,2.9,82,5.5,0.4346,0,0.118676999149871
2017-04-30 21:00:00.000,9.88733483344802,10.1974139336993,11.1817195593872,NaN,26.6875,26.2,27.4,26.2,85,85,80,23.6,23.8,23.6,100.02,100.02,99.95,1.7,68,4.3,0.02864,0,0.0252250723361107
2017-04-30 22:00:00.000,9.88598102991805,10.1995223639617,11.2204474491717,NaN,26.6875,25.4,26.2,25.4,88,88,86,23.2,23.7,23.2,100.05,100.05,100.02,1.4,104,2.5,0,0,0.0128979920464164
2017-04-30 23:00:00.000,9.89589243606504,10.2035773156268,11.2600781951237,NaN,26.6875,25.7,26.3,25.3,85,88,84,23,23.5,23,100.09,100.09,100.05,0.5,110,2,0,0,0.00694186899624494
2017-05-01 00:00:00.000,9.8875792319222,10.2067640827356,11.3006972124859,NaN,26.6875,25.4,25.9,25.4,85,86,85,22.7,23.2,22.6,100.13,100.14,100.09,0.5,181,1.6,0,0,0.00689872028266652
2017-05-01 01:00:00.000,9.88809873755429,10.2064672583484,11.3423122176863,NaN,26.6875,25.4,25.6,25.3,84,85,83,22.5,22.7,22.5,100.18,100.18,100.13,0.5,96,1.2,0,0,0.00736106549251079
2017-05-01 02:00:00.000,9.90454237564797,10.2163262131431,11.3848865510302,NaN,26.6875,25.5,25.7,25.2,85,86,83,22.8,22.9,22.5,100.17,100.18,100.16,0.8,28,1.6,0,0,0.0103832452083959
2017-05-01 03:00:00.000,10.0683861005531,10.09461344145,11.4204696064916,NaN,26.6875,25,25.6,25,86,86,85,22.6,22.9,22.4,100.12,100.18,100.12,1.2,64,2.3,0,0,0.0132526929325809
2017-05-01 04:00:00.000,10.1828656393294,10.0652966332549,11.4571478433425,NaN,26.6875,24.3,25,24.3,89,89,86,22.4,22.8,22.4,100.06,100.12,100.06,0.5,172,1.9,0,0,0.00493473702516123
2017-05-01 05:00:00.000,10.2593851894697,10.063695998864,11.494930424204,NaN,26.6875,24.8,24.8,24.3,90,91,89,23.2,23.2,22.5,100.02,100.06,100.02,2,90,3.1,0,0,0.0181421446230325
2017-05-01 06:00:00.000,10.3122693358826,10.0627362443618,11.5338987948065,NaN,26.6875,25.6,25.7,24.8,81,90,81,22,23.3,22,99.97,100.02,99.97,1.6,121,4.3,0,0,0.0286792919058367
2017-05-01 07:00:00.000,10.3988387072067,10.0692703307392,11.573992097479,NaN,26.6875,25.4,25.8,25.3,80,81,78,21.6,22,21.6,99.97,99.97,99.95,2.2,96,4.9,0,0,0.0399911905273064
2017-05-01 08:00:00.000,10.465776846251,10.0659503869675,11.6152015350328,NaN,26.6875,25.5,25.6,25.1,78,81,78,21.5,21.8,21.4,99.99,100,99.97,1.4,138,3.8,0,0,0.0293276347493219
2017-05-04 14:00:00.000,10.579220045367,10.4487185401281,11.72585195485,1008.04574075894,29.0532291662217,29.7,30.4,28.6,66,69,63,22.7,23.6,21.5,99.99,100.04,99.99,4.3,117,8.1,2.961,0,0.904847501380258
2017-05-04 15:00:00.000,10.653308735063,10.4398433888612,11.7522986418296,1023,28.0792781913702,30.4,30.4,29.4,66,69,62,23.2,23.9,21.8,99.9,99.99,99.9,4.6,116,8.8,3.022,0,0.93060368908571
2017-05-04 16:00:00.000,10.6611485284092,10.3843675346483,11.7784609880893,1023,28.4952564345946,30,30.9,29.4,64,67,60,22.4,23.7,21.6,99.83,99.9,99.83,3.6,125,8.2,2.619,0,0.829794748020318
2017-05-04 17:00:00.000,10.6747354770875,10.3529066820745,11.8039922630373,1023,28.9309856907624,29.1,30.8,29,68,70,63,22.7,23.7,22,99.74,99.83,99.74,4.3,118,9.1,1.94,0,0.623744312434885
2017-05-04 18:00:00.000,10.6865038276839,10.3209478973724,11.8295197981135,1023,29.286778585396,30.2,30.9,29.1,62,69,61,22.1,23.9,22.1,99.69,99.74,99.69,3.6,120,7.3,2.254,0,0.50543703985721
2017-05-04 19:00:00.000,10.7174923880752,10.2872335599691,11.8551675713596,1020.29651997423,29.5,29.2,31,29.2,69,69,61,22.9,23.5,21.8,99.7,99.7,99.68,3.9,90,7.3,1.134,0,0.269808629793579
2017-05-04 20:00:00.000,10.7377221350638,10.2349598837102,11.8809863143841,1013.96737744572,29.5,25.9,29.2,25.9,77,77,69,21.5,23.7,21.5,99.79,99.8,99.7,5.8,85,14,0.483,2.6,0.11928887701989
2017-05-04 21:00:00.000,10.7491456265841,10.1737640770825,11.9072319849849,971.550072247671,29.4178981377709,24.9,25.7,24.4,90,91,77,23.1,23.4,21.3,99.84,99.85,99.79,0.5,201,14,0.0317,2.4,0.0130296573978185
2017-05-04 22:00:00.000,10.766651603482,10.109379757285,11.9341352230494,976.937810064676,29.2716970824351,24.8,25,24.5,89,91,89,22.9,23.2,22.8,99.91,99.91,99.84,1.2,125,3.3,0,0,0.0103449173158094
2017-05-04 23:00:00.000,10.7517595367418,10.0421816496312,11.9623144550321,982.220864675324,29.0825063579068,25.5,25.5,24.8,84,89,84,22.6,23,22.5,100.01,100.01,99.91,2.9,112,4.7,0,0,0.028032071637729
2017-05-05 00:00:00.000,10.7429065920845,9.98779192377361,11.9912425522955,959.844057487296,28.8307797125635,25.8,25.8,25.5,83,84,83,22.8,22.8,22.5,100.04,100.05,100.01,3.2,113,5,0.00017,0,0.0318687918769962
2017-05-05 01:00:00.000,10.7153721300628,9.92758055742087,12.0214134211958,995.46784755254,28.6416297639831,26.2,26.3,25.8,83,84,83,23.1,23.1,22.8,100.05,100.06,100.04,2.2,105,6.1,0.001706,0,0.0260082960336078
2017-05-05 02:00:00.000,10.7018329141391,9.88314824697941,12.0528758481694,480.24266547101,28.4762591148752,25.9,26.2,25.9,87,87,83,23.5,23.5,23.1,100.02,100.05,100.02,2,80,4.2,0,0.2,0.0182533895349449
2017-05-05 03:00:00.000,10.6808347440106,10.0265514161363,12.0856943977211,296.77917913124,28.3259000228824,25.7,26.3,25.7,87,87,84,23.4,23.6,23.3,99.98,100.02,99.97,3,78,5,0,0.2,0.0233825551662315
2017-05-05 04:00:00.000,10.8147382917073,9.90968346048366,12.1205206067871,444.707949286516,28.0741401995393,24.5,25.7,24.5,91,91,87,22.8,23.6,22.8,99.93,99.98,99.93,5.3,84,9.1,0,0.6,0.0206001738984194
2017-05-05 05:00:00.000,10.8652355159916,9.82330125632573,12.157450163537,529.843829391949,27.8223357880718,24.6,24.7,24.1,90,92,90,22.8,23,22.6,99.89,99.93,99.89,3.3,100,9.1,0,0,0.0277448945463381
2017-05-05 06:00:00.000,10.8321063432106,9.85025253300847,12.1957555312219,392.717285107883,27.5977542273286,25.3,25.3,24.5,84,90,84,22.3,22.8,22.3,99.83,99.89,99.82,1.5,128,5.4,0,0,0.0226053624677541
2017-05-05 07:00:00.000,10.7973659596968,9.89332735399209,12.2353806167654,327.395586636352,27.4718405205965,25.7,25.7,25.2,81,84,80,22.2,22.3,21.9,99.83,99.84,99.83,2.8,112,5.4,0,0,0.0471125954470313
2017-05-05 08:00:00.000,10.7923097283511,9.95065765399294,12.2764770193646,374.498357999249,27.3459411820167,25.3,25.8,25.2,84,84,81,22.4,22.4,22.2,99.83,99.83,99.81,2.9,97,7.3,0,0,0.0404994009971037
2017-05-05 09:00:00.000,10.7726112000867,10.0240455753769,12.3192484325471,370.036334944032,27.2200593275217,24.7,25.6,24.7,88,88,83,22.7,22.7,22.3,99.9,99.9,99.83,2.6,96,5.6,0.01707,0.4,0.0317031459081032
2017-05-05 10:00:00.000,10.7743014880174,10.1168015025665,12.363767426859,248.22171921258,27.0944894664063,26.6,26.6,24.7,83,89,83,23.4,23.5,22.7,99.96,99.96,99.89,2.5,98,4.9,0.287,0,0.116120582302256
2017-05-05 11:00:00.000,10.7743005211242,10.2278008536613,12.4099122355898,207.106936408143,27.0933322796557,28,28,26.6,73,83,72,22.6,23.4,22.1,100.03,100.03,99.96,3.4,118,8.3,1.256,0,0.414084255772821
2017-05-05 12:00:00.000,10.744350455474,10.3404822738802,12.4574435771324,210.204585902993,27.1558237793688,28.8,28.9,28,69,74,68,22.7,23.3,22,100.08,100.09,100.03,4.7,112,9.3,2.276,0,0.700867900945884
2017-05-05 13:00:00.000,10.7012991963606,10.4151516960508,12.505872301771,605.359379780003,27.436213555591,29.3,30,28.3,67,71,65,22.5,23.6,22,100.08,100.09,100.07,4.4,121,8.9,2.733,0,0.83435898247304
2017-05-05 14:00:00.000,10.688749299513,10.4285459929895,12.5549262338285,1023,27.7782620603562,30,30.2,29.2,65,69,62,22.8,23.4,21.6,100.03,100.08,100.03,4,126,8.1,3.07,0,0.944712931898622
2017-05-05 15:00:00.000,10.7676569001741,10.4119808412084,12.6045717699984,1023,28.2142074239861,30.6,30.7,29.7,61,67,59,22.3,23.4,21.2,99.97,100.03,99.97,4,116,8.2,3.388,0,1.05526716175911
2017-05-05 16:00:00.000,10.8496504832222,10.4076923954726,12.6546994131845,1023,28.6789768313994,30.4,30.6,29.8,61,64,60,22.1,23.1,21.6,99.88,99.97,99.88,4.1,117,9.1,2.619,0,0.845989294374596
2017-05-05 17:00:00.000,10.9384545522639,10.428878626973,12.7053670182217,1023,29.1483027633822,30.2,31.6,29.6,62,65,59,22.2,24,21.6,99.82,99.88,99.82,3.6,124,9.2,2.77,0,0.880449206929641
2017-05-05 18:00:00.000,11.0357167648474,10.4288158876162,12.7569368047464,1023,29.4942571509129,30.7,30.8,29.9,60,65,60,22,23,21.7,99.78,99.82,99.77,2.9,123,7.3,2.063,0,0.503930423743538
2017-05-05 19:00:00.000,11.1410934359319,10.4102391135081,12.8098948866865,1023,29.7159950770797,29.2,30.7,29.2,64,66,59,21.8,22.5,21.2,99.8,99.8,99.77,2.2,121,7.1,0.9343,0,0.261626273100815
2017-05-05 20:00:00.000,11.2561360581896,10.370734882251,12.8644592444674,1023,29.8125,28.2,30,28.2,69,69,62,22,22.3,20.9,99.84,99.84,99.79,3.2,85,4.9,0.4591,0,0.147325482036384
2017-05-05 21:00:00.000,11.3811672228676,10.3115648606017,12.9209702538425,1023,29.7204450720147,26.7,28.2,26.7,79,79,69,22.7,22.8,22.2,99.91,99.91,99.84,2.8,98,4.9,0.02238,0,0.0416320429596695
2017-05-05 22:00:00.000,11.5080260410554,10.2501601571148,12.9796502987363,952.44770991918,29.5642266931908,26.4,26.7,26.4,79,79,78,22.4,22.7,22.4,100,100,99.91,3.6,106,6.3,0,0,0.0428389033523198
2017-05-05 23:00:00.000,11.6013618706144,10.1803799386398,13.0410196970605,917.512359164506,29.3124427816458,26.1,26.5,26,79,79,78,22.1,22.4,22.1,100.07,100.07,100,2.6,114,6.3,0,0,0.0351510267839816
2017-05-06 00:00:00.000,11.6161447631253,10.1124034512521,13.1055283082873,1005.21587860684,29.0605725124389,25.8,26.2,25.8,80,80,79,22.1,22.2,22.1,100.1,100.11,100.07,3,115,5.4,0,0,0.036112892664534
2017-05-06 01:00:00.000,11.5749248686968,10.0449401178198,13.1736700029724,998.848623622026,28.8086227596549,25.8,25.9,25.7,79,80,79,21.9,22.2,21.8,100.11,100.11,100.1,2.5,136,5.2,0,0,0.0339872950018267
2017-05-06 02:00:00.000,11.5155955273395,9.99012083753729,13.2452981726022,923.849838842015,28.5566065672929,24.8,25.8,24.8,83,83,79,21.7,22,21.6,100.04,100.11,100.04,0.8,315,5,0,0,0.0115615440156525
2017-05-06 03:00:00.000,11.4547647559352,9.93163240033492,13.3208769402466,557.460296172272,28.3046144972659,24.9,25.5,24.5,81,84,80,21.4,22,21.1,99.96,100.04,99.96,1,331,3.1,0,0,0.0155340108232601
2017-05-06 04:00:00.000,11.4093295752145,9.88506095140159,13.4005689874434,434.366404043357,28.1151000631775,24.2,25.2,24.2,79,81,79,20.2,21.4,20.2,99.79,99.96,99.79,1,300,3.1,0,0,0.0168443973273014
2017-05-06 05:00:00.000,11.3337953370979,9.83386949919715,13.4853916290918,424.212921486462,27.8630383952693,25,25.5,23.8,74,80,72,20.1,20.6,19.5,99.73,99.79,99.73,1.7,350,3.4,0,0,0.0408758522350304
2017-05-06 06:00:00.000,11.2709410308198,9.78616821588502,13.5754288827626,397.926918161647,27.6492515367022,25,25.5,24.5,76,77,72,20.4,20.6,19.7,99.71,99.73,99.71,0.9,275,4.3,0,0,0.0209170127797362
2017-05-06 07:00:00.000,11.218734157916,9.74756393839473,13.6713278815463,424.791919999686,27.4840007142885,25.6,25.6,24.1,75,82,75,20.8,21.1,20.2,99.71,99.72,99.71,2.7,124,6.2,0,0,0.059905424200837
2017-05-06 08:00:00.000,11.1649009443852,9.7070147108754,13.7739161169826,471.644005653913,27.2722496466304,25.6,25.9,25.1,77,79,74,21.3,21.6,20.8,99.79,99.79,99.71,2,140,6.2,0,0,0.042400341017935
2017-05-06 09:00:00.000,11.1223897508351,9.67970438572361,13.8833883012543,233.434828803126,27.1462298000122,25.2,25.7,24.9,82,82,77,21.9,22,21.1,99.91,99.91,99.79,1.6,89,5.2,0.01259,0,0.0303970538382829
2017-05-06 10:00:00.000,11.0923230959274,9.66553620494553,13.9999551216081,224.370087555699,26.9782478111075,27.3,27.3,25.1,76,83,76,22.6,22.9,21.9,99.99,99.99,99.91,2.8,130,5.8,0.4087,0,0.171194716986834
2017-05-06 11:00:00.000,11.0194537658616,9.64228246043595,14.1254529267952,1023,26.875,27.8,28,27.1,68,76,68,21.4,22.8,21.3,100.04,100.04,99.99,4.5,130,8.4,1.368,0,0.464924787822215
2017-05-06 12:00:00.000,10.9513006814732,9.64576176271768,14.2580439340607,1023,26.9591984933073,29,29.2,27.8,65,70,64,21.7,22.7,21.3,100.03,100.04,100.02,3.9,106,7.7,2.195,0,0.699113456700762
2017-05-06 13:00:00.000,10.9134320380961,9.66891032342847,14.3959046562592,1023,27.2503647285946,29.8,30.1,28.9,65,66,62,22.4,22.8,21.4,100.04,100.04,100.02,4,120,8.5,2.891,0,0.89390274660697
2017-05-06 14:00:00.000,10.8955282865107,9.7100733034841,14.5391767580425,1023,27.665311704803,30.9,30.9,29.3,63,66,61,22.9,23.1,21.2,100,100.04,100,3.7,113,8.1,2.794,0,0.893639362014006
2017-05-06 15:00:00.000,10.9043874355902,9.75535329837196,14.6849096164491,1023,28.2042157829382,30.4,31.1,29.5,60,65,58,21.7,22.9,21,99.92,100.01,99.92,3.6,126,7.7,2.751,0,0.884956090218056
2017-05-06 16:00:00.000,10.9574745591691,9.81333331294181,14.8322726693508,1023,28.7554962477015,30.9,31.6,30.4,58,64,56,21.7,23.7,21.3,99.84,99.92,99.84,3,121,7.4,3.233,0,1.03390606873094
2017-05-06 17:00:00.000,10.9853510138945,9.86440500175212,14.9631829700445,1023,29.3390793734013,31.7,32.2,30.5,61,64,57,23.1,24.1,21.8,99.74,99.84,99.74,4.3,91,7,2.821,0,0.92073618411434
2017-05-06 18:00:00.000,11.0057808712672,9.90589116460106,15.0646076534482,1023,29.8035873755813,30.6,31.9,30.1,61,64,59,22.3,23.5,22.2,99.72,99.74,99.72,3.8,109,7.3,2.231,0,0.502408332377457
2017-05-06 19:00:00.000,11.0402851696417,9.93046255967013,15.1520325413317,1023,30.0797216500864,30.2,31.1,29.4,61,67,59,21.9,23.3,21.9,99.72,99.73,99.71,2.2,120,6.1,1.206,0,0.333384132249324
2017-05-06 20:00:00.000,11.0399291473705,9.92076557995564,15.232055158382,1023,30.1875,29.8,30.6,29.8,61,63,57,21.5,22.6,21,99.72,99.72,99.71,2.3,122,4.5,0.6633,0,0.210929861330952
2017-05-06 21:00:00.000,11.0513131893132,9.89819786061008,15.3077283859436,1023,30.1445645981866,27.6,29.8,27.6,75,75,61,22.7,22.7,21.4,99.81,99.81,99.72,3.4,90,5.1,0.03117,0,0.0569236322757421
2017-05-06 22:00:00.000,11.0403734887942,9.85547054785573,15.3808218710215,1023,29.9729604225601,26.7,27.6,26.5,77,78,75,22.2,22.8,22.2,99.9,99.9,99.81,2.4,90,5.2,0,0,0.0372752383925924
2017-05-06 23:00:00.000,11.0448070377207,9.81509497322748,15.4510635895695,1022.25355325011,29.7816941562635,26.3,26.8,26.1,78,79,75,22.3,22.3,22.1,99.97,99.97,99.9,1.9,88,4,0,0,0.0301745322808329
2017-05-07 00:00:00.000,11.0151620691089,9.77149753048245,15.5209022693674,1023,29.527895318512,25.9,26.4,25.5,81,81,78,22.3,22.3,22,100.04,100.04,99.97,2.3,73,3.8,0,0,0.0292528126454105
2017-05-07 01:00:00.000,11.0061470247797,9.73698551066225,15.5905811355816,1023,29.3366392827502,26.7,26.7,25.9,77,81,77,22.3,22.4,22.1,100.07,100.07,100.03,2.9,109,5.3,0,0,0.0419326391645178
2017-05-07 02:00:00.000,10.9839809719171,9.70458069092279,15.6603072201027,1023,29.0828753545869,26.9,26.9,26.7,79,79,76,22.8,22.8,22.3,100.02,100.07,100.02,3.1,105,6.4,0,0,0.0400699477208951
2017-05-07 03:00:00.000,10.9557846894064,9.66665819003482,15.7303560363767,1023,28.8832930346095,26.9,27,26.8,81,81,79,23.3,23.3,22.8,99.95,100.02,99.95,3.8,108,6.3,0,0,0.0405884534404787
2017-05-07 04:00:00.000,10.9366373252048,9.64006261884091,15.8005374288444,1023,28.7002286001903,26.6,26.9,26.6,82,82,81,23.2,23.3,23.1,99.88,99.95,99.88,3.1,107,7,0,0,0.0339866207797143
2017-05-07 05:00:00.000,10.9101690593268,9.61411537713134,15.8713722666486,1021.1413879819,28.5088367488686,26.7,26.8,26.6,81,82,81,23.2,23.3,23.1,99.82,99.88,99.82,4,109,6.9,0,0,0.0649193757556655
2017-05-07 06:00:00.000,10.880077614112,9.59180723697067,15.9431515074548,1005.59060709419,28.3774608628925,26.8,26.8,26.7,81,81,81,23.1,23.2,23.1,99.82,99.83,99.81,4.4,110,8.3,0,0,0.0702551660495833
2017-05-07 07:00:00.000,10.9512057893334,9.56574674754122,16.0161419968604,1010.49888454191,28.1880134379694,26.7,26.8,26.6,80,81,80,23,23.1,22.9,99.82,99.82,99.8,3.9,113,7.7,0,0,0.0669451222052996
2017-05-07 08:00:00.000,10.9856963705091,9.54873746626721,16.0901289843614,997.473185285003,28.0610511383515,26.4,26.7,26.3,81,81,80,22.8,23,22.7,99.84,99.84,99.82,3.6,113,7.7,0,0,0.0591442246706084
2017-05-07 09:00:00.000,10.9818427121518,9.52818880267491,16.1659269710164,903.419274013548,27.9340882836213,26.3,26.5,26.1,80,82,79,22.5,22.9,22.5,99.85,99.86,99.84,2.9,125,7.6,0.0141,0,0.0555032385376595
2017-05-07 10:00:00.000,10.9912194484163,9.51654495612842,16.2432229366338,930.514001497679,27.8072314347168,27.2,27.3,26.3,75,80,74,22.4,22.8,22.3,99.91,99.91,99.85,3.8,134,7.6,0.3654,0,0.17605216725956
2017-05-07 11:00:00.000,10.9631435595263,9.50888323838015,16.3210641633471,1023,27.6875,27.8,27.8,27.2,73,76,72,22.4,22.8,22.3,99.94,99.95,99.91,4.1,144,7.3,0.7054,0,0.275970584445529
2017-05-07 12:00:00.000,10.9208522651828,9.50110691478344,16.3993683869998,1023,27.69508927021,28.4,28.9,27.8,69,73,68,22.2,23.5,22,99.97,99.98,99.94,4.4,125,9.6,1.627,0,0.531876182384805
2017-05-07 13:00:00.000,10.9078632680878,9.52875342298208,16.4773715578196,1023,27.8920138974255,29.8,30.2,28.3,64,71,63,22.3,23.2,21.9,99.96,99.98,99.95,4.5,133,11.2,2.605,0,0.820868789063503
2017-05-07 14:00:00.000,10.8926877154528,9.56080331963871,16.5551192470953,1023,28.224027873634,29.9,30.6,29.7,65,67,62,22.6,23.3,22.2,99.96,99.98,99.96,4.6,116,9.5,2.761,0,0.858437551108386
2017-05-07 15:00:00.000,10.9368416826861,9.61099132309959,16.6320796508081,392.219181821859,28.7363292221084,31.3,31.5,29.8,61,66,58,22.8,23.5,21.8,99.87,99.96,99.87,3.6,125,8.6,2.949,0,0.949816406136548
2017-05-07 16:00:00.000,11.0297676561031,9.6699173564117,16.7076492021419,552.048856767338,29.2721391860195,31.4,32.2,30.8,58,62,54,22.1,23.3,21.2,99.76,99.87,99.76,3.5,143,8.3,2.91,0,0.951077169347609
2017-05-07 17:00:00.000,11.1066871109102,9.70351918346418,16.7824609259107,613.879171985986,29.5247253016804,27,32,27,81,81,57,23.4,24.2,21.6,99.72,99.77,99.72,4.5,96,10.5,1.164,0,0.358014635698444
2017-05-07 18:00:00.000,11.1307295685552,9.71021142036068,16.8575577209198,902.891368938357,29.6384787299155,27.7,28.1,27,83,83,79,24.5,24.5,23.3,99.68,99.72,99.66,2.8,71,7.1,0.7673,0,0.178391106265007
2017-05-07 19:00:00.000,11.1334742103173,9.71118771194828,16.9332107538342,594.0590011647,29.6875,27.6,27.9,27,84,86,82,24.6,25.1,24.3,99.7,99.71,99.68,3.4,78,7.1,0.5493,0,0.129876681896504
2017-05-07 20:00:00.000,11.1475333978807,9.70205399119327,17.0095690204149,1023,29.6875,26.9,27.6,26.9,86,86,83,24.3,24.5,24.1,99.72,99.73,99.7,1.6,73,5.1,0.2164,0,0.0660931914965748
2017-05-07 21:00:00.000,11.1745111667495,9.68849840985799,17.0868497518325,1023,29.6697583024406,26.6,26.9,26.6,89,89,86,24.5,24.5,24.3,99.77,99.77,99.71,1.9,71,3,0.02893,0,0.0213685220685541
2017-05-07 22:00:00.000,11.196389596859,9.65927643105947,17.1653511844463,1023,29.5233650003721,26.5,26.7,26.5,85,89,85,23.8,24.5,23.8,99.81,99.81,99.77,2.2,87,4.9,0,0,0.022825228735096
2017-05-07 23:00:00.000,11.2179538821977,9.63049561137431,17.245349315103,1023,29.3321329164639,26.6,26.7,26.4,82,85,81,23.4,23.8,23.2,99.87,99.87,99.81,3.6,98,7.2,0,0,0.036954655454425
2017-05-08 00:00:00.000,11.2324106427303,9.60653336638505,17.3270399803148,1023,29.1408597126076,26.5,26.6,26.4,83,83,82,23.3,23.5,23.2,99.91,99.91,99.87,1.4,106,5.3,0,0,0.0188070041136545
2017-05-08 01:00:00.000,11.2425733230761,9.58032972549493,17.4105064053126,1023,28.974775476966,26.4,26.5,26.3,83,84,83,23.4,23.4,23.2,99.92,99.92,99.91,2.1,112,4.3,0,0,0.0250216096975257
2017-05-08 02:00:00.000,11.249243862849,9.56236870394628,17.4960451463007,1023,28.8207412755444,26.5,26.5,26.4,84,84,83,23.6,23.6,23.4,99.91,99.93,99.91,2.5,111,4.3,0,0,0.0264482694995747
2017-05-08 03:00:00.000,11.2638518746831,9.54199658840846,17.5842167307095,1023,28.6584602751279,26.7,26.7,26.4,83,84,83,23.5,23.6,23.5,99.88,99.92,99.88,2.6,114,4.8,0,0,0.0289757259548606
2017-05-08 04:00:00.000,11.265297294068,9.51865157959087,17.6753043928814,1018.04385034462,28.5315240646539,25.8,26.7,25.8,88,88,83,23.7,23.7,23.4,99.8,99.88,99.8,2.8,107,6.5,0,0.4,0.0207799983180594
2017-05-08 05:00:00.000,11.2691986705756,9.50673376267165,17.7689755368309,582.880604434233,28.4045790799198,26.1,26.1,25.8,86,88,86,23.7,23.8,23.6,99.76,99.8,99.76,2.1,100,6.5,0,0,0.0272398303661627
2017-05-08 06:00:00.000,11.2840387100606,9.49584293273258,17.8650913378059,420.666668924231,28.2776057795906,25.1,26.1,25.1,89,89,86,23.1,23.7,23,99.74,99.76,99.73,2.3,121,8.5,0,0.8,0.0226836080648813
2017-05-08 07:00:00.000,11.2899570367097,9.47808293133382,17.9644085989318,198.720509205591,28.1506210218313,25.3,25.3,24.8,88,89,88,23.2,23.2,22.9,99.73,99.75,99.73,2.2,115,6.3,0,0,0.0239039686991461
2017-05-08 08:00:00.000,11.2869055428977,9.46569923472303,18.0672145141761,196.536348545048,28.0236268153388,25.4,25.4,25.2,87,88,87,23.1,23.2,23.1,99.74,99.75,99.73,2.3,105,3.8,0,0,0.0269887255912379
2017-05-08 09:00:00.000,11.282023857103,9.45611286074644,18.1743375506864,246.79234772266,27.8966449276057,25.8,25.8,25.2,85,87,85,23,23.1,23,99.79,99.79,99.74,2.8,109,4.8,0.01188,0,0.0403686673572353
2017-05-08 10:00:00.000,11.2748258645016,9.44094484886573,18.2857015546285,758.024865814341,27.7699046278168,26.9,26.9,25.8,79,85,79,23,23.2,22.8,99.84,99.84,99.78,2.1,130,4.9,0.2872,0,0.120759402353664
2017-05-08 11:00:00.000,11.292139156269,9.53202972776543,18.401076201625,726.168005129258,27.6875,27.4,27.5,26.9,79,81,78,23.6,23.7,22.8,99.94,99.94,99.84,3.3,112,8.5,0.8075,0,0.273734261653359
2017-05-08 12:00:00.000,11.3978549484134,9.61257012420871,18.5217119712277,315.651599171794,27.7954389352748,29.5,29.5,27.4,72,80,72,24,24.7,23.1,99.94,99.94,99.93,3.9,116,8.7,1.841,0,0.587076036431015
2017-05-08 13:00:00.000,11.5045202891639,9.70145624456746,18.6482720538813,307.237293121688,27.9216102733685,28.1,30,27.5,79,81,68,24.1,24.4,23.1,99.96,99.96,99.92,3.4,107,8.9,1.835,0,0.549205267719418
2017-05-08 14:00:00.000,11.6177420239405,9.79698926034949,18.7794925366951,232.073899189039,28.1585593496575,27.2,29.7,27.2,81,82,74,23.7,25.4,23.6,99.96,99.97,99.94,5.3,98,9.5,1.408,0.4,0.417156388203389
2017-05-08 15:00:00.000,11.7248963064717,9.89867901862623,18.9172092287878,261.297604656921,28.2992341534404,25.3,27.9,24.9,91,92,81,23.8,25.5,22.7,99.87,99.96,99.87,4.9,111,12.8,1.032,3.4,0.274892020627533
2017-05-08 16:00:00.000,11.8000112265973,9.99265686479218,19.0606351984605,950.525933867041,28.5381471551973,26.7,27.6,25.1,81,92,79,23.1,25.1,22.9,99.81,99.87,99.79,3.4,114,8.8,2.279,0.4,0.643366817376744
2017-05-08 17:00:00.000,11.8811542108029,10.0668829107099,19.211863304763,250.120347081645,28.7284750806682,27.3,27.3,26.7,81,81,77,23.7,23.7,22.5,99.67,99.81,99.67,3.1,111,6.8,0.7347,0,0.247326378271246
2017-05-08 18:00:00.000,11.927211494948,9.96142206142544,19.3738470048384,225.927463049586,28.8125,24.4,27.4,24.2,89,89,79,22.4,23.8,22.1,99.69,99.74,99.66,1.3,91,9.1,0.3383,3.6,0.0869121043648693
2017-05-08 19:00:00.000,11.9775402760568,9.86580490768297,19.5496752482749,232.834861218422,28.7623019248953,24.9,24.9,24.3,88,89,87,22.7,22.9,22.3,99.69,99.72,99.68,3.3,106,6.2,0.1777,0.8,0.0514558579020665
2017-05-08 20:00:00.000,12.0321331437926,9.80102453123669,19.7387647151924,221.922355358556,28.6875,25.1,25.1,24.9,88,88,87,23,23,22.7,99.8,99.8,99.69,3.1,88,6.2,0.1392,0,0.0452811450063912
2017-05-08 21:00:00.000,12.0993764486574,9.83285333481335,19.9452537505608,199.438684469054,28.5112397224145,24.9,25.2,24.8,92,92,88,23.4,23.4,23,99.87,99.87,99.8,2.4,69,5.4,0.01268,0,0.0146346439093882
2017-05-08 22:00:00.000,12.1644112973008,9.77986186441949,20.1724584422011,206.531707167283,28.3856368553284,24.5,24.9,24.5,92,92,92,23.2,23.4,23.2,99.92,99.92,99.87,2,71,5.5,0,0,0.0107590474616069
2017-05-08 23:00:00.000,12.2335916691916,9.80289827257429,20.4190590243265,203.919177625499,28.2074914335989,24.7,24.7,24.5,92,93,92,23.4,23.4,23.2,99.99,99.99,99.92,1.9,70,4.3,0,0,0.0104639294552142
2017-05-09 00:00:00.000,12.3147214111391,9.83490011206866,20.6817701960038,186.14927622447,28.0718297640293,25.3,25.3,24.7,88,92,88,23.1,23.6,23.1,100.01,100.01,99.98,3.2,109,5.9,0,0,0.0220892278244035
2017-05-09 01:00:00.000,12.4137600348137,9.87688749675458,20.9502813588635,192.617878866429,27.8922765141696,25.9,25.9,25.3,82,88,82,22.6,23.1,22.6,100.01,100.03,100.01,4.1,118,8,0,0,0.0386016874528548
2017-05-09 02:00:00.000,12.530819668769,9.93085120246596,21.187529382804,185.873059814314,27.7579337616054,26,26,25.9,82,83,82,22.7,22.8,22.6,100,100.01,100,2.8,127,7.5,0,0,0.0314031393991277
2017-05-09 03:00:00.000,12.6241409131513,9.99947230391394,21.3014816085831,188.191330783947,27.5769405217152,25.8,26,25.6,82,83,82,22.5,22.8,22.5,99.92,100,99.92,3.1,124,6,0,0,0.0330943523835007
2017-05-09 04:00:00.000,12.5904234787478,10.0838352807402,21.3319294668295,187.93796184201,27.4440136239029,25.7,25.8,25.6,83,84,82,22.6,22.7,22.5,99.84,99.92,99.84,4.5,112,7.9,0,0,0.0378534821467291
2017-05-09 05:00:00.000,12.4925289120967,10.1844240497516,21.2884123661697,187.279624275034,27.3183255057299,25.7,25.8,25.7,82,83,81,22.4,22.6,22.3,99.76,99.85,99.76,3.9,113,8.6,0,0,0.0587814499341394
2017-05-09 06:00:00.000,12.3840757776996,10.2822664487743,21.2218865381781,190.11908074648,27.1926111936237,25.8,25.8,25.5,81,83,81,22.4,22.5,22.3,99.78,99.78,99.74,4.7,114,8.2,0,0,0.0721416932047095
2017-05-09 07:00:00.000,12.2868241056478,10.319462615765,21.2185482435927,195.859229210511,27.125,25.5,25.8,25.5,82,82,81,22.2,22.4,22.1,99.77,99.78,99.77,3.7,107,8.2,0,0,0.0560485656822096
2017-05-09 08:00:00.000,12.1818248060341,10.2717422840714,21.1619862107929,174.472703481437,27.0036929959487,25.7,25.7,25.4,82,83,82,22.3,22.4,22.2,99.84,99.84,99.77,3.5,132,8.2,0,0,0.0538365893351594
2017-05-09 09:00:00.000,12.0768951882575,10.2013496547251,21.1192368399862,182.66769817402,26.8779669805891,25.5,25.7,25.2,82,82,80,22.2,22.3,21.9,99.89,99.89,99.84,3.6,108,8.2,0.01693,0,0.0590608905392681
2017-05-09 10:00:00.000,11.9781733271025,10.2875516962015,21.0897238105282,185.590445328578,26.8148064270648,26.3,26.7,25.5,79,83,78,22.3,23,22.2,99.98,99.98,99.89,3.8,115,8.2,0.2253,0,0.124624246277976
2017-05-09 11:00:00.000,11.8898365351625,10.2664692695724,21.1230555531446,176.028976181249,26.75,25.8,26.3,25.8,82,82,79,22.4,22.6,22.2,100.1,100.11,99.97,4.2,113,8.8,0.3059,0,0.136971857863454
2017-05-09 12:00:00.000,11.9186947030356,10.1562504730779,21.0819736473115,207.337486715163,26.75,25.7,25.9,25.2,87,87,82,23.4,23.4,22.4,100.14,100.14,100.1,2.9,106,7.3,0.4813,0.6,0.157779084116925
2017-05-09 13:00:00.000,11.9586772607652,10.0471491831681,21.3687618389096,267.558363508825,26.75,25.9,27,25.7,84,87,79,22.9,23.6,22.7,100.13,100.15,100.13,5.2,107,8.7,1.01,0.2,0.300477789296291
2017-05-09 14:00:00.000,11.9956772482479,10.0792925658819,21.6420383455172,249.046580406654,27.4371765249538,27.6,27.9,25.8,76,85,74,23,23.8,22.7,100.11,100.13,100.08,4.6,130,9.7,1.261,0,0.405815847883648
2017-05-09 15:00:00.000,12.0335108913325,10.1202336644395,21.8909524134585,208.407079646018,27.6852876106195,24.6,27.6,24.2,88,89,75,22.5,22.8,21.9,100.02,100.12,100.02,1.9,135,12.1,0.5781,2.4,0.175467929350346
2017-05-09 16:00:00.000,12.0741038828471,10.1744238501262,22.1366193594587,193,27.936591163311,25.6,25.6,24.6,84,88,84,22.7,23.1,22.4,99.89,100.01,99.89,2.2,141,7.8,0.5903,1.2,0.190412585814018
2017-05-09 17:00:00.000,12.1181999367149,10.2404990033068,22.3228155428368,195,28.1233351831299,27.3,27.5,25.6,78,85,78,23.1,24.1,22.6,99.77,99.89,99.77,3.3,123,6.2,1.136,0.2,0.362150742930231
2017-05-09 18:00:00.000,12.1686132611225,10.3259309844293,22.4136417823042,193.969444444444,28.1871180555556,29.1,29.3,27.3,72,79,70,23.5,24.5,22.8,99.73,99.77,99.73,3.5,134,6.4,1.817,0,0.391983561838746
2017-05-09 19:00:00.000,12.2248958661724,10.4283711911232,22.4245506491296,200.53820505696,28.1564670741873,28.7,29.2,28.7,72,73,69,23.2,23.7,22.8,99.76,99.76,99.72,3.3,100,6,1.4,0,0.316804382984933
2017-05-09 20:00:00.000,12.289205856455,10.5250127044177,22.4050895946372,213.894327030033,28.0628476084538,27.6,28.8,27.6,77,77,72,23.1,23.4,23,99.8,99.8,99.76,2.6,101,5.9,0.5194,0,0.142380274802924
2017-05-09 21:00:00.000,12.3657335134737,10.5350305174114,22.3948502539649,195.061077179345,27.9378817323709,26,27.6,26,84,84,77,23.2,23.2,22.9,99.86,99.86,99.8,2,63,5.1,0.02101,0,0.0268527683317089
2017-05-09 22:00:00.000,12.4576314609301,10.464542257966,22.380195570821,193.007771301693,27.8129857063558,25.7,26.4,25.7,85,85,81,23,23.2,22.7,99.89,99.89,99.85,1.8,87,4.6,0,0,0.0194674115755679
2017-05-09 23:00:00.000,12.5688699950832,10.3778513739593,22.3079165351997,207.927897947865,27.6256932889628,25.7,26,25.6,85,86,85,22.9,23.3,22.9,99.96,99.96,99.89,2.9,93,5.1,0,0,0.0264504373289135
2017-05-10 00:00:00.000,12.689136972436,10.2920165463016,22.2452501397045,206.006111111111,27.5003819444444,25.8,25.8,25.7,85,85,84,23.1,23.1,22.9,100.04,100.04,99.96,3.9,97,6.8,0,0,0.0312511845026614
2017-05-10 01:00:00.000,12.7392298918077,10.2089077682093,22.2015214208554,197.060975609756,27.3753464523282,25.8,26,25.8,83,85,82,22.8,23.1,22.7,100.07,100.08,100.04,3.6,112,7.8,0,0,0.0339679253838638
2017-05-10 02:00:00.000,12.672270679755,10.1306495309242,22.1495736602663,229.833935018051,27.2503991946681,25.8,25.9,25.7,83,84,83,22.7,22.8,22.6,100.04,100.08,100.04,3.2,107,6.7,0,0,0.0318396181554062
2017-05-10 03:00:00.000,12.5666631390065,10.0637163940691,22.0943991602845,273.88,27.1254166666667,25.9,26,25.5,79,84,79,22,22.8,22,99.96,100.04,99.96,3,109,6,0,0,0.0380227086552895
2017-05-10 04:00:00.000,12.4575724872349,9.99703262658583,22.0347244081973,288.486111111111,27.0003472222222,25.6,26.1,25.6,82,82,79,22.3,22.3,22,99.91,99.96,99.91,3,108,6.9,0,0,0.03225729400027
2017-05-10 05:00:00.000,12.3431090663892,9.93315028322209,21.9668664518339,314.906510851419,26.8752434613244,25.8,25.9,25.6,80,82,80,22,22.5,22,99.83,99.91,99.83,3.2,121,7.7,0,0,0.0556539419739583
2017-05-10 06:00:00.000,12.2429858031026,9.88453356212575,21.9916947164778,285.055,26.7503819444444,25.8,25.9,25.6,79,80,78,22,22.1,21.8,99.79,99.83,99.79,3.2,122,8.3,0,0,0.0584219737520614
2017-05-10 07:00:00.000,12.1469580984665,9.84119820835891,21.8698797674681,236.115684093437,26.6252780867631,26.3,26.3,25.7,74,79,74,21.3,22,21.3,99.8,99.81,99.78,3.9,124,7.8,0,0,0.0861838561023315
2017-05-10 08:00:00.000,12.0364414116061,9.79594439656858,21.8323516214556,255.88006662965,26.5004164353137,25.6,26.3,25.6,79,79,74,21.6,21.6,21.3,99.84,99.84,99.8,3.3,115,9.1,0,0,0.0596777396386735
2017-05-10 09:00:00.000,11.9368515214408,9.78472775100299,21.8540243086357,665.732574284921,26.6246008053319,25.4,25.9,25.3,82,82,77,22,22,21.5,99.9,99.9,99.83,2.8,95,6.5,0.0162,0,0.0485371490119554
2017-05-10 10:00:00.000,11.8324954164583,9.78021048542666,21.9304909770348,1023,26.8425360710322,27,27.1,25.4,76,82,75,22.4,22.4,22,99.94,99.94,99.9,4.5,120,9,0.271,0,0.157423708084761
2017-05-10 11:00:00.000,11.753605335247,9.79061992897507,22.090410513582,1023,27.1547321676381,28.1,28.1,27,72,76,71,22.7,22.9,22.3,100.02,100.02,99.94,4.6,119,9,1.3,0,0.435695763643851
2017-05-10 12:00:00.000,11.7210093457138,9.8103524075822,22.3398739604194,1023,27.4776520771513,28.9,29,28.1,70,73,69,22.8,23.2,22.5,100.05,100.05,100.02,4.7,127,9.7,2.13,0,0.661315877659681
2017-05-10 13:00:00.000,11.6795244744288,9.82493832627551,22.618816792476,1023,27.8114799703264,29.6,30,28.9,66,71,64,22.5,23.7,22.4,100.06,100.06,100.05,5.7,139,10.5,2.929,0,0.884734461121517
2017-05-10 14:00:00.000,11.6522943872718,9.84606886021117,22.8886248003339,1023,28.2487843845513,30.7,31.1,29.4,64,69,63,23.1,24.3,22,100.02,100.06,100.02,4.3,109,10.5,2.825,0,0.893313676241196
2017-05-10 15:00:00.000,11.6070214858879,9.87223295412498,22.8142406869889,1023,28.6236503322259,30.3,31.1,30.3,64,68,63,22.7,24.1,22.7,99.92,100.02,99.92,4.7,120,10.2,3.191,0,0.980405822086241
2017-05-10 16:00:00.000,11.5811825291576,9.892716292711,22.7144491147351,1023,28.9363227146814,31.4,31.9,29.9,63,68,61,23.5,24.4,22.5,99.83,99.93,99.83,4.1,119,9.6,2.929,0,0.937398106158108
2017-05-10 17:00:00.000,11.5651567761181,9.88557092359243,22.5844364221713,1023,29.0622569444444,30.9,31.6,30.6,60,64,57,22.3,23.7,21.7,99.77,99.83,99.77,4.1,143,9.4,2.655,0,0.867218570679596
2017-05-10 18:00:00.000,11.561370052891,9.86373460693112,22.447723062917,1023,29.0625,31,31.3,30.7,62,62,59,22.7,23,21.9,99.7,99.77,99.7,3.8,121,9.5,2.192,0,0.498441167189718
2017-05-10 19:00:00.000,11.5653068827653,9.83096111004394,22.3029229451673,1023,29.0002600554785,30.4,31.1,30.3,66,66,59,23.2,23.5,21.8,99.69,99.71,99.69,3.9,100,8.8,1.486,0,0.350163369416209
2017-05-10 20:00:00.000,11.5443692596699,9.79848122746247,22.1505655713094,1023,28.8129175946548,29.3,30.4,29.3,65,66,64,22.1,23.1,22.1,99.74,99.74,99.68,4,105,8.1,0.7207,0,0.207583019782139
2017-05-10 21:00:00.000,11.5319678825216,9.77409743846813,22.0137007249728,1023,28.6254164353137,27.9,29.3,27.8,70,71,65,21.9,22.3,21.8,99.8,99.8,99.74,3.2,98,6.6,0.0502,0,0.0693482447513327
2017-05-10 22:00:00.000,11.5316683395405,9.75572812359999,21.9038583048874,1023,28.4376740947075,26.6,27.9,26.6,78,78,70,22.5,22.5,21.8,99.88,99.88,99.8,2.4,105,5.6,0,0,0.035541812468269
2017-05-10 23:00:00.000,11.5195975672246,9.73815147686781,21.8026135595799,1023,28.2504162042175,26.5,26.6,26.3,73,78,73,21.3,22.5,21.3,99.93,99.93,99.88,1.9,128,4.6,0,0,0.0372394923130441
2017-05-11 00:00:00.000,11.5096674088624,9.72704213081664,21.6926699100391,1023,28.0627087973274,26.2,26.6,25.8,76,77,73,21.6,21.6,21.2,99.97,99.97,99.93,2.6,101,6.1,0,0,0.0402823016344987
2017-05-11 01:00:00.000,11.4888052548988,9.71140385314457,21.5784909622578,1023,27.8756253474152,26.2,26.3,26,81,81,76,22.6,22.6,21.6,100,100,99.97,2.6,119,4.9,0,0,0.031894589986674
2017-05-11 02:00:00.000,11.4990620124636,9.70017424867976,21.4850129760655,1023,27.7501737076153,26.3,26.3,26.1,82,83,81,23,23,22.6,99.99,100,99.98,3.2,114,7.3,0,0,0.0342819514567577
2017-05-11 03:00:00.000,11.4885365134429,9.68755187474996,21.4194369037271,1019.01663893511,27.5628466444814,26.5,26.5,26.2,82,83,82,23.1,23.2,22.9,99.99,100,99.98,2.7,109,7.2,0,0,0.0312198233190761
2017-05-11 04:00:00.000,11.489645940797,9.68129708804928,21.3777716204281,1017.00277777778,27.4376736111111,26.3,26.5,26.1,81,82,81,22.8,23.1,22.7,99.94,99.99,99.94,2.9,110,5.7,0,0,0.0341715170158505
2017-05-11 05:00:00.000,11.4684447096383,9.67028308224253,21.309688801493,894.947222222222,27.2503472222222,26.3,26.4,26.2,81,82,81,22.8,22.9,22.7,99.88,99.94,99.88,4.1,104,7.2,0,0,0.0656095630498503
2017-05-11 06:00:00.000,11.4767425244052,9.6604151376596,21.26361983482,887.652294853964,27.1252607788595,25.8,26.3,25.8,83,83,81,22.6,22.9,22.6,99.85,99.88,99.85,2.4,107,7.1,0,0,0.0369852233675541
2017-05-11 07:00:00.000,11.4771437934432,9.65478198779893,21.2164417245279,823.15512465374,27.0003462603878,26.1,26.1,25.8,81,83,81,22.6,22.6,22.4,99.85,99.86,99.84,3.2,120,5.5,0,0,0.0532507797546424
2017-05-11 08:00:00.000,11.4666723908479,9.65581683830574,21.2158682927099,955.668144863267,26.9585412047302,26.3,26.5,26,76,81,76,21.7,22.5,21.7,99.84,99.86,99.84,3.4,124,8.3,0,0,0.0710865852298252
2017-05-11 09:00:00.000,11.4546838186317,9.66067186693045,21.2258499223965,1023,27.0304138795987,26.6,26.6,26.1,73,77,73,21.4,21.8,21.3,99.9,99.9,99.84,4.3,132,9.6,0.0238,0,0.103443721922764
2017-05-11 10:00:00.000,11.4484326690121,9.67038886596417,21.2903343056204,1023,27.2489612188366,27.4,27.5,26.5,67,75,67,20.8,21.8,20.8,99.97,99.97,99.9,4.9,127,9.6,0.393,0,0.230514851832975
2017-05-11 11:00:00.000,11.4442361809831,9.68334291054111,21.3536435086128,1023,27.5738888888889,27.7,27.8,27.4,69,71,67,21.5,22,20.8,100.02,100.02,99.96,5.7,123,11.5,1.196,0,0.42613689512946
2017-05-11 12:00:00.000,11.4538438799658,9.69942590895471,21.4558612433703,1023,28.0593243740795,28.7,28.8,27.7,66,70,64,21.6,21.9,21,100.03,100.05,100.02,5,128,11.5,1.924,0,0.623960442983005
2017-05-11 13:00:00.000,11.4802262858036,9.72074897771013,21.6026782945415,1023,28.6867973580663,29.3,29.7,28.6,65,68,61,22.1,22.6,20.9,100.04,100.04,100.03,4.9,116,9.8,2.62,0,0.811342592312599
2017-05-11 14:00:00.000,11.5034839366028,9.74109427619493,21.7584311972263,1023,29.1988674217189,30.3,30.3,29.3,63,66,61,22.4,23.2,21.4,100.01,100.04,100.01,5.3,109,9.7,2.738,0,0.865628069318599
2017-05-11 15:00:00.000,11.5286934150632,9.76069533906491,21.9330425414006,1023,29.6854120267261,30.7,31.1,29.8,61,66,60,22.3,23.5,21.6,99.95,100.02,99.95,3.7,114,9.7,2.811,0,0.902324590403122
2017-05-11 16:00:00.000,11.5503451539129,9.76844739778579,22.0682709982346,1023,29.936875,31.6,31.6,30.6,60,63,58,22.9,23.5,21.9,99.85,99.95,99.85,3.3,122,8.4,2.949,0,0.958241665941578
2017-05-11 17:00:00.000,11.5715983465807,9.76978830950993,22.1289251585276,1023,30.0625,31.6,31.7,30.3,61,64,58,23.1,23.3,21.9,99.78,99.85,99.78,3.5,110,7.4,2.37,0,0.793393479796974
2017-05-11 18:00:00.000,11.589713651946,9.76242044016614,22.134673428907,1023,30.0629180602007,31.4,32.1,31,61,63,58,23,23.6,22.3,99.73,99.78,99.73,3.6,110,7.6,2.24,0,0.521981854310711
2017-05-11 19:00:00.000,11.6082918740813,9.7582697910612,22.1705272634747,1023,29.9378464523282,29.6,31.7,29.6,68,69,60,23.2,23.5,22.3,99.71,99.73,99.71,4.7,80,7.7,1.388,0,0.307358497244009
2017-05-11 20:00:00.000,11.6312300249287,9.74490964253483,22.1874324091767,1023,29.750625,28.8,29.8,28.8,66,69,65,21.8,23.3,21.8,99.73,99.73,99.71,4.6,85,9,0.5653,0,0.175415884615698
2017-05-11 21:00:00.000,11.6418288156943,9.73372430405745,22.1633409789144,1023,29.516111381323,27.4,28.8,27.4,72,72,66,21.9,22,21.8,99.81,99.81,99.73,3.4,98,7,0.03256,0,0.0629257433634807
2017-05-11 22:00:00.000,11.6525318134055,9.72650758633157,22.1379779623133,1023,29.2972397859922,26.8,27.4,26.8,73,73,71,21.6,21.9,21.6,99.9,99.9,99.81,3.6,103,6.3,0,0,0.0558220438719224
2017-05-11 23:00:00.000,11.6533217492512,9.7152364501088,22.0477846571251,1023,29.0629855715871,26.2,26.8,26.2,78,78,73,22.2,22.2,21.6,99.97,99.97,99.9,2.5,118,6.2,0,0,0.0360361713500013
2017-05-12 00:00:00.000,11.6615504474413,9.70503794726989,21.9773571492342,1023,28.812848189415,26.1,26.3,26.1,81,81,78,22.5,22.5,22.2,100.05,100.05,99.97,2.4,111,4.8,0,0,0.030247960674905
2017-05-12 01:00:00.000,11.6621853049222,9.69814447945324,21.89100605025,1023,28.6256232686981,26.1,26.2,26.1,82,82,81,22.8,22.8,22.6,100.09,100.09,100.05,2.4,109,4.9,0,0,0.0286614154817276
2017-05-12 02:00:00.000,11.6582868636752,9.68653514898205,21.7774351033356,934.860310421286,28.3763157894737,26,26.1,25.9,83,84,82,22.9,23,22.8,100.07,100.1,100.07,2.1,106,4.5,0,0,0.0247421786478364
2017-05-12 03:00:00.000,11.6608039749141,9.67841700995672,21.7031384932415,948.527161862528,28.1270083102493,26.2,26.2,26,83,83,83,23,23.1,22.9,100.03,100.08,100.03,2.9,107,5.6,0,0,0.030486557895968
2017-05-12 04:00:00.000,11.6766615625644,9.67687067337984,21.6794389040941,931.525348189415,28.1270083102493,26.1,26.4,26.1,82,83,81,22.8,23.1,22.8,99.97,100.03,99.97,2.6,115,6,0,0,0.0301155361245857
2017-05-12 05:00:00.000,11.6907432935994,9.6768289381609,21.652708942626,927.533073929961,28.1270083102493,26.3,26.3,26.1,81,82,81,22.8,22.8,22.7,99.93,99.97,99.93,2.8,114,5.8,0,0,0.0477899791237955
2017-05-12 06:00:00.000,11.7095460376233,9.67683034007335,21.6374777322447,689.945555555556,28.1270083102493,26.3,26.5,26.3,81,81,80,22.9,22.9,22.7,99.91,99.93,99.91,3.6,107,6.7,0,0,0.0590296007767377
2017-05-12 07:00:00.000,11.7141557117415,9.6840841926665,21.5782876847084,584.157134925042,28.1270083102493,25.8,26.4,25.6,86,87,81,23.3,23.3,22.9,99.91,99.92,99.91,3,97,7,0,0.2,0.0369160074334616
2017-05-12 08:00:00.000,11.714423521121,9.68560699653251,21.5584936058751,1023,28.1270083102493,26.1,26.1,25.8,83,86,83,23,23.3,22.9,99.95,99.95,99.91,3.7,114,7,0,0,0.0537728111118614
2017-05-12 09:00:00.000,11.7071474190255,9.68448088723618,21.550275688941,1023,28.1270083102493,26.2,26.2,25.9,82,83,82,22.8,23,22.8,99.98,99.99,99.95,4.5,108,8.4,0.01683,0,0.0708779827802246
2017-05-12 10:00:00.000,11.6934131590093,9.68443160135839,21.5461379045529,1023,28.1270083102493,26.8,27.3,26.1,78,82,76,22.6,23,22.3,100.05,100.05,99.98,2.7,123,8.4,0.2652,0,0.125010152988087
2017-05-12 11:00:00.000,11.6718573382506,9.68686254135988,21.5509624693015,1023,28.1270083102493,27.9,28,26.8,73,78,72,22.7,23.1,22,100.12,100.12,100.05,3.5,131,8.8,0.8857,0,0.316865751457588
2017-05-12 12:00:00.000,11.6494758997983,9.68453029494819,21.5152280487843,1023,28.1270083102493,28.9,29.2,27.9,67,73,65,22,23,21.6,100.17,100.18,100.12,6.1,120,11.2,2.241,0,0.6997927271015
2017-05-12 13:00:00.000,11.6566931048023,9.68446025654981,21.5371140388469,1023,28.1270083102493,30,30,28.9,62,68,62,22,22.9,21.6,100.19,100.2,100.17,5.9,109,11.8,2.634,0,0.838250280285433
2017-05-12 14:00:00.000,11.6450231993715,9.67837045857199,21.50523233829,1023,28.1270083102493,30.7,31,29.7,60,66,58,22,23,21.1,100.16,100.2,100.16,4.1,132,11,3.184,0,1.00517725654226
2017-05-12 15:00:00.000,11.654061654046,9.67577451913358,21.5012152029961,1023,28.1270083102493,31.5,31.7,30.7,56,63,55,21.8,23,21.2,100.08,100.16,100.08,4.5,137,10.1,3.323,0,1.07201343913251
2017-05-12 16:00:00.000,11.6714327539459,9.67443427221709,21.5092218333755,1023,28.1270083102493,31.7,31.7,31.1,55,58,52,21.6,22.1,20.5,100.03,100.09,100.03,4.7,118,9.5,3.218,0,1.05207910091061
2017-05-12 17:00:00.000,11.693998457282,9.67195187228754,21.4647438333968,1023,28.1270083102493,31.6,31.9,31.4,54,56,52,21.2,21.9,20.6,99.96,100.03,99.96,3.8,122,9.7,2.804,0,0.939713911554448
2017-05-12 18:00:00.000,11.7215461205325,9.66821283439867,21.530171562145,1023,28.1270083102493,31.4,31.9,31.1,57,58,53,21.9,22.2,20.6,99.91,99.96,99.9,3.1,121,8,2.144,0,0.528856757155225
2017-05-12 19:00:00.000,11.7435159671366,9.66667028258181,21.5865137288937,1023,28.1270083102493,30,31.4,30,65,65,54,22.6,23,20.7,99.91,99.91,99.89,4.7,84,7.5,1.489,0,0.335434195275595
2017-05-12 20:00:00.000,11.7616150043359,9.66618789204156,21.6235772123954,1023,28.1270083102493,28.6,30.1,28.6,70,71,65,22.7,23.2,22.6,99.92,99.92,99.9,4.8,87,7.7,0.6397,0,0.175404492025016
2017-05-12 21:00:00.000,11.7794826694114,9.66573450513451,21.6590556079786,1023,28.1270083102493,27.1,28.6,27.1,75,75,70,22.3,22.7,22.3,99.98,99.98,99.92,3.9,98,7.7,0.04538,0,0.0619345563265767
2017-05-12 22:00:00.000,11.7973431686781,9.66528164834352,21.6944302662277,1023,28.1270083102493,26.7,27.2,26.6,75,76,74,21.8,22.2,21.8,100.03,100.03,99.97,3.4,115,6.9,0,0,0.0499435648762316
2017-05-12 23:00:00.000,11.8152103780969,9.66482857305965,21.729821788494,1023,28.1270083102493,26.6,26.7,26.4,76,77,74,22.1,22.1,21.7,100.12,100.12,100.03,2.9,114,6.4,0,0,0.0436237667695902
2017-05-13 00:00:00.000,11.8330851487423,9.66437527664215,21.7652396878552,1022.25111111111,28.1270083102493,26.2,26.6,26.2,79,79,76,22.3,22.3,22,100.16,100.16,100.12,2.1,114,6.2,0,0,0.0307619356510288
2017-05-13 01:00:00.000,11.8473942191359,9.66681399476047,21.7690756601872,1021.25111111111,28.1270083102493,26.3,26.3,26.2,81,81,79,22.7,22.7,22.3,100.19,100.19,100.16,2.8,113,5.1,0,0,0.0335019685121678
2017-05-13 02:00:00.000,11.8602848618026,9.66564815781562,21.7563843770727,1019.87666666667,28.1270083102493,26.6,26.6,26.3,81,81,80,23.1,23.1,22.7,100.2,100.2,100.17,3.7,105,6.3,0,0,0.0396400541445895
2017-05-13 03:00:00.000,11.8719149076228,9.66809422462069,21.7497286496298,1018.37666666667,28.1270083102493,26.8,26.8,26.5,81,81,80,23.2,23.2,23,100.19,100.21,100.19,2.9,101,6.2,0,0,0.0347711131180291
2017-05-13 04:00:00.000,11.8882268308561,9.66937980927274,21.7433932222813,1016.12907702984,28.1270083102493,26.7,26.9,26.7,81,81,80,23.2,23.3,23.1,100.13,100.2,100.13,3,108,6.8,0,0,0.0353506964844229
2017-05-13 05:00:00.000,11.8952279576629,9.67064104522184,21.7500567111601,1013.63081193616,28.1270083102493,26.5,26.7,26.4,82,82,81,23.2,23.2,23.1,100.06,100.13,100.06,2.9,110,6.2,0,0,0.0469043381535151
2017-05-13 06:00:00.000,11.9028857385422,9.66944928100168,21.7331435308313,1014.86849048743,28.1270083102493,26.5,26.5,26.4,81,83,81,22.9,23.2,22.9,100.02,100.06,100.02,3.8,113,7,0,0,0.0620438936131191
2017-05-13 07:00:00.000,11.9150228231974,9.67557462216275,21.7379238263431,1017.36814331343,28.1270083102493,26.1,26.5,26.1,82,82,81,22.8,22.9,22.8,100.01,100.02,100,3.5,112,7,0,0,0.0544121404192846
2017-05-13 08:00:00.000,11.9112169426508,9.67570819817636,21.7393556999627,1019.86779613943,28.1270083102493,25.9,26.2,25.8,80,82,80,22.2,22.8,22.2,100.03,100.03,100.01,3.4,116,7.4,0,0,0.0587509152214421
2017-05-13 09:00:00.000,11.8916783264407,9.67942136351925,21.7387580968306,1022.36744896542,28.1270083102493,26.2,26.2,25.8,77,80,77,21.9,22.2,21.8,100.08,100.08,100.03,4.6,126,8.8,0.01466,0,0.090434160507488
2017-05-13 10:00:00.000,11.8665551188289,9.67950423501657,21.7567955586793,1023,28.1270083102493,26.4,26.4,26.1,75,78,75,21.7,21.9,21.7,100.14,100.14,100.08,3.4,131,8.8,0.2555,0,0.139668271882559
2017-05-13 11:00:00.000,11.8447178688196,9.67827074313358,21.7895953539313,1023,28.1270083102493,27.4,27.5,26.4,70,75,69,21.4,21.7,21,100.24,100.24,100.14,3.6,129,8,0.8223,0,0.307894301119231
2017-05-13 12:00:00.000,11.8248180161715,9.67701907761833,21.7947744910263,1023,28.1270083102493,28.3,28.5,27.4,68,71,65,21.8,22,20.8,100.27,100.27,100.24,4.3,106,8.5,1.776,0,0.571823701822665
2017-05-13 13:00:00.000,11.8157256653519,9.67331067247543,21.8086816760389,1023,28.1270083102493,30.1,30.1,28.2,61,69,60,21.8,22.7,21,100.27,100.29,100.27,4.1,115,8.4,2.543,0,0.820715628191229
2017-05-13 14:00:00.000,11.8217731547695,9.6713597858399,21.8551232767627,1023,28.1270083102493,30.9,30.9,29.2,61,65,59,22.7,23.2,21.2,100.22,100.27,100.22,4.2,109,9.1,2.929,0,0.936086611860333
2017-05-13 15:00:00.000,11.8311771994847,9.67072860509265,21.8814867574552,1023,28.1270083102493,31.2,31.3,30.4,56,63,55,21.2,22.9,20.7,100.14,100.22,100.14,3.5,147,8.4,3.14,0,1.01775505319828
2017-05-13 16:00:00.000,11.8477603013151,9.66495602740885,21.9088485424737,1023,28.1270083102493,31.6,31.6,30.7,54,58,51,21.1,21.8,19.9,100.03,100.14,100.03,4.5,113,8.8,2.949,0,0.982372022263335
2017-05-13 17:00:00.000,11.8682003351292,9.66113091049241,21.902026677906,NaN,28.1270083102493,31,31.9,30.8,52,55,50,20,21.3,19.6,99.95,100.03,99.95,4.4,120,8.7,2.663,0,0.903739971426611
2017-05-13 18:00:00.000,11.8923052687973,9.65941237437654,21.8594441485397,NaN,28.1270083102493,29.9,31.2,29.9,59,60,52,21,21.5,20,99.91,99.95,99.91,3.4,114,8.1,1.636,0,0.398442066601439
2017-05-13 19:00:00.000,11.9166419292416,9.65773494672307,21.8152411223761,NaN,28.1270083102493,29,29.9,29,64,65,59,21.4,21.7,20.9,99.92,99.92,99.9,3.2,99,6.2,0.7901,0,0.223454959528023
2017-05-13 20:00:00.000,11.9410159927751,9.6560583106886,21.7709577681616,NaN,28.1270083102493,28.3,29,28.3,65,66,63,21,21.5,21,99.95,99.95,99.92,2,108,5.3,0.371,0,0.133642283842079
2017-05-13 21:00:00.000,11.9654151718561,9.65438169416418,21.7266706269524,NaN,28.1270083102493,26,28.3,26,75,75,65,21.2,21.2,20.9,99.98,99.98,99.95,1.1,119,3.5,0.03201,0,0.030413179383473
2017-05-13 22:00:00.000,11.9850428820867,9.65434953721189,21.7064582303649,NaN,28.1270083102493,25.2,26.1,25.2,81,81,75,21.8,21.8,21,100.03,100.03,99.98,2.3,69,3.6,0,0,0.0286167729781955
2017-05-13 23:00:00.000,12.001784896027,9.65576217574441,21.6851216749207,NaN,28.1270083102493,25.1,26,25.1,78,82,76,21.1,22.1,21.1,100.1,100.1,100.03,1.6,88,3.8,0,0,0.0258534126048398
2017-05-14 00:00:00.000,12.0183169773567,9.65720291243315,21.6637311979946,NaN,28.1270083102493,25.5,25.7,24.8,75,81,75,20.9,21.4,20.9,100.17,100.17,100.1,2.1,104,4.1,0,0,0.0358549082558078
2017-05-14 01:00:00.000,12.0348372278333,9.6586441227718,21.6423578020868,NaN,28.1270083102493,25.5,26.1,25.4,76,76,73,20.9,21,20.6,100.2,100.2,100.17,2.1,96,5.1,0,0,0.034425770533728
2017-05-14 02:00:00.000,12.0484725788499,9.66061434622915,21.6323599565793,NaN,28.1270083102493,25.6,25.8,25.2,78,78,76,21.6,21.6,20.8,100.2,100.21,100.2,2,122,4.4,0,0,0.0306416936531992
2017-05-14 03:00:00.000,12.057790747069,9.6587968386343,21.6067156228296,NaN,28.1270083102493,25.4,25.8,25.2,80,81,78,21.7,21.9,21.6,100.18,100.2,100.18,1.4,128,3.9,0,0,0.0215120799217828
2017-05-14 04:00:00.000,12.1702325493879,9.65969241830073,21.6107070978177,NaN,28.1270083102493,25.8,25.8,25.1,83,84,80,22.6,22.7,21.7,100.08,100.18,100.08,3.5,106,6.6,0,0,0.0334591113175233
2017-05-14 05:00:00.000,12.2743204248684,9.66280298307276,21.6205568909002,NaN,28.1270083102493,26,26,25.8,82,83,82,22.7,22.7,22.6,100.02,100.08,100.02,2.9,113,6.6,0,0,0.046362745277498
2017-05-14 06:00:00.000,12.3812433238295,9.66595088375704,21.6307323655099,NaN,28.1270083102493,26,26.2,25.9,82,83,82,22.8,22.9,22.7,100.02,100.02,100,2.8,106,5.5,0,0,0.0449946061136003
2017-05-14 07:00:00.000,12.4851467200006,9.66909960551372,21.6409318216727,NaN,28.1270083102493,25.7,26,25.7,83,83,82,22.5,22.8,22.5,100.04,100.04,100.01,2.9,106,5.4,0,0,0.0434911280459993
2017-05-14 08:00:00.000,12.5663315775047,9.67132259377348,21.6589280957907,NaN,28.1270083102493,25.6,25.7,25.6,83,83,82,22.5,22.6,22.4,100.08,100.08,100.04,3.6,109,6,0,0,0.0519873703874215
2017-05-14 09:00:00.000,12.5920714235123,9.67259973464328,21.6851279649624,NaN,28.1270083102493,25.7,25.7,25.5,81,83,81,22.2,22.5,22.2,100.11,100.11,100.08,3,114,5.8,0.01257,0,0.0532821618628928
2017-05-14 10:00:00.000,12.4898128191843,9.67386142425835,21.7193177799709,NaN,28.1270083102493,27.4,27.4,25.7,74,81,74,22.4,22.5,22.2,100.2,100.2,100.11,3.6,123,7.5,0.2671,0,0.151924672579829
2017-05-14 11:00:00.000,12.3908542356541,9.67285340564866,21.7272047241186,NaN,28.1270083102493,28.2,28.3,27.4,68,75,67,21.6,22.6,21.4,100.27,100.27,100.2,4.9,118,8.8,1.239,0,0.439561827557353
2017-05-14 12:00:00.000,12.287779665908,9.66953356947852,21.6995202555847,NaN,28.1270083102493,29,29.1,28.2,65,69,63,21.7,21.9,21,100.31,100.31,100.27,5.2,116,9.2,2.092,0,0.674181732873016
2017-05-14 13:00:00.000,12.1880520951257,9.66617740563325,21.6702132817993,NaN,28.1270083102493,29.6,30.3,28.9,61,65,61,21.4,22.7,21.2,100.3,100.31,100.3,3,154,8.6,2.803,0,0.88424143892253
2017-05-14 14:00:00.000,12.108442787781,9.66282092265625,21.6408394359158,NaN,28.1270083102493,31.1,31.1,28.9,61,65,60,22.7,23.2,20.8,100.26,100.31,100.26,3.4,117,7.2,2.733,0,0.886532308214583
2017-05-14 15:00:00.000,12.0650070259679,9.65946468875598,21.6114722224034,NaN,28.1270083102493,31.8,31.8,29.6,59,65,57,22.9,22.9,21.4,100.18,100.27,100.18,3.6,117,7.6,2.709,0,0.897356030263229
2017-05-14 16:00:00.000,12.052546763451,9.65610871308135,21.5821156801826,NaN,28.1270083102493,32,32.5,30.9,54,59,53,21.7,22.9,21.3,100.09,100.18,100.09,3.4,114,7.5,3.276,0,1.07601472170712
2017-05-14 17:00:00.000,12.0542558889184,9.65275299597837,21.5527704966879,NaN,28.1270083102493,30.7,32.5,30.6,59,59,53,21.8,22.6,21.3,100.01,100.09,100.01,3.6,108,7,2.633,0,0.860521547839751
2017-05-14 18:00:00.000,12.1652325866017,9.64939753764603,21.523437192475,NaN,28.1270083102493,31.9,32.5,30.7,57,60,55,22.2,22.8,21.2,99.97,100.01,99.97,3.2,94,6.3,1.958,0,0.494489931634301
2017-05-14 19:00:00.000,12.269916238244,9.64694992296315,21.4883336556599,NaN,28.1270083102493,30.6,31.9,30.4,60,60,56,22.1,22.8,21.4,99.97,99.97,99.95,3.2,105,6.2,1.328,0,0.347871507413412
2017-05-14 20:00:00.000,12.3772851485076,9.64726783296741,21.435717342534,NaN,28.1270083102493,28.2,30.9,28.2,74,74,59,23.1,23.5,21.8,100,100,99.97,3.6,70,6.1,0.3801,0,0.122854756999322
2017-05-14 21:00:00.000,12.4844576579087,9.64762831733375,21.3821336026504,NaN,28.1270083102493,26.9,28.2,26.9,76,76,74,22.2,23.1,22.2,100.05,100.05,100,3.4,90,6,0.04383,0,0.0558421040742922
2017-05-14 22:00:00.000,12.5858520633201,9.6479894090458,21.3284720282237,NaN,28.1270083102493,26.4,26.9,26.4,79,79,76,22.6,22.6,22.1,100.1,100.1,100.05,3.7,114,7.3,0,0,0.0434903012280789
2017-05-14 23:00:00.000,12.6720956911916,9.64845650353631,21.2716269587194,NaN,28.1270083102493,26.3,26.5,26.3,80,81,79,22.6,22.8,22.6,100.14,100.14,100.1,2.5,105,6.8,0,0,0.0328896610202232
2017-05-15 00:00:00.000,12.7366012708069,9.64896090658007,21.2134567056573,NaN,28.1270083102493,26,26.4,26,82,82,79,22.6,22.7,22.4,100.19,100.19,100.14,2.3,89,6.8,0,0,0.0278192473458419
2017-05-15 01:00:00.000,12.7809062041027,9.64965042221166,21.1580911693859,NaN,28.1270083102493,26.1,26.2,25.9,82,82,80,22.8,22.8,22.4,100.21,100.22,100.19,3.1,106,6,0,0,0.0334723396864816
2017-05-15 02:00:00.000,12.8083131287251,9.65018383456711,21.1069892715353,NaN,28.1270083102493,26.1,26.2,26.1,82,82,81,22.9,22.9,22.6,100.21,100.23,100.21,2.8,114,4.8,0,0,0.0315355513173855
2017-05-15 03:00:00.000,12.7051976397962,9.64853632823127,21.041573522141,NaN,28.1270083102493,26.1,26.2,26,81,83,80,22.5,23,22.4,100.15,100.21,100.15,3.1,107,6.5,0,0,0.0353228185436733
2017-05-15 04:00:00.000,12.6050919070587,9.65181772681431,21.0093167730944,NaN,28.1270083102493,25.9,26.1,25.8,84,84,81,22.9,22.9,22.4,100.12,100.15,100.12,3.6,99,6.3,0,0,0.0320890668986274
2017-05-15 05:00:00.000,12.502066506757,9.6549721454576,20.9787917948784,NaN,28.1270083102493,26,26.1,25.9,82,84,82,22.7,22.9,22.7,100.09,100.12,100.09,3.4,105,7.1,0,0,0.0530214258495817
2017-05-15 06:00:00.000,12.4077274397484,9.6556300696106,20.9293300071468,NaN,28.1270083102493,26,26.2,25.9,83,83,82,22.9,23,22.7,100.06,100.09,100.05,3,109,6.9,0,0,0.0450774288804183
2017-05-15 07:00:00.000,12.3383337187733,9.65794293827689,20.8683425478909,NaN,28.1270083102493,26,26.1,26,83,83,82,23,23,22.8,100.06,100.06,100.05,3.2,105,5.4,0,0,0.0475971289875996
2017-05-15 08:00:00.000,12.3035066115408,9.66222881184527,20.8362117478699,NaN,28.1270083102493,25.9,26,25.8,83,84,83,22.8,23,22.8,100.09,100.09,100.06,2.4,113,5.4,0,0,0.0371254007260092
2017-05-15 09:00:00.000,12.2765283617837,9.66379178741549,20.7830032290276,NaN,28.1270083102493,26,26.1,25.7,83,84,82,22.8,22.9,22.7,100.13,100.13,100.09,2.4,115,5.7,0.01479,0,0.0411660403069662
2017-05-15 10:00:00.000,12.2475227724204,9.66569238728256,20.7581522488093,NaN,28.1270083102493,27.3,27.5,26,75,83,75,22.5,22.9,22.5,100.17,100.17,100.13,2.9,121,7.1,0.2733,0,0.13914884944281
2017-05-15 11:00:00.000,12.3589947954104,9.66571978301588,20.7300806371722,NaN,28.1270083102493,28.6,28.6,26.9,72,77,71,23,23.1,22.4,100.21,100.21,100.17,4.5,106,7.8,1.194,0,0.412708986202718
2017-05-15 12:00:00.000,12.4655024809578,9.66883252350496,20.6892950625141,NaN,28.1270083102493,29.2,29.4,28.2,71,73,69,23.5,23.6,22.3,100.24,100.25,100.21,3.8,119,7.9,1.861,0,0.592297137396455
2017-05-15 13:00:00.000,12.5707950311227,9.66639886439532,20.6305699181372,NaN,28.1270083102493,29.5,30.2,28.7,69,72,66,23.3,23.8,22.6,100.25,100.25,100.24,3.9,103,7.8,2.099,0,0.665667667197357
2017-05-15 14:00:00.000,12.6612449593796,9.66326464962736,20.5821048440842,NaN,28.1270083102493,31.4,31.8,29.5,62,70,60,23.3,24.1,22.8,100.2,100.25,100.2,4.7,107,7.8,2.916,0,0.935873190833572
2017-05-15 15:00:00.000,12.7213136310566,9.65990537200835,20.5388188682094,NaN,28.1270083102493,31.5,32.2,30.8,60,63,59,22.8,23.8,22.1,100.12,100.2,100.12,3.9,101,8.5,3.258,0,1.04028028977436
2017-05-15 19:00:00.000,12.5670095438466,9.6443462146232,20.4619611507546,NaN,28.1270083102493,30.1,31.6,29.9,66,67,62,23.1,23.9,22.7,99.96,99.96,99.94,5.4,80,NaN,1.165,0,0.274278986363868
2017-05-15 20:00:00.000,12.4683563939701,9.64328505326378,20.4806391141057,NaN,28.1270083102493,28.4,30.1,28.4,72,72,65,22.8,23,22.5,99.99,99.99,99.96,4,91,9.3,0.3527,0,0.123877593266246
2017-05-15 21:00:00.000,12.3989316171317,9.64409831640755,20.5284326122446,NaN,28.1270083102493,27.2,28.4,27.2,72,73,71,21.7,22.7,21.7,100.03,100.03,99.99,3.5,96,7.5,0.03201,0,0.0633189392819168
2017-05-15 22:00:00.000,12.3802910773178,9.64493834083035,20.5785531973456,NaN,28.1270083102493,26.5,27.2,26.5,77,77,72,22.2,22.3,21.5,100.08,100.09,100.03,3,111,6.6,0,0,0.0425035184008685
2017-05-18 12:00:00.000,12.2896255341907,9.38340133785483,20.4580701803895,243.202600216685,28.686247291441,29.4,29.5,28.6,71,73,69,23.7,23.7,23,100.09,100.1,100.08,3.9,126,8.1,1.856,0,0.593365511348777
2017-05-18 13:00:00.000,12.2139930606674,9.30088638701586,20.3264721449086,156.113091922006,28.8112116991643,30.3,31,28.7,65,73,63,23,24,22.9,100.09,100.1,100.08,5.1,112,8.3,2.167,0,0.711213892754814
2017-05-18 14:00:00.000,12.1394419339298,9.21234316554396,20.2384161675637,123.219140083218,28.9041955617198,31.7,32.2,29.9,60,66,59,22.9,23.5,22.3,100.01,100.09,100.01,5.1,105,9.4,2.837,0,0.929243345037281
2017-05-18 15:00:00.000,12.0470572911816,9.1178327335665,20.1025577960199,124.752646239554,29.1224233983287,26.8,31.9,26.8,75,79,59,22.1,23.2,22.1,100,100.03,100,5.1,124,10,1.367,0.2,0.429218594129751
2017-05-18 16:00:00.000,11.9436439468063,9.02073814127279,19.9517515330321,115.49761084565,29.1497458050895,30.5,30.6,26.2,67,78,65,23.5,24.1,21.7,99.85,100,99.85,4.6,117,9.3,2.068,0,0.678731859517443
2017-05-18 17:00:00.000,11.8436579216414,8.92612372492349,19.8273786814092,105.896544060451,29.1747485831759,29.1,31.4,29,73,73,62,23.7,24.1,22.8,99.79,99.85,99.79,2.7,134,9.3,1.899,0,0.596836122943523
2017-05-18 18:00:00.000,11.7777220731027,8.84470236773215,19.7070179744916,91.216306156406,29.1263519134775,26.2,29.6,26.1,79,79,71,22.2,24,21.8,99.82,99.82,99.76,4.8,124,13.5,0.4779,0,0.117428743143084
2017-05-18 19:00:00.000,11.758022872576,8.79003376149131,19.5684848311788,88.8349406683718,28.9523551826072,27.3,27.3,25.7,72,81,72,21.9,22.7,21.9,99.8,99.82,99.78,4.1,106,9.1,0.2328,0,0.100440887709314
2017-05-18 20:00:00.000,11.8473764340343,8.7592695952368,19.4089587975561,86.6461696507191,28.7778195626651,27.5,27.6,26.3,75,80,72,22.7,23.1,21.8,99.8,99.81,99.79,3.8,101,6.9,0.3317,0,0.110007264428834
2017-05-18 21:00:00.000,11.9545131174457,8.74183669342952,19.2350426124257,84.4573986330664,28.603283942723,26.8,27.5,26.8,79,79,75,22.8,22.8,22.6,99.81,99.81,99.78,2.9,105,6.7,0.02503,0,0.0429797386201134
2017-05-18 22:00:00.000,12.0647661086182,8.72929260645866,19.0902046748242,82.2686276154136,28.4287483227808,26.8,26.9,26.7,81,81,79,23.2,23.2,22.8,99.87,99.87,99.8,3.3,109,6.8,0,0,0.0374275177276354
2017-05-18 23:00:00.000,12.1762864518565,8.71813544000874,19.0696999165494,80.0798565977609,28.2542127028387,26.4,26.8,26.4,82,82,81,23,23.2,23,99.93,99.93,99.87,2.7,115,6.4,0,0,0.0311116003237704
2017-05-19 00:00:00.000,12.2883568614026,8.70735886753967,19.1610535465788,77.8910855801082,28.0796770828966,26.4,26.6,26.4,82,82,81,23.1,23.1,23,99.95,99.96,99.92,3.4,108,6.5,0,0,0.0355820437481031
2017-05-19 01:00:00.000,12.400358474743,8.69672963766506,19.287686092139,75.7023145624555,27.9051414629544,26.7,26.7,26.4,82,83,82,23.3,23.4,23.1,99.97,99.98,99.95,3.4,112,6.9,0,0,0.0359502897226925
2017-05-19 02:00:00.000,12.5117570623608,8.68619647141361,19.4226443631338,73.5135435448027,27.7306058430123,26.6,26.8,26.5,82,82,81,23.2,23.3,23.1,99.95,99.97,99.94,3.6,103,7.9,0,0,0.036966761137637
2017-05-19 03:00:00.000,12.6221034554567,8.67574539881751,19.5599550216979,71.32477252715,27.5560702230702,26.4,26.6,26.3,83,83,82,23.3,23.4,23.2,99.92,99.95,99.92,3.3,107,6.9,0,0,0.0330463912623371
2017-05-19 04:00:00.000,12.7310173281252,8.66537049384406,19.6982072864195,69.1360015094972,27.381534603128,26.3,26.7,26.3,82,83,81,23,23.3,23,99.85,99.92,99.85,3.2,105,8.3,0,0,0.0342614381096732
2017-05-19 05:00:00.000,12.8381720707344,8.655068213851,19.8369279017748,66.9472304918445,27.2069989831859,26.5,26.6,26.3,80,82,79,22.8,23.1,22.7,99.79,99.85,99.79,5.3,106,8.4,0,0,0.0848329417212763
2017-05-19 06:00:00.000,12.9432850026792,8.71998410923419,19.975871029305,64.7584594741918,27.0324633632437,26.3,26.7,26.3,82,82,80,22.9,23.1,22.8,99.76,99.79,99.75,3.4,110,8.3,0,0,0.0532881890373848
2017-05-19 07:00:00.000,13.0461122044104,8.79066141990278,20.1148733347884,62.5696884565391,26.8579277433016,26.3,26.5,26.2,82,82,81,22.9,23.1,22.9,99.8,99.8,99.76,2.8,121,6.3,0,0,0.0452367158315177
2017-05-19 08:00:00.000,13.1455289223017,8.87246721670722,20.262722247516,64.0557401255076,26.7927510151347,26.2,26.3,26.1,82,82,81,22.9,22.9,22.7,99.84,99.84,99.8,3.2,116,6.8,0,0,0.0505624213499349
2017-05-19 09:00:00.000,13.0455839213276,8.95888498031316,20.4147483765498,68.1528555431131,26.8111352183651,26.3,26.5,26.2,81,83,80,22.8,23.1,22.6,99.85,99.85,99.83,3.9,112,7.8,0.01249,0,0.0661126468018654
2017-05-19 10:00:00.000,12.9411793985135,9.03727090346763,20.5917189085725,99.6650611337533,26.977422193405,27.3,27.4,26.3,78,82,78,23.1,23.4,22.8,99.89,99.89,99.85,4.7,114,9,0.3329,0,0.168355751042273
2017-05-19 11:00:00.000,12.882315224442,9.09499284305619,20.4556540995531,110.123333333333,27.1849305555556,28.4,28.7,27.3,74,78,73,23.3,23.8,23,99.96,99.96,99.89,4.2,115,9,0.9645,0,0.343104472335639
2017-05-19 12:00:00.000,12.8421548528886,9.13401102973089,20.3725530681331,179.518330787391,27.5740565546452,28.8,29.6,28.1,72,76,70,23.2,24.3,22.8,99.96,99.97,99.96,3.6,113,8,1.501,0,0.48961364165371
2017-05-19 13:00:00.000,12.8004800291827,9.16443005982523,20.279426113296,249.758575197889,27.9646273087071,28.5,31.3,28.2,68,73,62,22,24.1,21.4,99.97,99.98,99.93,4,136,9.8,2.447,0,0.747118027665874
2017-05-19 14:00:00.000,12.7570974293626,9.18197230268298,20.1738126384744,319.998819608388,28.3551980627691,29.5,30.6,28.5,65,68,61,22.2,23.5,21.8,99.92,99.97,99.92,4.4,109,8.7,2.499,0,0.78511287908606
2017-05-19 15:00:00.000,12.7117309701852,9.19693204614346,20.0685279578663,390.239064018886,28.745768816831,30.3,31.6,28.5,65,75,60,22.9,24.2,22.1,99.82,99.92,99.82,4.2,112,9.4,1.961,0,0.654786689015884
2017-05-19 16:00:00.000,12.6646405804176,9.18082642620123,19.9191135065807,1023,28.873698278256,30.5,32.4,29.6,62,68,57,22.6,23.7,22.2,99.75,99.83,99.74,4.6,104,9.4,2.525,0,0.819281010202512
2017-05-19 17:00:00.000,12.6161638178054,9.15058473759888,19.7728322621119,1023,28.8763194444444,31,32,28.9,60,69,57,22.2,23.4,21.6,99.71,99.77,99.71,5.5,101,9.4,2.232,0,0.76337605914052
2017-05-19 18:00:00.000,12.5646097960886,9.0911451646036,19.6040458052066,1023,28.813784008884,29.6,31.8,29.6,65,66,60,22.4,23.4,21.5,99.7,99.71,99.68,5.5,92,9.3,2.069,0,0.406284911459527
2017-05-19 19:00:00.000,12.5087418800582,9.05469261913314,19.4520991063995,1022,28.6479166666667,29,30.4,29,63,70,63,21.3,23.9,21.3,99.69,99.7,99.68,6.2,97,10.2,1.476,0,0.30913628089557
2017-05-19 20:00:00.000,12.4065730118315,9.01807934854021,19.290024636698,1022,28.4395833333333,28.3,29.4,28.3,72,72,63,22.7,22.7,21.1,99.72,99.72,99.69,5.4,89,10.2,0.4729,0,0.142808230532214
2017-05-19 21:00:00.000,12.5064181977251,8.98321550073053,19.1299350955615,1023,28.25141966759,27.3,28.3,27.2,75,76,72,22.4,22.8,22.4,99.79,99.79,99.72,3.6,103,8.5,0.05569,0,0.062050420921588
2017-05-19 22:00:00.000,12.5707240827436,8.94996350121763,19.0537100763079,1022.3407224452,28.0714456622414,27.1,27.4,27.1,74,75,73,22.1,22.4,22.1,99.83,99.84,99.79,4.2,107,8.5,0,0,0.0588922902813105
2017-05-19 23:00:00.000,12.6159666314646,8.91715428817665,19.0485300283698,1021.67384995369,27.8908343624576,26.8,27.1,26.8,76,76,74,22.3,22.3,22.1,99.9,99.9,99.83,2.7,122,8.8,0,0,0.0420077358667473
2017-05-20 00:00:00.000,12.6519144979053,8.88739725748648,19.1948115234601,1021.00697746218,27.7102230626737,26.8,26.9,26.7,75,78,75,22.1,22.5,22,99.95,99.95,99.9,3.8,111,7.7,0,0,0.0532201248829864
2017-05-20 01:00:00.000,12.6902236786363,8.85848437004195,18.9846374957948,1020.34010497067,27.5296117628898,26.7,26.8,26.6,78,78,75,22.6,22.6,22.1,99.95,99.96,99.93,3.2,118,8.2,0,0,0.042458269534408
2017-05-20 02:00:00.000,12.7278719905987,8.82764753601965,18.8197844501529,1019.02,27.37625,26.4,26.7,26.4,79,79,77,22.4,22.7,22.3,99.92,99.95,99.92,4.7,99,7.2,0,0,0.0490166521047819
2017-05-20 03:00:00.000,12.7683281082348,8.8058301857218,18.6548195377709,1018.01945525292,27.2512159533074,26.5,26.7,26.4,78,79,78,22.5,22.5,22.4,99.93,99.94,99.92,3.5,108,8.4,0,0,0.0443370243056947
2017-05-20 04:00:00.000,12.8149301986461,8.78477156872697,18.4884743046493,1017.02,27.12625,26.4,26.7,26.4,79,80,77,22.4,22.8,22.3,99.85,99.93,99.85,4.4,116,9,0,0,0.0474724309629255
2017-05-20 05:00:00.000,12.8680108601962,8.76997013020359,18.529378566563,1007.1,27.00125,26.4,26.5,26.3,79,79,78,22.4,22.5,22.3,99.82,99.85,99.81,4.5,106,8.5,0,0,0.0782658812553673
2017-05-20 06:00:00.000,12.9349217826867,8.75871070417496,18.6370415858074,320.82,26.87625,26.4,26.5,26.3,80,80,79,22.8,22.8,22.4,99.82,99.82,99.8,3.9,103,8.5,0,0,0.0664640461360597
2017-05-20 07:00:00.000,13.0416971312419,8.75719684514061,18.5536061044679,177,26.850767962513,26.1,26.5,26.1,81,81,80,22.6,22.8,22.6,99.83,99.83,99.82,3.4,116,7.3,0,0,0.0560089696398976
2017-05-20 08:00:00.000,12.9337342730354,8.75638340393554,18.4339072797267,177,26.9288658451926,26.3,26.3,26.1,79,81,79,22.4,22.7,22.4,99.88,99.88,99.83,4.4,101,7.1,0,0,0.0767219311645027
2017-05-20 09:00:00.000,12.8647528893066,8.7600901034128,18.3005824674272,177,27.0069637278723,25.8,26.4,25.6,80,80,79,22.1,22.5,21.9,99.93,99.93,99.88,2.9,113,7.9,0.01011,0,0.0538706944687043
2017-05-20 10:00:00.000,12.8191521969461,8.7651027036189,18.1655720152132,177,27.0850616105519,27.3,27.3,25.8,72,80,71,21.9,22.3,21.3,100.02,100.02,99.93,3.9,107,7.7,0.2702,0,0.163813870773345
2017-05-20 11:00:00.000,12.7766189632548,8.78102990790444,18.2694954334534,161.351403947734,27.3389456491521,26.9,27.8,25.7,82,85,72,23.6,23.8,21.8,100.07,100.08,100.02,3.9,108,8.1,0.9195,0.2,0.292336347112198
2017-05-20 12:00:00.000,12.7321077657431,8.8155132301038,18.4787298083565,143.531258682967,27.7919908307863,29,29.2,26.9,68,83,67,22.5,23.8,22.1,100.1,100.11,100.07,5.2,119,9.4,2.157,0,0.677145121508499
2017-05-20 13:00:00.000,12.6854439911691,8.79785738946976,18.3328071584629,140.530425118088,28.2608710752987,30,30.5,28.4,63,69,63,22.3,23.3,21.6,100.08,100.11,100.08,4.9,127,9.5,2.468,0.2,0.792335231099303
2017-05-20 14:00:00.000,12.6367394678629,8.74336200171368,18.356602370189,312.244750583269,28.610237751361,29.9,31.8,29.9,64,66,59,22.2,23.6,21.8,100.06,100.08,100.05,4.2,127,9.3,2.943,0,0.911767244554275
2017-05-20 15:00:00.000,12.5860801305514,8.72515776709741,18.4511794401266,665.805466059327,28.8352127541384,31.5,31.9,29.3,58,67,57,22.4,23.3,21.5,99.94,100.06,99.94,4.2,114,8.3,2.292,0,0.786116136858736
2017-05-20 16:00:00.000,12.5331457277234,8.82703247524353,18.5320593739085,1019.36618153538,29.0601877569159,31.1,31.7,28.6,65,75,58,23.7,25,21.8,99.84,99.94,99.84,3.1,119,9.6,1.822,0,0.618717833961275
2017-05-20 17:00:00.000,12.4691568125967,8.85846991011005,18.7482415516062,1023,29.1243748263407,31.3,32.1,30.7,62,65,58,23.1,24,22.2,99.77,99.84,99.77,3.9,91,9.8,2.587,0,0.846899480395172
2017-05-20 18:00:00.000,12.5260357055394,8.85551861377569,18.7602557616017,1023,28.9751189532117,30.8,31.3,28.9,65,75,62,23.5,24,22.9,99.74,99.77,99.74,3.5,107,7.4,0.964,0,0.264653531818653
2017-05-20 19:00:00.000,12.5654056840871,8.8290548216945,18.6286594573802,1023,28.7966891356067,29.7,31.5,29.7,67,67,61,22.8,24,22.4,99.77,99.77,99.73,4.7,108,8.6,1.351,0,0.304910794341703
2017-05-20 20:00:00.000,12.6045471649336,8.80250044852748,18.7281817707229,1023,28.6113313856427,28.9,30.1,28.6,69,71,67,22.7,23.7,22.7,99.83,99.83,99.77,3.7,103,8.6,0.4417,0,0.147738960910176
2017-05-20 21:00:00.000,12.6461164919033,8.77171127265955,18.6887056271331,1023,28.3775513746182,27.6,28.9,27.6,75,75,69,22.7,22.7,22.4,99.87,99.87,99.83,4.2,98,10.4,0.05496,0,0.0664407482052737
2017-05-20 22:00:00.000,12.6966664304529,8.75133670322731,18.8206049469027,1023,28.2000532456709,26.9,27.6,26.9,78,78,75,22.6,22.7,22.5,99.92,99.92,99.87,2.8,120,6.9,0,0,0.0394994348015903
2017-05-20 23:00:00.000,12.7513161748877,8.71765934386974,19.0415287621228,1023,27.9917006204278,26.9,26.9,26.7,79,79,78,22.9,22.9,22.6,99.98,99.98,99.92,3.3,110,5.8,0,0,0.0415255715903647
2017-05-21 00:00:00.000,12.835923549195,8.70688674072213,19.1945377153771,1023,27.7833479951847,26.9,27.1,26.8,77,79,77,22.5,23,22.5,100.03,100.03,99.98,4.2,111,7.9,0,0,0.051766534769875
2017-05-21 01:00:00.000,12.9270080234698,8.68745182049902,19.2685536051187,1023,27.5949833240689,27,27,26.8,77,77,76,22.7,22.7,22.4,100.03,100.05,100.03,3.7,117,8.3,0,0,0.0486214500543593
2017-05-21 02:00:00.000,13.0203537715503,8.67336444011372,19.1976089533935,1018.67919985182,27.4599925912206,26.8,27.1,26.8,79,79,77,22.8,22.9,22.7,100.04,100.05,100.03,3.4,111,8.4,0,0,0.0420967022384141
2017-05-21 03:00:00.000,13.1313152033087,8.66181047841615,19.1646964337347,1000.67586590109,27.2932950546397,26.8,27,26.8,78,79,78,22.7,22.8,22.7,100.02,100.04,100.02,3.5,116,7.4,0,0,0.0448113961671703
2017-05-21 04:00:00.000,13.244461473096,8.64969707383659,19.1781414252934,971.57761732852,27.1574909747292,26.7,26.8,26.7,78,78,78,22.5,22.7,22.5,99.95,100.02,99.95,4.2,107,8.6,0,0,0.0491469628803755
2017-05-21 05:00:00.000,13.2723104451255,8.64516352409447,19.133390073321,937.997777366179,27.0424962956103,26.6,26.8,26.6,76,78,76,22.2,22.5,22.1,99.91,99.95,99.9,3.8,113,8.9,0,0,0.0785055328494799
2017-05-21 06:00:00.000,13.3678077697043,8.62883727744498,19.1283723761654,887.988516391924,26.9591475273199,26.1,26.6,26.1,77,77,76,21.7,22.2,21.7,99.89,99.91,99.88,3.7,116,9.9,0,0,0.072724623243709
2017-05-21 07:00:00.000,13.4476969065539,8.61755873880715,18.9025662442191,984.500277623542,26.7987749861188,26,26.2,25.8,77,78,76,21.7,21.8,21.5,99.9,99.9,99.89,3.2,111,7.6,0,0,0.064331398908664
2017-05-21 08:00:00.000,13.3504662803506,8.62238858765052,18.7528189173339,1023,26.8054914981107,26.1,26.2,25.7,75,78,74,21.2,21.7,21.2,99.94,99.94,99.9,2.4,114,6.9,0,0,0.054783587804434
2017-05-21 09:00:00.000,13.3166402477601,8.62955764008064,18.7093637641336,1023,26.8805081684819,25.8,26.2,25.4,77,78,74,21.5,21.5,21.1,99.96,99.96,99.94,2.8,117,6.4,0.01451,0,0.0609918372093405
2017-05-21 10:00:00.000,13.2825099217482,8.6467909273982,18.6211574557166,1023,27.0576388888889,26.9,26.9,25.9,73,77,73,21.6,21.8,21.4,100.02,100.03,99.96,4.7,129,9.7,0.2684,0,0.170744451725051
2017-05-21 11:00:00.000,13.2473128855768,8.68706583462806,18.542211600217,1023,27.5576388888889,28.2,28.4,26.9,67,73,66,21.4,21.8,21,100.1,100.1,100.02,4.6,117,9.7,1.289,0,0.453644925809392
2017-05-21 12:00:00.000,13.2109557801263,8.72379671309695,18.521585744398,1023,28.0576388888889,29.2,29.6,28.2,62,68,62,21.3,22.4,21.3,100.11,100.12,100.1,4.5,116,11.5,2.056,0,0.67854857750256
2017-05-21 13:00:00.000,13.1731334555889,8.76774477322247,18.5949066881939,1023,28.6177083333333,30.1,30.8,29.2,58,64,57,20.9,22.5,20.7,100.09,100.12,100.09,5.7,113,11.5,2.785,0,0.897377230932245
2017-05-21 14:00:00.000,13.133513206658,8.82188571017104,18.7021419650972,1023,29.3376736111111,32,32,29.6,54,61,53,21.4,22.1,20.9,100.04,100.1,100.04,5.4,105,11.5,3.01,0,1.00914395125166
2017-05-21 15:00:00.000,13.0924869860287,8.85567754891232,18.7837205923732,1023,29.8511130069042,31.9,32.3,30.2,53,60,52,21.1,22.3,20.6,99.95,100.04,99.95,5.4,106,11.2,2.802,0,0.958256850570024
2017-05-21 16:00:00.000,13.0501630815426,8.85318446810253,18.8284182046252,1023,30.0118145385287,32,32.9,30.7,52,56,50,21,22.2,20.4,99.88,99.95,99.88,5.3,115,9.9,2.338,0,0.843114484729112
2017-05-21 17:00:00.000,12.9994928366475,8.85498492994704,19.0506698329858,1023,30.1725160701532,32.1,33.4,31,53,56,49,21.2,22,20.4,99.8,99.88,99.8,4.6,119,9.3,2.352,0,0.83562266044491
2017-05-21 18:00:00.000,12.8937875019039,8.854764679711,19.2162432600058,1023,30.3332176017776,31.9,32.3,31.5,50,55,49,20.3,21.7,19.9,99.8,99.8,99.78,4.8,106,9.8,2.074,0,0.496640637176803
2017-05-21 19:00:00.000,12.9742415341281,8.83996737622656,19.2713371820121,1023,30.23625,30.6,31.9,30.6,50,51,49,19.1,20.3,18.9,99.79,99.8,99.77,5.3,101,9.8,1.488,0,0.376235344888394
2017-05-21 20:00:00.000,13.0945179756311,8.81890627804976,19.2414555337105,1023,30.0025,29.3,30.7,29.3,57,57,50,19.9,19.9,19,99.83,99.83,99.79,4.9,104,9.5,0.535,0,0.197291052712093
2017-05-21 21:00:00.000,13.1888033659795,8.79489227069918,19.1828906452219,1023,29.7524666481379,27.5,29.3,27.5,69,69,57,21.4,21.4,19.8,99.87,99.87,99.82,3.7,99,9.5,0.04606,0,0.0744213769597815
2017-05-21 22:00:00.000,13.2637008318468,8.77066802812905,19.1186936185307,1023,29.5024305555556,26.8,27.5,26.8,73,74,69,21.6,21.8,21.5,99.92,99.92,99.87,2.7,98,6.2,0,0,0.0472630975775067
2017-05-21 23:00:00.000,13.3247862404027,8.74662482025013,19.0543861605064,1023,29.2524305555556,27,27.1,26.8,69,73,69,20.9,21.7,20.9,99.97,99.97,99.92,4.2,110,7.1,0,0,0.0700058509685207
2017-05-22 00:00:00.000,13.3759768025166,8.7227984727856,18.9909111657651,1023,29.0024305555556,26.9,27.2,26.9,71,71,68,21.1,21.1,20.8,100.03,100.03,99.97,4.3,110,8.7,0,0,0.0660479090690908
2017-05-22 01:00:00.000,13.4305898237912,8.68238585785423,18.9033948576617,998.486111111111,28.5751446759259,26.6,26.9,26.5,75,75,71,21.9,21.9,21.2,100.06,100.06,100.03,4.3,110,8.5,0,0,0.0563303126895721
2017-05-22 02:00:00.000,13.4920916948531,8.66789403819149,18.8146916325235,948.486111111111,28.3459780092593,26.5,26.7,26.4,76,77,75,22,22.2,21.9,100.05,100.07,100.05,4.6,105,9,0,0,0.0556805933135978
2017-05-22 03:00:00.000,13.5607298119032,8.65140608978411,18.6999495958572,898.486111111111,28.1168113425926,26.2,26.5,26.2,74,76,74,21.3,22,21.3,100.02,100.06,100.02,3.4,118,8.5,0,0,0.0510600889108345
2017-05-22 04:00:00.000,13.6441680043508,8.63682844603228,18.7520340506249,847.505555555556,27.8774305555556,26,26.4,26,75,75,74,21.3,21.5,21.3,99.92,100.02,99.92,4.2,111,9.6,0,0,0.0544432149654243
2017-05-22 05:00:00.000,13.721621841974,8.61414748912088,18.8657352612843,792.797222222222,27.6274305555556,25.9,26.1,25.8,76,77,74,21.3,21.5,21.1,99.84,99.92,99.84,4.2,117,8.4,0,0,0.0836367370271144
2017-05-22 06:00:00.000,13.8330744256037,8.60659427847344,19.0453628340385,707.972222222222,27.4399305555556,26.1,26.2,25.8,73,76,72,20.8,21.2,20.7,99.82,99.84,99.81,5,113,9.6,0,0,0.108410991166421
2017-05-22 07:00:00.000,13.9121418330271,8.58331077691392,19.0472428894485,448.713888888889,27.2512152777778,26.3,26.6,25.9,67,73,65,19.6,20.8,19.5,99.81,99.82,99.8,4.9,127,10,0,0,0.131119779989231
2017-05-22 08:00:00.000,13.8567960959093,8.56291108008493,19.2580232146509,1017.38055555556,27.1262152777778,26.3,26.4,26.1,63,67,63,18.7,19.7,18.7,99.89,99.89,99.81,5.8,126,11.4,0,0,0.167171075783813
2017-05-22 09:00:00.000,13.8288170480725,8.55297444121209,19.0659298407599,1023,27.1237847222222,26.4,26.4,26,59,63,58,17.7,18.6,17.3,99.94,99.94,99.89,5.9,123,10.6,0.014,0,0.19135559552231
2017-05-22 10:00:00.000,13.8003565383977,8.56042760676832,18.8946543488779,1023,27.4342899777901,26.8,26.8,26.3,59,59,56,18.1,18.2,17.1,100.04,100.04,99.94,5.8,128,10.9,0.3338,0,0.26489325540164
2017-05-22 11:00:00.000,13.7712501476081,8.59021897282926,18.7820248700911,1023,27.962210109707,27.7,27.9,26.8,62,62,59,19.7,19.7,18.1,100.1,100.11,100.04,5.8,129,10.4,1.261,0,0.474947775985948
2017-05-22 12:00:00.000,13.741133637714,8.62945409247001,18.7930553560684,1023,28.649614636856,29.1,29.1,27.7,59,62,58,20.1,20.5,19.5,100.15,100.15,100.1,5.6,120,10.8,2.113,0,0.710003816116122
2017-05-22 13:00:00.000,13.7097935221797,8.67670904667259,18.8742132734201,1023,29.428754858412,29.9,30.1,28.7,59,61,58,21,21.6,19.9,100.15,100.16,100.14,4.4,119,11.5,2.685,0,0.863108216130765
2017-05-22 14:00:00.000,13.6771385858175,8.72565477844139,18.9729313039244,1023,30.1802063073076,30.8,31.3,29.8,55,60,54,20.7,21.2,20.2,100.13,100.15,100.11,4.9,127,10.7,3.138,0,1.01385497645289
2017-05-22 15:00:00.000,13.6436035890288,8.7516068074353,19.0474009971322,1023,30.4880723297889,32.4,32.8,30.6,48,55,47,20.1,21.4,20,100.04,100.13,100.03,4.8,103,9.2,3.275,0,1.11216109198319
2017-05-22 16:00:00.000,13.6090159164498,8.80440306120674,19.1173710007328,1023,30.7915955800667,32.5,32.8,31.8,46,52,44,19.6,21.3,18.1,99.93,100.04,99.93,5.3,117,9.8,3.136,0,1.09060742473072
2017-05-22 17:00:00.000,13.5651128963922,8.86321065322539,19.2075077122419,1023,31.0951188303444,32.6,33.1,32,45,48,43,19.1,19.9,18.5,99.85,99.94,99.85,5.9,104,10.8,2.85,0,1.02958059919513
2017-05-22 18:00:00.000,13.5005336755434,8.88355821472618,19.2848487379606,1023,31.1377615982961,31.8,32.8,31.6,47,48,45,19.1,19.9,18.8,99.79,99.85,99.79,5.7,114,10.8,2.252,0,0.515950044907188
2017-05-22 19:00:00.000,13.4368583180989,8.84885360913217,19.3282576499142,1023,30.9085737105287,30.9,32,30.9,52,53,47,20.1,20.4,18.9,99.78,99.79,99.78,5.1,98,10,1.49,0,0.376411734551472
2017-05-22 20:00:00.000,13.5405797352949,8.82001652494272,19.3643729946584,1023,30.6793858227614,29.3,31,29.3,60,60,52,20.7,20.9,20,99.83,99.83,99.78,4.7,101,8.5,0.5082,0,0.184689986680237
2017-05-22 21:00:00.000,13.6096120570165,8.79373408136403,19.3975731743383,1023,30.44,27.7,29.3,27.7,64,64,60,20.2,20.8,20.2,99.87,99.87,99.83,2.7,117,8,0.04531,0,0.0735999907218365
2017-05-22 22:00:00.000,13.6703490387574,8.76518916923609,19.4040787643374,1023,30.1274305555556,26.7,27.7,26.7,69,69,64,20.5,20.6,20.1,99.94,99.94,99.87,2.6,96,5.4,0,0,0.0528530041695024
2017-05-22 23:00:00.000,13.7408298777208,8.74144069887718,19.4303433122483,965.450762741429,29.8494081221655,26,26.7,26,72,72,69,20.6,20.8,20.5,100.02,100.02,99.94,2.2,97,4.6,0,0,0.0420099879658773
2017-05-23 00:00:00.000,13.8246724438465,8.71858049129826,19.4586941401438,907.33652595858,29.5711105737211,26.1,26.3,25.9,73,73,70,21,21,20.3,100.1,100.1,100.02,3.1,118,5.5,0,0,0.0501848064309279
2017-05-23 01:00:00.000,13.9262231200039,8.69609076687455,19.4870771163408,849.222289175732,29.2928130252767,25.9,26.1,25.9,78,78,73,21.9,21.9,21,100.1,100.11,100.09,3,114,6.4,0,0,0.0398575008851984
2017-05-23 02:00:00.000,14.0432432646758,8.67388115356626,19.5152731219458,791.108052392883,29.0145154768323,26.2,26.3,25.9,77,79,77,21.9,22,21.9,100.09,100.1,100.09,3,117,6.4,0,0,0.0420860234915081
2017-05-23 03:00:00.000,14.1101069384776,8.65192805895773,19.5432667198885,732.993815610035,28.7362179283879,26,26.2,26,79,79,77,22.2,22.2,21.9,100.05,100.09,100.05,2.8,114,6.7,0,0,0.0366451925045471
2017-05-23 04:00:00.000,14.0304295889312,8.63021970653629,19.5710619660701,674.879578827186,28.4579203799435,26.2,26.2,26,80,80,79,22.4,22.4,22.2,99.99,100.05,99.99,3.4,108,8.1,0,0,0.0392721078676292
2017-05-23 05:00:00.000,13.9020375383061,8.61155122189381,19.780929368396,616.765342044337,28.1796228314992,26,26.3,26,79,80,79,22.2,22.4,22.2,99.98,99.99,99.98,3.4,115,7.1,0,0,0.0618160430386068
2017-05-23 06:00:00.000,13.7817615597413,8.5940494397153,19.6215604453537,558.651105261489,27.9013252830548,25.7,26,25.7,79,80,79,21.8,22.2,21.8,99.95,99.98,99.95,3.6,114,8,0,0,0.0643249753470409
2017-05-23 07:00:00.000,13.8970878367335,8.57486649804451,19.7954320838209,593.080849478391,27.6486587183309,25.4,25.7,25.3,79,80,79,21.5,21.8,21.4,99.96,99.97,99.93,3.3,103,6.7,0,0,0.0594367041430634
2017-05-23 08:00:00.000,13.8225226840191,8.56079345298793,19.9969957420943,934.437034277198,27.480998509687,25.4,25.7,25.2,76,79,76,20.9,21.5,20.9,100.02,100.02,99.96,3.1,125,6.7,0,0,0.0644948225749279
2017-05-23 09:00:00.000,13.791100796437,8.56162503669476,19.8215347436921,1023,27.5298897976157,25.6,25.6,25.1,76,78,76,21.1,21.1,20.9,100.09,100.09,100.02,3.2,131,6.5,0.01321,0,0.0699367576663324
