Date,d15cm_unified,d45cm_unified,d75cm_unified,wetness_modulo5,temperature_modulo5,temp_inst,temp_max,temp_min,umid_inst,umid_max,umid_min,pto_orvalho_inst,pto_orvalho_max,pto_orvalho_min,pressao,pressao_max,pressao_min,vento_vel,vento_dir,vento_rajada,radiacao,precipitacao,EToPM
2017-04-25 16:00:00.000,NaN,NaN,NaN,1023,27.6875,31,31.6,29.9,59,64,57,22,23.3,21.5,99.81,998.9,998.1,3.3,116,7.6,3.36,0,1.06676777484537
2017-04-25 17:00:00.000,801.990099326939,895.024925185713,812.189104300655,1023,27.875,31.2,31.7,30.8,58,62,54,21.9,23.1,21,99.75,998.1,997.5,3.6,121,7.6,3.06,0,0.98944534773468
2017-04-25 18:00:00.000,783.919159464974,872.607235216996,804.896077824237,1023,28.0625,31.2,31.4,30.8,58,61,56,21.9,22.6,21.2,99.69,997.5,996.9,3.1,109,6.9,2.286,0,0.553030215106444
2017-04-25 19:00:00.000,765.401062512198,850.571954102595,813.505812514424,1023,28.2678506575689,30,31.3,29.4,68,69,58,23.5,23.6,21.2,99.72,997.2,996.8,4.5,80,8,1.314,0,0.301847180080857
2017-04-25 20:00:00.000,753.118711193585,828.903746280286,807.98959909264,1023,28.4375,28.4,30,28.2,73,75,68,23,23.5,23,99.76,997.6,997.2,2.9,89,6.6,0.2016,0.2,0.0907105750031168
2017-04-25 21:00:00.000,748.668137426026,808.35021175261,800.655351447176,1023,28.625,27.4,28.4,27.4,73,74,72,22.1,22.9,22,99.79,997.9,997.6,3.5,100,6.4,0.04448,0,0.0637737242406371
2017-04-25 22:00:00.000,745.34431127789,790.469126281282,792.127741766308,1023,28.6875,27,27.4,26.9,74,75,73,21.9,22.2,21.9,99.88,998.8,997.9,5.5,101,9.4,-0.00354,0,0.0662059786455374
2017-04-25 23:00:00.000,741.830648164976,776.904719601231,785.293419386874,1023,28.75,26.6,27,26.6,76,76,74,22.1,22.1,21.9,99.96,999.6,998.8,3.9,108,9.4,-0.00354,0,0.0508648361539395
2017-04-26 00:00:00.000,743.576385439739,767.650404318599,782.43777774536,1023,28.8125,26.5,26.7,26.4,77,77,75,22.1,22.1,21.9,100,1000,999.6,2.9,106,6.9,-0.00354,0,0.0410014320842042
2017-04-26 01:00:00.000,740.174025044088,759.385869487508,775.658523124075,1023,28.75,26.5,26.6,26.4,78,78,77,22.4,22.4,22.1,100.01,1000.1,999.9,4.5,104,7.3,-0.00354,0,0.0499673016091136
2017-04-26 02:00:00.000,737.277547512535,751.622387681956,770.878064051059,1023,28.7453591745856,26.3,26.5,26.3,81,81,78,22.7,22.7,22.4,99.97,1000.1,999.7,4.1,109,7.5,-0.00354,0,0.0407851492603802
2017-04-26 03:00:00.000,736.866008986154,747.825761722124,766.8301807486,1023,28.6875,26.3,26.3,26.1,81,82,81,22.8,22.9,22.7,99.92,999.7,999.2,3.7,109,6,-0.00354,0,0.0386045004430579
2017-04-26 04:00:00.000,734.946182879529,740.328295878332,761.104358070789,1023,28.5800070413238,26.3,26.5,26.2,82,82,81,22.9,22.9,22.8,99.85,999.2,998.5,4.1,106,7.9,-0.00354,0,0.0385912953051556
2017-04-26 05:00:00.000,733.498344101146,735.403323512806,758.035863455296,1023,28.5,26.3,26.4,26.1,82,83,81,23,23,22.9,99.81,998.5,998.1,3.7,116,7.5,-0.00354,0,0.0562697963638471
2017-04-26 06:00:00.000,733.443779399705,727.408727776941,751.296942131568,1023,28.4375,26.2,26.3,26.1,82,83,82,22.9,23,22.9,99.8,998.1,997.9,4,115,8.4,-0.00354,0,0.0598768907431899
2017-04-26 07:00:00.000,732.156479188716,723.064245072722,745.654811289817,1023,28.3407309450047,26.1,26.2,26,82,83,82,22.9,23,22.8,99.81,998.2,997.9,3.9,119,7,-0.00353,0,0.0585034695570985
2017-04-26 08:00:00.000,748.725856334965,739.142665781902,766.924036727649,1023,28.25,25.7,26.1,25.7,81,82,81,22.3,22.9,22.2,99.84,998.4,998,3,108,7.6,-0.00354,0,0.0490497883350752
2017-04-26 09:00:00.000,736.962701102415,723.645279304549,750.272867415027,1023,28.1875,26.1,26.1,25.7,80,82,80,22.4,22.4,22.2,99.92,999.2,998.4,2.4,113,5.8,0.02751,0,0.0511844417142523
2017-04-26 10:00:00.000,722.936942815283,723.592963863726,740.224705594178,1023,28.0625,27.8,27.8,26.1,74,80,74,22.8,23.1,22.4,99.98,999.8,999.2,2.4,115,4.5,0.4924,0,0.194748244309636
2017-04-26 11:00:00.000,710.494112880282,723.00300374733,735.29678423508,1023,28,28.2,28.4,27.8,74,75,73,23.1,23.4,22.7,100.07,1000.7,999.8,3.3,118,6.6,1.336,0,0.433310342235648
2017-04-26 12:00:00.000,697.785076367348,721.50910220368,711.731370466196,1023,27.9375,28.7,29.1,27.8,73,76,70,23.4,23.6,22.5,100.09,1000.9,1000.7,3.9,109,7.6,1.821,0,0.569511649643649
2017-04-26 13:00:00.000,688.958682672629,719.777540387211,688.400730369514,1023,27.875,28.8,29.8,28.6,71,73,68,22.9,23.9,22.5,100.07,1000.9,1000.6,4.1,111,7.9,1.925,0,0.604647786123671
2017-04-26 14:00:00.000,678.23905788585,716.392684262503,664.666751333649,1023,27.900050670494,30.1,30.2,28.7,66,72,65,23.1,24.2,22.3,100,1000.7,1000,4,119,8.2,2.063,0,0.674750228726666
2017-04-26 15:00:00.000,668.975956597696,714.122197455599,644.022066184045,1023,27.9399047081369,31,31.2,29.6,61,68,61,22.6,23.8,22.2,99.89,1000,998.9,4,116,8.2,3.104,0,0.986027939652062
2017-04-26 16:00:00.000,661.260402635594,708.997566110742,630.665001632065,1023,28.053460808257,31.7,31.7,30.8,58,64,54,22.2,23.6,21.1,99.75,998.9,997.5,3.7,123,8,3.285,0,1.05991302724635
2017-04-26 17:00:00.000,640.084423144121,709.020663725537,624.715683519764,1023,28.25,31.1,31.9,30.9,56,58,52,21.4,22,20.5,99.69,997.5,996.9,4.2,126,8.3,2.976,0,0.972542011793245
2017-04-26 18:00:00.000,649.520390172137,700.226955723953,621.734304283332,1023,28.4234240902293,30.5,31.4,30.3,62,63,55,22.4,22.8,20.8,99.68,996.9,996.6,4,99,7.5,1.453,0,0.353375958470229
2017-04-26 19:00:00.000,654.800822976672,692.807995635828,618.973617631234,1023,28.6470800034693,27.6,30.5,27.6,78,79,61,23.5,24.2,22.1,99.74,997.4,996.7,3.6,63,7.5,1.242,0,0.260476026875432
2017-04-26 20:00:00.000,662.468561301912,689.797903482172,615.320911541724,1000,28.8125,27.5,27.9,27.2,72,79,72,22,23.7,22,99.78,997.8,997.4,3.8,96,6.3,0.1912,0,0.0930291669404676
2017-04-26 21:00:00.000,670.295964910288,683.921100201159,615.492525737202,1004,28.9375,26.6,27.5,26.6,75,75,71,21.9,22.1,21.6,99.87,998.7,997.8,1.8,69,5.5,0.01494,0,0.0365261438365803
2017-04-26 22:00:00.000,678.094243358006,679.525416680323,611.843835722397,1023,29,26.7,27,26.4,69,78,68,20.4,22.3,20.4,99.92,999.2,998.7,2.3,112,4.5,-0.00351,0,0.0481809182017186
2017-04-26 23:00:00.000,684.690131489415,676.657573238018,609.41655779033,1023,29,26.3,26.7,25.6,75,75,68,21.4,21.4,20.2,99.99,999.9,999.2,2.5,99,4.5,-0.00354,0,0.0404018657814471
2017-04-27 00:00:00.000,698.353625407624,657.346091691102,618.465560045122,1023,29,26.3,26.4,26.2,77,77,74,21.9,21.9,21.4,100,1000.1,999.9,2.4,115,5.8,-0.00354,0,0.0361443789818594
2017-04-27 01:00:00.000,711.194629852449,637.690252727576,627.172670269437,1023,29,26,26.4,25.8,78,79,76,22,22.1,21.8,100,1000.3,1000,2.9,100,5.3,-0.00354,0,0.0385515825659882
2017-04-27 02:00:00.000,710.417264120934,620.172104389766,619.622139787606,1023,28.911788311003,26,26.2,25.7,79,80,78,22.1,22.1,21.9,99.98,1000,999.8,3.5,104,5,-0.00354,0,0.0410172251828686
2017-04-27 03:00:00.000,725.835336935845,598.051889717692,630.220704163759,1023,28.8328519369449,25.7,26,25.7,82,82,79,22.4,22.4,22,99.92,999.8,999.2,2.8,106,5,-0.00354,0,0.0304429628774609
2017-04-27 04:00:00.000,740.482503914938,574.387423766386,641.126465553819,1023,28.75,25.9,25.9,25.7,82,83,82,22.6,22.6,22.4,99.9,999.2,998.9,2.7,111,4.6,-0.00354,0,0.029955702221796
2017-04-27 05:00:00.000,755.274891913353,549.960851521531,653.315692414057,1023,28.6875,26,26,25.8,82,83,82,22.6,22.7,22.5,99.86,999,998.6,2.8,121,5.1,-0.00354,0,0.0440218706139753
2017-04-27 06:00:00.000,769.129271189848,527.249553149192,667.102821953034,1023,28.5625,26.4,26.4,25.9,82,82,81,23,23,22.5,99.84,998.6,998.4,3,118,5.1,-0.0031,0,0.0472917389002759
2017-04-27 07:00:00.000,780.050820338056,511.94168197052,682.338922681939,1023,28.5,26.2,26.5,26.1,82,82,81,22.9,23,22.8,99.87,998.7,998.3,3,104,5.6,-0.00316,0,0.0470693705847278
2017-04-27 08:00:00.000,788.584011983071,505.845019019494,698.458426795744,1023,28.375,25.9,26.2,25.9,83,83,81,22.8,22.9,22.6,99.93,999.3,998.7,2.9,100,5.8,-0.00354,0,0.0427417751175284
2017-04-27 09:00:00.000,803.677773497619,504.874994516591,713.927548756057,1023,28.2670308072523,25.7,26,25.6,84,84,82,22.7,22.9,22.5,99.98,999.8,999.3,1.5,127,4.6,0.009895,0,0.0255779063573858
2017-04-27 10:00:00.000,814.573349351927,506.143538522596,730.013449635481,1023,28.1875,28.3,28.3,25.7,75,84,73,23.4,23.7,22.7,100.03,1000.3,999.8,1.2,114,2.9,0.3157,0,0.123598803759761
2017-04-27 11:00:00.000,818.923976053699,505.312453618068,742.684470731148,1023,28.125,29.1,29.1,28.3,74,75,71,23.9,23.9,22.7,100.16,1001.6,1000.3,3.1,111,7,1.43,0,0.465084004144554
2017-04-27 12:00:00.000,825.59854066138,506.787476598805,722.000306992551,1023,28,29.7,29.9,28.9,67,74,67,23,24,22.8,100.19,1002,1001.4,3.3,128,7.3,2.215,0,0.706272228112103
2017-04-27 13:00:00.000,814.412592715519,512.637150750515,731.406082553503,1041.41665065044,28,30.3,30.3,29.1,66,71,66,23.3,24.1,22.8,100.19,1002.3,1001.9,4.7,104,8.2,2.856,0,0.884532667480781
2017-04-27 14:00:00.000,799.320315045982,518.639536617094,711.073536931244,NaN,NaN,28,30.7,27.6,81,81,65,24.4,24.5,22.8,100.15,1002,1001.4,4.2,72,8.5,2.017,0,0.581681341933566
2017-04-27 15:00:00.000,807.033211585805,526.789713525109,688.628984773084,NaN,NaN,29.8,30.2,27.6,73,87,72,24.4,26.4,24.2,100.01,1001.5,1000.1,4.3,108,9.5,2.869,0.6,0.855162696510721
2017-04-27 16:00:00.000,817.849748749085,511.35436787426,665.31866325582,NaN,NaN,30.1,30.4,28.6,68,77,66,23.5,24.8,22.9,99.91,1000.1,999.1,5.9,106,10.6,2.697,0,0.825662836976543
2017-04-28 17:00:00.000,821.279769758839,515.716638402496,664.678011000505,NaN,NaN,31.4,31.9,31,64,65,60,23.7,24.4,22.7,99.81,999.1,998.1,4.3,112,8.9,3.012,0,0.955112632027457
2017-04-28 18:00:00.000,827.866679918134,527.185265304726,668.492318046653,NaN,NaN,31,31.5,30.6,63,64,60,23.3,23.8,22.3,99.77,998.1,997.7,5.6,99,9.1,2.316,0,0.466775508710776
2017-04-28 19:00:00.000,835.130223354905,536.707164652829,672.731374471085,NaN,NaN,29.7,31.3,29.6,67,67,62,22.9,23.5,22.6,99.78,997.8,997.7,4.2,99,9.1,1.28,0,0.299993392952216
2017-04-28 20:00:00.000,843.012831998819,540.225712824765,677.463767699847,NaN,NaN,28.6,29.7,28.6,74,74,66,23.5,23.7,22.6,99.83,998.4,997.8,4.1,86,8.1,0.16,0,0.0879820952899925
2017-04-28 21:00:00.000,851.512505520506,538.040177022907,682.802454673194,NaN,NaN,27.6,28.6,27.6,78,78,74,23.4,23.8,23.4,99.89,999,998.2,4,83,6.9,0.04208,0,0.0563565414784035
2017-04-28 22:00:00.000,860.532884053692,534.714086000825,688.736553205795,NaN,NaN,27.1,27.6,27.1,79,79,77,23.1,23.4,23,99.97,999.7,998.9,4.1,105,7.3,-0.00354,0,0.046446187233666
2017-04-28 23:00:00.000,870.180277755225,530.699449071968,695.267804963485,NaN,NaN,27,27.1,27,80,80,78,23.3,23.4,22.9,100.01,1000.1,999.7,3.9,110,8,-0.00342,0,0.0429204719395696
2017-04-29 00:00:00.000,880.615007054178,526.497152394413,702.58286196699,NaN,NaN,27.1,27.1,27,81,81,80,23.5,23.5,23.3,100.05,1000.6,1000.1,5.5,108,9.6,-0.00237,0,0.0486246254229822
2017-04-29 01:00:00.000,891.765960496052,526.020459079057,710.614578231229,NaN,NaN,27,27.1,26.9,80,81,80,23.3,23.6,23.3,100.09,1000.9,1000.5,5.9,107,10.5,-0.00319,0,0.0524947050223322
2017-04-29 02:00:00.000,903.871175197291,526.076986803801,719.473508442032,NaN,NaN,26.9,27,26.8,81,81,80,23.4,23.5,23.3,100.12,1001.3,1000.9,4.5,116,9.5,-0.00316,0,0.0437938782381976
2017-04-29 03:00:00.000,917.043329306877,524.387050251585,723.808422535703,NaN,NaN,26.7,26.9,26.6,81,81,81,23.1,23.4,23.1,100.07,1001.2,1000.7,5.1,113,8.5,-0.00353,0,0.0461132523274822
2017-04-29 04:00:00.000,928.919480393095,536.757523915648,734.265103196958,NaN,NaN,26.5,26.8,26.5,81,81,80,23,23.1,22.9,99.99,1000.7,999.9,4.5,108,8.9,-0.00352,0,0.0430813069281599
2017-04-29 05:00:00.000,939.814971314857,538.154812874409,743.392698141048,NaN,NaN,26.1,26.6,26.1,82,82,80,22.8,23,22.7,99.88,999.9,998.8,3.1,112,8.6,-0.00354,0,0.04821363911529
2017-04-29 06:00:00.000,950.871014647768,538.259256716966,752.54622718984,NaN,NaN,26.1,26.4,26,79,82,78,22.1,22.8,22.1,99.83,998.8,998.2,3.1,109,7.3,-0.00354,0,0.0563832705486027
2017-04-29 07:00:00.000,962.590804648341,535.758531619926,762.334352439842,NaN,NaN,26.1,26.4,26.1,79,79,77,22.1,22.1,22,99.85,998.5,998.3,2.1,116,6.4,-0.00354,0,0.0399214515317961
2017-04-29 08:00:00.000,975.260020580376,532.572146487152,772.918099816418,NaN,NaN,26.3,26.6,26,78,79,76,22.2,22.2,21.9,99.92,999.2,998.5,2.1,136,6.8,-0.00354,0,0.0420685638637443
2017-04-29 09:00:00.000,988.892661222198,532.295521470384,784.372615350674,NaN,NaN,26.6,26.6,26.3,75,78,75,21.9,22.3,21.9,99.97,999.7,999.2,4.6,136,9.3,0.0197,0,0.100140354219154
2017-04-29 10:00:00.000,1003.65069356111,531.124842332537,796.601428253928,NaN,NaN,27.6,27.6,26.5,71,76,71,21.8,21.9,21.7,100.03,1000.3,999.7,4.6,135,10.3,0.4532,0,0.22555431024977
2017-04-29 11:00:00.000,1016.75380019498,506.091015844161,813.982038452396,NaN,NaN,28.4,28.4,27.5,67,71,67,21.8,22.1,21.4,100.08,1000.8,1000.3,5.1,139,10.9,1.433,0,0.495181613687215
2017-04-29 12:00:00.000,1036.01196455215,515.36283376085,829.529203834503,NaN,NaN,28.5,28.7,28.3,67,68,65,21.8,21.9,21.4,100.1,1001,1000.8,4.9,133,11.1,1.936,0,0.619846101995248
2017-04-29 13:00:00.000,1057.97729232553,522.057602523033,845.773475889632,NaN,NaN,29.1,29.4,28.5,66,69,65,22.1,23.1,21.5,100.09,1001.1,1000.9,4.5,129,9.1,2.051,0,0.660027026863674
2017-04-29 14:00:00.000,1074.02829129328,525.754813004151,863.748468430057,NaN,NaN,30.5,30.8,29,63,67,62,22.8,23.5,21.8,100.01,1000.9,1000.1,3.9,123,9.3,2.848,0,0.901498224346501
2017-04-29 15:00:00.000,1071.18497582255,525.618364684601,883.500972007452,NaN,NaN,31,31.4,29.6,63,67,60,23.1,24.1,21.9,99.92,1000.1,999.2,3.5,152,7.8,2.719,0,0.875023389076467
2017-04-29 16:00:00.000,1058.11975858559,524.817517414566,905.042607354794,NaN,NaN,31.4,31.7,30.7,63,63,58,23.4,23.4,22.1,99.87,999.2,998.7,5.2,117,9,3.212,0,1.00751163165431
2017-04-29 17:00:00.000,1040.23589217684,521.77054742579,928.029119586728,NaN,NaN,31.8,32.1,31.2,60,63,57,23.1,23.6,22.3,99.78,998.7,997.8,3.7,115,9,3,0,0.975375106103251
2017-04-29 18:00:00.000,1023.53819736961,519.416349630692,950.393428227989,NaN,NaN,31.6,31.8,30.3,63,64,58,23.6,23.6,22,99.76,997.8,997.6,3.1,118,7.3,1.576,0,0.402799779633174
2017-04-30 00:00:00.000,1035.61191049313,504.026826410377,968.408002987476,NaN,NaN,25.7,26,25.3,84,86,84,22.8,23.2,22.7,100.14,1001.4,1000.7,0.5,271,NaN,-0.00126,0,0.00706525496169065
2017-04-30 01:00:00.000,1041.58979359132,502.933729555735,965.624949869276,NaN,NaN,26.3,26.3,25.4,86,86,84,23.7,23.7,22.7,100.15,1001.5,1001.4,1.6,104,4.2,-0.00095,0,0.016811637243781
2017-04-30 02:00:00.000,1045.07512284509,501.646650443874,960.855866883935,NaN,NaN,26.6,26.6,26.3,84,86,84,23.7,23.7,23.5,100.15,1001.7,1001.4,2.5,102,4.4,-0.00128,0,0.0263130105270696
2017-04-30 03:00:00.000,1051.05266240747,503.726385144358,960.592480015299,NaN,NaN,26.6,26.7,26.5,85,85,84,23.8,23.8,23.7,100.11,1001.5,1001.1,2.3,116,4.9,-0.00164,0,0.0232765413306469
2017-04-30 04:00:00.000,1054.46524239983,503.597962821081,960.271493618137,NaN,NaN,26.4,26.7,26.2,87,87,85,24,24,23.8,100.02,1001.1,1000.2,3.3,104,5.5,-0.00254,0.4,0.0248435988843993
2017-04-30 05:00:00.000,1055.74219074982,501.113450930546,959.030161019524,NaN,NaN,26.5,26.5,26.3,85,87,85,23.7,24,23.7,99.95,1000.2,999.5,3.3,112,6.5,-0.00305,0,0.0427831837052459
2017-04-30 06:00:00.000,1061.24168627602,502.828523306772,958.926720582466,NaN,NaN,26.3,26.5,26.2,85,85,84,23.5,23.7,23.5,99.92,999.5,999.1,2.1,122,7.3,-0.00354,0,0.0283757670614221
2017-04-30 07:00:00.000,1083.34008821501,518.943181493722,983.206472337352,NaN,NaN,26.5,26.5,26.3,84,85,84,23.6,23.6,23.5,99.93,999.5,999.1,1.7,117,5.5,-0.00342,0,0.0250350090021662
2017-04-30 08:00:00.000,1104.06372983725,530.285071759599,1005.42852592638,NaN,NaN,25.5,26.6,25.5,87,87,83,23.1,23.6,23.1,99.98,999.8,999.2,2.7,76,4.6,-0.00293,0.4,0.030369927719974
2017-04-30 09:00:00.000,1110.39088041494,527.692739771368,1015.25025618351,NaN,NaN,24.4,25.5,24.4,90,90,87,22.7,23.2,22.6,100.03,1000.3,999.8,0.3,15,4.6,0.01937,0,0.00867110263190188
2017-04-30 10:00:00.000,1130.8824230183,525.185191602602,1022.12482325254,NaN,NaN,25.2,25.3,24.4,91,91,90,23.7,23.8,22.8,100.13,1001.3,1000.2,2.1,351,5.5,0.1257,0.4,0.0508374108188448
2017-04-30 11:00:00.000,1136.59858876746,523.007521217152,1027.7577114904,NaN,NaN,24,25.2,23.5,89,92,89,22.2,23.5,22,100.23,1002.4,1001.3,2,140,10.8,0.1037,6.2,0.0469084567228564
2017-04-30 12:00:00.000,1142.80196605487,523.618260484245,1033.02891447837,NaN,NaN,27.3,27.5,24,79,89,79,23.4,24,22.2,100.2,1002.3,1001.8,2.2,94,4.3,0.8423,0,0.276101182352836
2017-04-30 13:00:00.000,1148.49850786021,523.531376022844,1038.12604463806,NaN,NaN,28.2,28.4,27,75,80,72,23.3,24.1,22.5,100.2,1002.1,1001.9,4.2,119,8.6,1.838,0,0.560447505089024
2017-04-30 14:00:00.000,1154.07042420813,525.345739535453,1043.0386876926,NaN,NaN,27.5,28.8,27.5,79,79,73,23.6,24.2,22.8,100.2,1002.2,1002,2.9,117,8.7,1.701,0.6,0.510578866983451
2017-04-30 15:00:00.000,1159.80324468619,525.91890200935,1047.71032235689,NaN,NaN,29,29.2,26.9,71,85,71,23.3,25,22.8,100.11,1002,1001.1,2.8,125,6.9,1.788,0,0.57001093970028
2017-04-30 16:00:00.000,1166.37449007359,527.297996161078,1052.07095117734,NaN,NaN,25.8,29,25,88,89,70,23.7,23.7,21.9,100.02,1001.2,1000.2,2.9,112,11,0.8309,0.4,0.246199435866804
2017-04-30 17:00:00.000,1173.20227503523,530.006263328776,1056.12439598942,NaN,NaN,28.2,29,25.8,75,88,73,23.4,24.8,23,99.93,1000.3,999.3,3.4,112,6.1,1.952,0,0.593570852919127
2017-04-30 18:00:00.000,1180.60643230359,530.636988129439,1059.93151444042,NaN,NaN,29,29.7,28.1,72,78,71,23.5,24.4,23.3,99.88,999.3,998.8,3.2,87,5.8,1.671,0,0.372593708347402
2017-04-30 19:00:00.000,1188.76106232238,532.989739559858,1063.53057496274,NaN,NaN,29.4,29.6,28.7,70,75,67,23.2,24.1,22.5,99.9,999,998.6,2.3,122,5.7,1.424,0,0.356572383763382
2017-04-30 20:00:00.000,1195.31474242881,536.889791968921,1068.44060931676,NaN,NaN,27.4,29.4,27.4,80,80,68,23.6,23.6,22.6,99.95,999.5,999,2.9,82,5.5,0.4346,0,0.118676999149871
2017-04-30 21:00:00.000,1183.94889372114,522.28196683869,1060.41059252857,NaN,NaN,26.2,27.4,26.2,85,85,80,23.6,23.8,23.6,100.02,1000.2,999.5,1.7,68,4.3,0.02864,0,0.0252250723361107
2017-04-30 22:00:00.000,1171.33887890589,506.863122165799,1052.01498060543,NaN,NaN,25.4,26.2,25.4,88,88,86,23.2,23.7,23.2,100.05,1000.5,1000.2,1.4,104,2.5,-0.00354,0,0.0120998385634805
2017-04-30 23:00:00.000,1156.97443432228,490.582200593906,1043.15399437887,NaN,NaN,25.7,26.3,25.3,85,88,84,23,23.5,23,100.09,1000.9,1000.5,0.5,110,2,-0.00354,0,0.00598123003547887
2017-05-01 00:00:00.000,1141.62873187413,473.3477812527,1033.91602633523,NaN,NaN,25.4,25.9,25.4,85,86,85,22.7,23.2,22.6,100.13,1001.4,1000.9,0.5,181,1.6,-0.00353,0,0.00594591274733797
2017-05-01 01:00:00.000,1124.70353106593,455.187501894516,1024.26022887229,NaN,NaN,25.4,25.6,25.3,84,85,83,22.5,22.7,22.5,100.18,1001.8,1001.3,0.5,96,1.2,-0.00334,0,0.00645969454667979
2017-05-01 02:00:00.000,1105.66909392386,435.445824289487,1014.06421104833,NaN,NaN,25.5,25.7,25.2,85,86,83,22.8,22.9,22.5,100.17,1001.8,1001.6,0.8,28,1.6,-0.00232,0,0.00979466651454834
2017-05-01 03:00:00.000,1093.88998358256,439.400861249159,1006.36805341603,NaN,NaN,25,25.6,25,86,86,85,22.6,22.9,22.4,100.12,1001.8,1001.2,1.2,64,2.3,-0.00317,0,0.0125175670638496
2017-05-01 04:00:00.000,1080.57389088537,443.455907394514,987.341367625968,NaN,NaN,24.3,25,24.3,89,89,86,22.4,22.8,22.4,100.06,1001.2,1000.6,0.5,172,1.9,-0.00352,0,0.00400296070991393
2017-05-01 05:00:00.000,1065.83815686083,447.62672391418,965.808415999217,NaN,NaN,24.8,24.8,24.3,90,91,89,23.2,23.2,22.5,100.02,1000.6,1000.2,2,90,3.1,-0.00291,0,0.0173647094825372
2017-05-01 06:00:00.000,1049.25727834958,452.002982573791,942.880281428173,NaN,NaN,25.6,25.7,24.8,81,90,81,22,23.3,22,99.97,1000.2,999.7,1.6,121,4.3,-0.00353,0,0.0277013405953556
2017-05-01 07:00:00.000,1029.34512563523,456.476065689785,922.017196948387,NaN,NaN,25.4,25.8,25.3,80,81,78,21.6,22,21.6,99.97,999.7,999.5,2.2,96,4.9,-0.00354,0,0.0390455356918314
2017-05-01 08:00:00.000,1008.7707972839,461.229250053035,903.638454581514,NaN,NaN,25.5,25.6,25.1,78,81,78,21.5,21.8,21.4,99.99,1000,999.7,1.4,138,3.8,-0.00354,0,0.0283375431457674
2017-05-04 00:00:00.000,989.140699125664,474.375684507802,888.503821139549,NaN,NaN,26.4,26.9,26.3,80,80,77,22.7,22.7,22.4,100.06,1000.6,1000,1.8,102,6.1,-0.00344,0,0.0257679140411471
2017-05-04 13:00:00.000,967.212946319676,485.503202404977,872.981888168018,1023,28.2016558210257,29,29.6,28.4,66,70,61,21.9,22.9,20.8,100.03,1000.6,1000.2,3.5,120,9.1,2.381,0,0.745225433712013
2017-05-04 14:00:00.000,945.882656332715,487.251313214016,872.664942871566,1008.04574075894,29.0532291662217,29.7,30.4,28.6,66,69,63,22.7,23.6,21.5,99.99,1000.4,999.9,4.3,117,8.1,2.961,0,0.904847501380258
2017-05-04 15:00:00.000,947.154111882836,487.792539929753,871.554436318501,1023,28.0792781913702,30.4,30.4,29.4,66,69,62,23.2,23.9,21.8,99.9,999.9,999,4.6,116,8.8,3.022,0,0.93060368908571
2017-05-04 16:00:00.000,949.809981150359,490.727037885774,871.111432540976,1023,28.4952564345946,30,30.9,29.4,64,67,60,22.4,23.7,21.6,99.83,999,998.3,3.6,125,8.2,2.619,0,0.829794748020318
2017-05-04 17:00:00.000,953.031247396866,494.35691331109,870.60408536495,1023,28.9309856907624,29.1,30.8,29,68,70,63,22.7,23.7,22,99.74,998.3,997.4,4.3,118,9.1,1.94,0,0.623744312434885
2017-05-04 18:00:00.000,956.869406212772,498.811924506725,870.080784935337,1023,29.286778585396,30.2,30.9,29.1,62,69,61,22.1,23.9,22.1,99.69,997.4,996.9,3.6,120,7.3,2.254,0,0.50543703985721
2017-05-04 19:00:00.000,961.37544110931,504.081713360838,869.543703822027,1020.29651997423,29.5,29.2,31,29.2,69,69,61,22.9,23.5,21.8,99.7,997,996.8,3.9,90,7.3,1.134,0,0.269808629793579
2017-05-04 20:00:00.000,966.564286787126,510.233906473233,868.983562461768,1013.96737744572,29.5,25.9,29.2,25.9,77,77,69,21.5,23.7,21.5,99.79,998,997,5.8,85,14,0.483,2.6,0.11928887701989
2017-05-04 21:00:00.000,972.460113311917,517.389290266333,868.416958501831,971.550072247671,29.4178981377709,24.9,25.7,24.4,90,91,77,23.1,23.4,21.3,99.84,998.5,997.9,0.5,201,14,0.0317,2.4,0.0130296573978185
2017-05-04 22:00:00.000,979.034189271833,525.653291282694,867.858324435553,976.937810064676,29.2716970824351,24.8,25,24.5,89,91,89,22.9,23.2,22.8,99.91,999.1,998.4,1.2,125,3.3,-0.00207,0,0.00986660245039142
2017-05-04 23:00:00.000,986.431562475314,535.182177414085,867.330474693102,982.220864675324,29.0825063579068,25.5,25.5,24.8,84,89,84,22.6,23,22.5,100.01,1000.1,999.1,2.9,112,4.7,-0.00195,0,0.0276861077575161
2017-05-04 23:00:00.000,994.074502960145,545.477802188803,866.813533252957,982.220864675324,29.0825063579068,25.5,25.5,24.8,84,89,84,22.6,23,22.5,100.01,1000.1,999.1,2.9,112,4.7,-0.00195,0,0.0276861077575161
2017-05-05 00:00:00.000,999.567055158426,553.121389918038,865.517750805281,959.844057487296,28.8307797125635,25.8,25.8,25.5,83,84,83,22.8,22.8,22.5,100.04,1000.5,1000.1,3.2,113,5,0.00017,0,0.0318687918769962
2017-05-05 01:00:00.000,1008.93383363009,565.808773688845,865.045768981066,995.46784755254,28.6416297639831,26.2,26.3,25.8,83,84,83,23.1,23.1,22.8,100.05,1000.6,1000.4,2.2,105,6.1,0.001706,0,0.0260082960336078
2017-05-05 02:00:00.000,1019.46395029101,580.088486930454,864.621350095859,480.24266547101,28.4762591148752,25.9,26.2,25.9,87,87,83,23.5,23.5,23.1,100.02,1000.5,1000.2,2,80,4.2,-0.00082,0.2,0.018084633206111
2017-05-05 03:00:00.000,1027.23103097488,588.898528442023,864.247512029096,296.77917913124,28.3259000228824,25.7,26.3,25.7,87,87,84,23.4,23.6,23.3,99.98,1000.2,999.7,3,78,5,-0.00127,0.2,0.0231590691147305
2017-05-05 04:00:00.000,1032.39138627064,585.858589676016,863.960227301184,444.707949286516,28.0741401995393,24.5,25.7,24.5,91,91,87,22.8,23.6,22.8,99.93,999.8,999.3,5.3,84,9.1,-0.00132,0.6,0.0204319115350151
2017-05-05 05:00:00.000,1038.33650697331,594.434836081518,863.758207814074,529.843829391949,27.8223357880718,24.6,24.7,24.1,90,92,90,22.8,23,22.6,99.89,999.3,998.9,3.3,100,9.1,-0.00134,0,0.0274123708483467
2017-05-05 06:00:00.000,1045.11434025605,592.723112685324,863.583389285496,392.717285107883,27.5977542273286,25.3,25.3,24.5,84,90,84,22.3,22.8,22.3,99.83,998.9,998.2,1.5,128,5.4,-0.00224,0,0.0219841219995925
2017-05-05 07:00:00.000,1052.69288757985,592.235401472443,863.438826366643,327.395586636352,27.4718405205965,25.7,25.7,25.2,81,84,80,22.2,22.3,21.9,99.83,998.4,998.3,2.8,112,5.4,-0.0015,0,0.046722125099147
2017-05-05 08:00:00.000,1060.99737513045,592.642439375342,863.33068649669,374.498357999249,27.3459411820167,25.3,25.8,25.2,84,84,81,22.4,22.4,22.2,99.83,998.3,998.1,2.9,97,7.3,-0.00245,0,0.0398697379739251
2017-05-05 09:00:00.000,1070.29481551067,593.921364510128,863.268264032205,370.036334944032,27.2200593275217,24.7,25.6,24.7,88,88,83,22.7,22.7,22.3,99.9,999,998.3,2.6,96,5.6,0.01707,0.4,0.0317031459081032
2017-05-05 10:00:00.000,1080.55764937821,596.151664552657,863.2508591229,248.22171921258,27.0944894664063,26.6,26.6,24.7,83,89,83,23.4,23.5,22.7,99.96,999.6,998.9,2.5,98,4.9,0.287,0,0.116120582302256
2017-05-05 11:00:00.000,1092.20966074992,599.422625607632,863.280178999378,207.106936408143,27.0933322796557,28,28,26.6,73,83,72,22.6,23.4,22.1,100.03,1000.3,999.6,3.4,118,8.3,1.256,0,0.414084255772821
2017-05-05 12:00:00.000,1105.73338368311,603.763945486159,863.345988062717,210.204585902993,27.1558237793688,28.8,28.9,28,69,74,68,22.7,23.3,22,100.08,1000.9,1000.3,4.7,112,9.3,2.276,0,0.700867900945884
2017-05-05 13:00:00.000,1122.29871660647,609.271420473019,863.443180405922,605.359379780003,27.436213555591,29.3,30,28.3,67,71,65,22.5,23.6,22,100.08,1000.9,1000.7,4.4,121,8.9,2.733,0,0.83435898247304
2017-05-05 14:00:00.000,1142.50597136359,616.076457407919,863.563068359636,1023,27.7782620603562,30,30.2,29.2,65,69,62,22.8,23.4,21.6,100.03,1000.8,1000.3,4,126,8.1,3.07,0,0.944712931898622
2017-05-05 15:00:00.000,1165.94515130276,624.486342827265,863.716395144523,1023,28.2142074239861,30.6,30.7,29.7,61,67,59,22.3,23.4,21.2,99.97,1000.3,999.7,4,116,8.2,3.388,0,1.05526716175911
2017-05-05 16:00:00.000,1183.41334335106,634.533895143307,863.9015394648,1023,28.6789768313994,30.4,30.6,29.8,61,64,60,22.1,23.1,21.6,99.88,999.7,998.8,4.1,117,9.1,2.619,0,0.845989294374596
2017-05-05 17:00:00.000,1178.18073034394,646.113711844184,864.123794544181,1023,29.1483027633822,30.2,31.6,29.6,62,65,59,22.2,24,21.6,99.82,998.8,998.2,3.6,124,9.2,2.77,0,0.880449206929641
2017-05-05 18:00:00.000,1161.12822521054,659.73278102944,864.390899193796,1023,29.4942571509129,30.7,30.8,29.9,60,65,60,22,23,21.7,99.78,998.2,997.7,2.9,123,7.3,2.063,0,0.503930423743538
2017-05-05 19:00:00.000,1147.10032551167,675.448386680363,864.715519970388,1023,29.7159950770797,29.2,30.7,29.2,64,66,59,21.8,22.5,21.2,99.8,998,997.7,2.2,121,7.1,0.9343,0,0.261626273100815
2017-05-05 20:00:00.000,1135.88655052578,691.994597976539,865.091330237365,1023,29.8125,28.2,30,28.2,69,69,62,22,22.3,20.9,99.84,998.4,997.9,3.2,85,4.9,0.4591,0,0.147325482036384
2017-05-05 21:00:00.000,1128.02849324498,704.206205469377,865.506591405023,1023,29.7204450720147,26.7,28.2,26.7,79,79,69,22.7,22.8,22.2,99.91,999.1,998.4,2.8,98,4.9,0.02238,0,0.0416320429596695
2017-05-05 22:00:00.000,1124.50605825896,706.223341227955,865.958306564243,952.44770991918,29.5642266931908,26.4,26.7,26.4,79,79,78,22.4,22.7,22.4,100,1000,999.1,3.6,106,6.3,-0.00354,0,0.0422520087769442
2017-05-05 23:00:00.000,1119.63183156907,700.289752598936,866.451797625451,917.512359164506,29.3124427816458,26.1,26.5,26,79,79,78,22.1,22.4,22.1,100.07,1000.7,1000,2.6,114,6.3,-0.00354,0,0.0344838539495029
2017-05-06 00:00:00.000,1114.54358148867,692.18410514943,866.999307976775,1005.21587860684,29.0605725124389,25.8,26.2,25.8,80,80,79,22.1,22.2,22.1,100.1,1001.1,1000.7,3,115,5.4,-0.00354,0,0.0354885430384054
2017-05-06 01:00:00.000,1109.45035640901,683.558495068104,866.141493223549,998.848623622026,28.8086227596549,25.8,25.9,25.7,79,80,79,21.9,22.2,21.8,100.11,1001.1,1001,2.5,136,5.2,-0.00354,0,0.0333158186176919
2017-05-06 02:00:00.000,1104.08992655455,678.367541781046,865.294631586413,923.849838842015,28.5566065672929,24.8,25.8,24.8,83,83,79,21.7,22,21.6,100.04,1001.1,1000.4,0.8,315,5,-0.00354,0,0.0106753967396287
2017-05-06 03:00:00.000,1099.28604522676,671.935520583469,864.461155221259,557.460296172272,28.3046144972659,24.9,25.5,24.5,81,84,80,21.4,22,21.1,99.96,1000.4,999.6,1,331,3.1,-0.00354,0,0.0146814587922915
2017-05-06 04:00:00.000,1096.92401455763,666.993892879246,863.642061248074,434.366404043357,28.1151000631775,24.2,25.2,24.2,79,81,79,20.2,21.4,20.2,99.79,999.6,997.9,1,300,3.1,-0.00354,0,0.0160040349747492
2017-05-06 05:00:00.000,1086.47140953216,662.005565166966,862.842274952888,424.212921486462,27.8630383952693,25,25.5,23.8,74,80,72,20.1,20.6,19.5,99.73,997.9,997.3,1.7,350,3.4,-0.00354,0,0.039909689183795
2017-05-06 06:00:00.000,1079.59790204337,657.010079489658,862.057907575796,397.926918161647,27.6492515367022,25,25.5,24.5,76,77,72,20.4,20.6,19.7,99.71,997.3,997.1,0.9,275,4.3,-0.00354,0,0.0199051097713962
2017-05-06 07:00:00.000,1073.74505770317,652.8987506281,862.929208007846,424.791919999686,27.4840007142885,25.6,25.6,24.1,75,82,75,20.8,21.1,20.2,99.71,997.2,997.1,2.7,124,6.2,-0.00354,0,0.058980418733411
2017-05-06 08:00:00.000,1068.31578150202,649.194885844312,863.85257057227,471.644005653913,27.2722496466304,25.6,25.9,25.1,77,79,74,21.3,21.6,20.8,99.79,997.9,997.1,2,140,6.2,-0.00354,0,0.0414403987027109
2017-05-06 09:00:00.000,1063.23612799757,646.741721222922,864.825663315628,233.434828803126,27.1462298000122,25.2,25.7,24.9,82,82,77,21.9,22,21.1,99.91,999.1,997.9,1.6,89,5.2,0.01259,0,0.0303970538382829
2017-05-06 10:00:00.000,1080.43764471362,669.49704658412,864.114350456389,224.370087555699,26.9782478111075,27.3,27.3,25.1,76,83,76,22.6,22.9,21.9,99.99,999.9,999.1,2.8,130,5.8,0.4087,0,0.171194716986834
2017-05-06 11:00:00.000,1056.85877867587,654.205931807173,865.156720467632,1023,26.875,27.8,28,27.1,68,76,68,21.4,22.8,21.3,100.04,1000.4,999.9,4.5,130,8.4,1.368,0,0.464924787822215
2017-05-06 12:00:00.000,1036.12627608414,646.631204078557,866.229512478258,1023,26.9591984933073,29,29.2,27.8,65,70,64,21.7,22.7,21.3,100.03,1000.4,1000.2,3.9,106,7.7,2.195,0,0.699113456700762
2017-05-06 13:00:00.000,1016.44953359648,642.237285976184,867.326634818656,1023,27.2503647285946,29.8,30.1,28.9,65,66,62,22.4,22.8,21.4,100.04,1000.4,1000.2,4,120,8.5,2.891,0,0.89390274660697
2017-05-06 14:00:00.000,996.690942288442,639.523006559076,868.469238771849,1023,27.665311704803,30.9,30.9,29.3,63,66,61,22.9,23.1,21.2,100,1000.4,1000,3.7,113,8.1,2.794,0,0.893639362014006
2017-05-06 15:00:00.000,977.644055177386,634.147952038852,869.62581767436,1023,28.2042157829382,30.4,31.1,29.5,60,65,58,21.7,22.9,21,99.92,1000.1,999.2,3.6,126,7.7,2.751,0,0.884956090218056
2017-05-06 16:00:00.000,964.861663973841,631.063453307665,870.784791767336,1023,28.7554962477015,30.9,31.6,30.4,58,64,56,21.7,23.7,21.3,99.84,999.2,998.4,3,121,7.4,3.233,0,1.03390606873094
2017-05-06 17:00:00.000,948.635216884652,624.633048602113,869.917975406267,1023,29.3390793734013,31.7,32.2,30.5,61,64,57,23.1,24.1,21.8,99.74,998.4,997.4,4.3,91,7,2.821,0,0.92073618411434
2017-05-06 18:00:00.000,933.569855384996,618.565073428883,870.057566893489,1023,29.8035873755813,30.6,31.9,30.1,61,64,59,22.3,23.5,22.2,99.72,997.4,997.2,3.8,109,7.3,2.231,0,0.502408332377457
2017-05-06 19:00:00.000,927.068875259715,614.001386567736,869.758043195178,1023,30.0797216500864,30.2,31.1,29.4,61,67,59,21.9,23.3,21.9,99.72,997.3,997.1,2.2,120,6.1,1.206,0,0.333384132249324
2017-05-06 20:00:00.000,920.945238737126,606.735037078861,869.161759560409,1023,30.1875,29.8,30.6,29.8,61,63,57,21.5,22.6,21,99.72,997.2,997.1,2.3,122,4.5,0.6633,0,0.210929861330952
2017-05-06 21:00:00.000,923.80173149324,601.73627514592,868.345012541419,1023,30.1445645981866,27.6,29.8,27.6,75,75,61,22.7,22.7,21.4,99.81,998.1,997.2,3.4,90,5.1,0.03117,0,0.0569236322757421
2017-05-06 22:00:00.000,927.454397504862,596.149575663918,867.35873039801,1023,29.9729604225601,26.7,27.6,26.5,77,78,75,22.2,22.8,22.2,99.9,999,998.1,2.4,90,5.2,-0.00354,0,0.0365760297903454
2017-05-06 23:00:00.000,935.914738201821,592.26563763579,866.19246275388,1022.25355325011,29.7816941562635,26.3,26.8,26.1,78,79,75,22.3,22.3,22.1,99.97,999.7,999,1.9,88,4,-0.00302,0,0.0295362303341857
2017-05-07 00:00:00.000,938.995196567796,589.483900590683,864.93771108573,1023,29.527895318512,25.9,26.4,25.5,81,81,78,22.3,22.3,22,100.04,1000.4,999.7,2.3,73,3.8,-0.00316,0,0.028632854336168
2017-05-07 01:00:00.000,944.6537255983,607.790564405407,863.611245963971,1023,29.3366392827502,26.7,26.7,25.9,77,81,77,22.3,22.4,22.1,100.07,1000.7,1000.3,2.9,109,5.3,-0.0028,0,0.0414186332319156
2017-05-07 02:00:00.000,949.216367651656,592.504261383411,862.217526920375,1023,29.0828753545869,26.9,26.9,26.7,79,79,76,22.8,22.8,22.3,100.02,1000.7,1000.2,3.1,105,6.4,-0.00267,0,0.0395902343921959
2017-05-07 03:00:00.000,950.386567021811,585.509393879359,860.772365998355,1023,28.8832930346095,26.9,27,26.8,81,81,79,23.3,23.3,22.8,99.95,1000.2,999.5,3.8,108,6.3,-0.00233,0,0.0402058419438191
2017-05-07 04:00:00.000,952.926719070948,583.730258898918,859.270409006311,1023,28.7002286001903,26.6,26.9,26.6,82,82,81,23.2,23.3,23.1,99.88,999.5,998.8,3.1,107,7,-0.0035,0,0.0333626919206955
2017-05-07 05:00:00.000,953.799800174889,583.262215405519,857.730530317049,1021.1413879819,28.5088367488686,26.7,26.8,26.6,81,82,81,23.2,23.3,23.1,99.82,998.8,998.2,4,109,6.9,-0.00353,0,0.0640366912164611
2017-05-07 06:00:00.000,951.446895113772,582.153633362465,856.167941905765,1005.59060709419,28.3774608628925,26.8,26.8,26.7,81,81,81,23.1,23.2,23.1,99.82,998.3,998.1,4.4,110,8.3,-0.00312,0,0.0694879589915886
2017-05-07 07:00:00.000,973.333120812302,581.496898619948,854.586769551778,1010.49888454191,28.1880134379694,26.7,26.8,26.6,80,81,80,23,23.1,22.9,99.82,998.2,998,3.9,113,7.7,-0.00289,0,0.0662190292047856
2017-05-07 08:00:00.000,987.932262924087,581.480589619925,852.98280372736,997.473185285003,28.0610511383515,26.4,26.7,26.3,81,81,80,22.8,23,22.7,99.84,998.4,998.2,3.6,113,7.7,-0.00351,0,0.0582548206885383
2017-05-07 09:00:00.000,994.246139628562,580.328798532607,851.381573541889,903.419274013548,27.9340882836213,26.3,26.5,26.1,80,82,79,22.5,22.9,22.5,99.85,998.6,998.4,2.9,125,7.6,0.0141,0,0.0555032385376595
2017-05-07 10:00:00.000,973.398350004495,581.463804821518,849.769999094704,930.514001497679,27.8072314347168,27.2,27.3,26.3,75,80,74,22.4,22.8,22.3,99.91,999.1,998.5,3.8,134,7.6,0.3654,0,0.17605216725956
2017-05-07 11:00:00.000,990.710388628907,583.422451438467,848.118168192222,1023,27.6875,27.8,27.8,27.2,73,76,72,22.4,22.8,22.3,99.94,999.5,999.1,4.1,144,7.3,0.7054,0,0.275970584445529
2017-05-07 12:00:00.000,988.96519796814,581.47220339465,846.433642909562,1023,27.69508927021,28.4,28.9,27.8,69,73,68,22.2,23.5,22,99.97,999.8,999.4,4.4,125,9.6,1.627,0,0.531876182384805
2017-05-07 13:00:00.000,980.535412218824,582.878269666641,844.707121937563,1023,27.8920138974255,29.8,30.2,28.3,64,71,63,22.3,23.2,21.9,99.96,999.8,999.5,4.5,133,11.2,2.605,0,0.820868789063503
2017-05-07 14:00:00.000,953.510403911437,580.837559268493,842.950731974577,1023,28.224027873634,29.9,30.6,29.7,65,67,62,22.6,23.3,22.2,99.96,999.8,999.6,4.6,116,9.5,2.761,0,0.858437551108386
2017-05-07 15:00:00.000,953.201420264835,577.910276101176,841.161121954295,392.219181821859,28.7363292221084,31.3,31.5,29.8,61,66,58,22.8,23.5,21.8,99.87,999.6,998.7,3.6,125,8.6,2.949,0,0.949816406136548
2017-05-07 16:00:00.000,958.002695674847,576.166157560667,839.319242549794,552.048856767338,29.2721391860195,31.4,32.2,30.8,58,62,54,22.1,23.3,21.2,99.76,998.7,997.6,3.5,143,8.3,2.91,0,0.951077169347609
2017-05-07 17:00:00.000,966.561120130235,575.130218813194,837.424566997976,613.879171985986,29.5247253016804,27,32,27,81,81,57,23.4,24.2,21.6,99.72,997.7,997.2,4.5,96,10.5,1.164,0,0.358014635698444
2017-05-07 18:00:00.000,966.444538134204,571.941857328383,835.504407695568,902.891368938357,29.6384787299155,27.7,28.1,27,83,83,79,24.5,24.5,23.3,99.68,997.2,996.6,2.8,71,7.1,0.7673,0,0.178391106265007
2017-05-07 19:00:00.000,964.232810380764,570.187976400791,833.563560628376,594.0590011647,29.6875,27.6,27.9,27,84,86,82,24.6,25.1,24.3,99.7,997.1,996.8,3.4,78,7.1,0.5493,0,0.129876681896504
2017-05-07 20:00:00.000,967.303809880516,567.578618299237,831.603710770261,1023,29.6875,26.9,27.6,26.9,86,86,83,24.3,24.5,24.1,99.72,997.3,997,1.6,73,5.1,0.2164,0,0.0660931914965748
2017-05-07 21:00:00.000,974.609380938819,564.603133176414,829.630391130478,1023,29.6697583024406,26.6,26.9,26.6,89,89,86,24.5,24.5,24.3,99.77,997.7,997.1,1.9,71,3,0.02893,0,0.0213685220685541
2017-05-07 22:00:00.000,985.13734039856,561.606061454517,827.643242143393,1023,29.5233650003721,26.5,26.7,26.5,85,89,85,23.8,24.5,23.8,99.81,998.1,997.7,2.2,87,4.9,-0.00336,0,0.022144267464367
2017-05-07 23:00:00.000,997.573242720118,560.498361163553,825.64655981614,1023,29.3321329164639,26.6,26.7,26.4,82,85,81,23.4,23.8,23.2,99.87,998.7,998.1,3.6,98,7.2,-0.00353,0,0.0363653973240005
2017-05-08 00:00:00.000,1008.94478765202,560.764065697237,823.644190251223,1023,29.1408597126076,26.5,26.6,26.4,83,83,82,23.3,23.5,23.2,99.91,999.1,998.7,1.4,106,5.3,-0.0033,0,0.018043689397243
2017-05-08 01:00:00.000,1018.73257589752,559.522511590576,821.637695526063,1023,28.974775476966,26.4,26.5,26.3,83,84,83,23.4,23.4,23.2,99.92,999.2,999.1,2.1,112,4.3,-0.00353,0,0.0242971577345411
2017-05-08 02:00:00.000,1027.20429092655,560.102409747054,819.633490997383,1023,28.8207412755444,26.5,26.5,26.4,84,84,83,23.6,23.6,23.4,99.91,999.3,999.1,2.5,111,4.3,-0.00342,0,0.0257863420223638
2017-05-08 03:00:00.000,1037.4175780796,541.672890639759,817.642093340839,1023,28.6584602751279,26.7,26.7,26.4,83,84,83,23.5,23.6,23.5,99.88,999.2,998.8,2.6,114,4.8,-0.00258,0,0.0284809132233641
2017-05-08 04:00:00.000,1043.8430523473,535.930083306731,815.6685073319,1018.04385034462,28.5315240646539,25.8,26.7,25.8,88,88,83,23.7,23.7,23.4,99.8,998.8,998,2.8,107,6.5,-0.00302,0.4,0.0202310514936219
2017-05-08 05:00:00.000,1050.30363275813,551.636091774028,813.699961097737,582.880604434233,28.4045790799198,26.1,26.1,25.8,86,88,86,23.7,23.8,23.6,99.76,998,997.6,2.1,100,6.5,-0.00055,0,0.027090187183313
2017-05-08 06:00:00.000,1059.15229134592,539.681068495377,811.729964122157,420.666668924231,28.2776057795906,25.1,26.1,25.1,89,89,86,23.1,23.7,23,99.74,997.6,997.3,2.3,121,8.5,-0.00339,0.8,0.0217870776856815
2017-05-08 07:00:00.000,1066.24671701864,552.679205015191,809.770512550984,198.720509205591,28.1506210218313,25.3,25.3,24.8,88,89,88,23.2,23.2,22.9,99.73,997.5,997.3,2.2,115,6.3,-0.00279,0,0.0231593789954077
2017-05-08 08:00:00.000,1071.10273132177,558.150905328626,807.821927610987,196.536348545048,28.0236268153388,25.4,25.4,25.2,87,88,87,23.1,23.2,23.1,99.74,997.5,997.3,2.3,105,3.8,-0.00261,0,0.026294709158348
2017-05-08 09:00:00.000,1075.29425667569,561.189968874643,805.893718294837,246.79234772266,27.8966449276057,25.8,25.8,25.2,85,87,85,23,23.1,23,99.79,997.9,997.4,2.8,109,4.8,0.01188,0,0.0403686673572353
2017-05-08 10:00:00.000,1078.79238366743,562.027359063784,803.977155199407,758.024865814341,27.7699046278168,26.9,26.9,25.8,79,85,79,23,23.2,22.8,99.84,998.4,997.8,2.1,130,4.9,0.2872,0,0.120759402353664
2017-05-08 11:00:00.000,1086.49535157714,580.98512512171,802.065837751291,726.168005129258,27.6875,27.4,27.5,26.9,79,81,78,23.6,23.7,22.8,99.94,999.4,998.4,3.3,112,8.5,0.8075,0,0.273734261653359
2017-05-08 12:00:00.000,1101.79785407016,587.481019239944,800.187485308162,315.651599171794,27.7954389352748,29.5,29.5,27.4,72,80,72,24,24.7,23.1,99.94,999.4,999.3,3.9,116,8.7,1.841,0,0.587076036431015
2017-05-08 13:00:00.000,1087.15924452465,595.819265004209,798.345813595008,307.237293121688,27.9216102733685,28.1,30,27.5,79,81,68,24.1,24.4,23.1,99.96,999.6,999.2,3.4,107,8.9,1.835,0,0.549205267719418
2017-05-08 14:00:00.000,1104.37563398887,605.028174739315,796.52728436329,232.073899189039,28.1585593496575,27.2,29.7,27.2,81,82,74,23.7,25.4,23.6,99.96,999.7,999.4,5.3,98,9.5,1.408,0.4,0.417156388203389
2017-05-08 15:00:00.000,1123.75794035123,616.224761051398,794.739366172201,261.297604656921,28.2992341534404,25.3,27.9,24.9,91,92,81,23.8,25.5,22.7,99.87,999.6,998.7,4.9,111,12.8,1.032,3.4,0.274892020627533
2017-05-08 16:00:00.000,1144.82621962732,629.507235332696,792.975341077278,950.525933867041,28.5381471551973,26.7,27.6,25.1,81,92,79,23.1,25.1,22.9,99.81,998.7,997.9,3.4,114,8.8,2.279,0.4,0.643366817376744
2017-05-08 17:00:00.000,1123.23951082493,634.128303511497,791.245663502656,250.120347081645,28.7284750806682,27.3,27.3,26.7,81,81,77,23.7,23.7,22.5,99.67,998.1,996.7,3.1,111,6.8,0.7347,0,0.247326378271246
2017-05-08 18:00:00.000,1128.46342019987,633.869209932868,789.556975871708,225.927463049586,28.8125,24.4,27.4,24.2,89,89,79,22.4,23.8,22.1,99.69,997.4,996.6,1.3,91,9.1,0.3383,3.6,0.0869121043648693
2017-05-08 19:00:00.000,1134.05589075036,614.272993003483,787.90472896912,232.834861218422,28.7623019248953,24.9,24.9,24.3,88,89,87,22.7,22.9,22.3,99.69,997.2,996.8,3.3,106,6.2,0.1777,0.8,0.0514558579020665
2017-05-08 20:00:00.000,1139.99808993864,613.898733683993,786.262369985016,221.922355358556,28.6875,25.1,25.1,24.9,88,88,87,23,23,22.7,99.8,998,996.9,3.1,88,6.2,0.1392,0,0.0452811450063912
2017-05-08 21:00:00.000,1147.04241746819,614.596384584549,784.62945366653,199.438684469054,28.5112397224145,24.9,25.2,24.8,92,92,88,23.4,23.4,23,99.87,998.7,998,2.4,69,5.4,0.01268,0,0.0146346439093882
2017-05-08 22:00:00.000,1153.64215377654,614.15744307029,783.011412524917,206.531707167283,28.3856368553284,24.5,24.9,24.5,92,92,92,23.2,23.4,23.2,99.92,999.2,998.7,2,71,5.5,-0.00205,0,0.0103521249561858
2017-05-08 23:00:00.000,1160.38804345088,613.905509881884,781.382312958124,203.919177625499,28.2074914335989,24.7,24.7,24.5,92,93,92,23.4,23.4,23.2,99.99,999.9,999.2,1.9,70,4.3,-0.00226,0,0.01000537798976
2017-05-09 00:00:00.000,1167.89943358927,614.543434801241,779.734209614238,186.14927622447,28.0718297640293,25.3,25.3,24.7,88,92,88,23.1,23.6,23.1,100.01,1000.1,999.8,3.2,109,5.9,-0.00306,0,0.0215718594628505
2017-05-09 01:00:00.000,1176.46201864227,616.050213666311,778.065962380684,192.617878866429,27.8922765141696,25.9,25.9,25.3,82,88,82,22.6,23.1,22.6,100.01,1000.3,1000.1,4.1,118,8,-0.00104,0,0.0384422087358318
2017-05-09 02:00:00.000,1186.40135399433,618.524029990128,776.382307580552,185.873059814314,27.7579337616054,26,26,25.9,82,83,82,22.7,22.8,22.6,100,1000.1,1000,2.8,127,7.5,-0.00203,0,0.0310324443494702
2017-05-09 03:00:00.000,1197.77219993354,622.030945096128,774.692570567517,188.191330783947,27.5769405217152,25.8,26,25.6,82,83,82,22.5,22.8,22.5,99.92,1000,999.2,3.1,124,6,-0.00273,0,0.0326190417236465
2017-05-09 04:00:00.000,1211.01348100344,626.545729263181,772.984662181607,187.93796184201,27.4440136239029,25.7,25.8,25.6,83,84,82,22.6,22.7,22.5,99.84,999.2,998.4,4.5,112,7.9,-0.00343,0,0.0373546362291268
2017-05-09 05:00:00.000,1226.60312344056,632.287374968167,771.273801337397,187.279624275034,27.3183255057299,25.7,25.8,25.7,82,83,81,22.4,22.6,22.3,99.76,998.5,997.6,3.9,113,8.6,-0.00351,0,0.057916907465821
2017-05-09 06:00:00.000,1245.13338254824,639.275401833715,769.561808333803,190.11908074648,27.1926111936237,25.8,25.8,25.5,81,83,81,22.4,22.5,22.3,99.78,997.8,997.4,4.7,114,8.2,-0.00334,0,0.0713484881295135
2017-05-09 07:00:00.000,1266.22996045431,647.673003155857,767.831007444773,195.859229210511,27.125,25.5,25.8,25.5,82,82,81,22.2,22.4,22.1,99.77,997.8,997.7,3.7,107,8.2,-0.0035,0,0.0551814826101371
2017-05-09 08:00:00.000,1287.69922437274,657.738539478214,766.100128744345,174.472703481437,27.0036929959487,25.7,25.7,25.4,82,83,82,22.3,22.4,22.2,99.84,998.4,997.7,3.5,132,8.2,-0.00353,0,0.052949965105351
2017-05-09 09:00:00.000,1296.91102578966,669.610443802274,764.360790016575,182.66769817402,26.8779669805891,25.5,25.7,25.2,82,82,80,22.2,22.3,21.9,99.89,998.9,998.4,3.6,108,8.2,0.01693,0,0.0590608905392681
2017-05-09 10:00:00.000,1287.83431474597,679.450860156751,762.614792747899,185.590445328578,26.8148064270648,26.3,26.7,25.5,79,83,78,22.3,23,22.2,99.98,999.8,998.9,3.8,115,8.2,0.2253,0,0.124624246277976
2017-05-09 11:00:00.000,1274.30243604682,690.992542858876,760.843087814674,176.028976181249,26.75,25.8,26.3,25.8,82,82,79,22.4,22.6,22.2,100.1,1001.1,999.7,4.2,113,8.8,0.3059,0,0.136971857863454
2017-05-09 12:00:00.000,1276.85284686572,670.358808555504,759.082873166769,207.337486715163,26.75,25.7,25.9,25.2,87,87,82,23.4,23.4,22.4,100.14,1001.4,1001,2.9,106,7.3,0.4813,0.6,0.157779084116925
2017-05-09 12:00:00.000,1276.85284686572,670.358808555504,759.082873166769,172.855475264036,27.0620483602001,25.7,25.9,25.2,87,87,82,23.4,23.4,22.4,100.14,1001.4,1001,2.9,106,7.3,0.4813,0.6,0.157779084116925
2017-05-09 12:00:00.000,1279.41715754203,648.664983507774,757.31672878461,207.337486715163,26.75,25.7,25.9,25.2,87,87,82,23.4,23.4,22.4,100.14,1001.4,1001,2.9,106,7.3,0.4813,0.6,0.157779084116925
2017-05-09 12:00:00.000,1279.41715754203,648.664983507774,757.31672878461,172.855475264036,27.0620483602001,25.7,25.9,25.2,87,87,82,23.4,23.4,22.4,100.14,1001.4,1001,2.9,106,7.3,0.4813,0.6,0.157779084116925
2017-05-09 12:00:00.000,1281.99020051217,626.958585026648,755.425222930363,207.337486715163,26.75,25.7,25.9,25.2,87,87,82,23.4,23.4,22.4,100.14,1001.4,1001,2.9,106,7.3,0.4813,0.6,0.157779084116925
2017-05-09 12:00:00.000,1281.99020051217,626.958585026648,755.425222930363,172.855475264036,27.0620483602001,25.7,25.9,25.2,87,87,82,23.4,23.4,22.4,100.14,1001.4,1001,2.9,106,7.3,0.4813,0.6,0.157779084116925
2017-05-09 12:00:00.000,1284.57209595808,607.911532624756,753.527930085238,207.337486715163,26.75,25.7,25.9,25.2,87,87,82,23.4,23.4,22.4,100.14,1001.4,1001,2.9,106,7.3,0.4813,0.6,0.157779084116925
2017-05-09 12:00:00.000,1284.57209595808,607.911532624756,753.527930085238,172.855475264036,27.0620483602001,25.7,25.9,25.2,87,87,82,23.4,23.4,22.4,100.14,1001.4,1001,2.9,106,7.3,0.4813,0.6,0.157779084116925
2017-05-09 12:00:00.000,1290.04200866593,595.658314872139,751.752552568828,207.337486715163,26.75,25.7,25.9,25.2,87,87,82,23.4,23.4,22.4,100.14,1001.4,1001,2.9,106,7.3,0.4813,0.6,0.157779084116925
2017-05-09 12:00:00.000,1290.04200866593,595.658314872139,751.752552568828,172.855475264036,27.0620483602001,25.7,25.9,25.2,87,87,82,23.4,23.4,22.4,100.14,1001.4,1001,2.9,106,7.3,0.4813,0.6,0.157779084116925
2017-05-09 12:00:00.000,1295.58924905599,590.556668949274,749.971656280477,207.337486715163,26.75,25.7,25.9,25.2,87,87,82,23.4,23.4,22.4,100.14,1001.4,1001,2.9,106,7.3,0.4813,0.6,0.157779084116925
2017-05-09 12:00:00.000,1295.58924905599,590.556668949274,749.971656280477,172.855475264036,27.0620483602001,25.7,25.9,25.2,87,87,82,23.4,23.4,22.4,100.14,1001.4,1001,2.9,106,7.3,0.4813,0.6,0.157779084116925
2017-05-09 12:00:00.000,1301.33978095423,588.506231100845,748.063979600548,207.337486715163,26.75,25.7,25.9,25.2,87,87,82,23.4,23.4,22.4,100.14,1001.4,1001,2.9,106,7.3,0.4813,0.6,0.157779084116925
2017-05-09 12:00:00.000,1301.33978095423,588.506231100845,748.063979600548,172.855475264036,27.0620483602001,25.7,25.9,25.2,87,87,82,23.4,23.4,22.4,100.14,1001.4,1001,2.9,106,7.3,0.4813,0.6,0.157779084116925
2017-05-09 12:00:00.000,1307.17585975187,588.219621680238,746.150967292512,207.337486715163,26.75,25.7,25.9,25.2,87,87,82,23.4,23.4,22.4,100.14,1001.4,1001,2.9,106,7.3,0.4813,0.6,0.157779084116925
2017-05-09 12:00:00.000,1307.17585975187,588.219621680238,746.150967292512,172.855475264036,27.0620483602001,25.7,25.9,25.2,87,87,82,23.4,23.4,22.4,100.14,1001.4,1001,2.9,106,7.3,0.4813,0.6,0.157779084116925
2017-05-09 13:00:00.000,1313.34902391096,589.417186741174,744.216874682428,267.558363508825,26.75,25.9,27,25.7,84,87,79,22.9,23.6,22.7,100.13,1001.5,1001.3,5.2,107,8.7,1.01,0.2,0.300477789296291
2017-05-09 13:00:00.000,1313.34902391096,589.417186741174,744.216874682428,212.877709838799,27.1871178432462,25.9,27,25.7,84,87,79,22.9,23.6,22.7,100.13,1001.5,1001.3,5.2,107,8.7,1.01,0.2,0.300477789296291
2017-05-09 13:00:00.000,1319.62204039204,589.702943894029,742.277670808912,267.558363508825,26.75,25.9,27,25.7,84,87,79,22.9,23.6,22.7,100.13,1001.5,1001.3,5.2,107,8.7,1.01,0.2,0.300477789296291
2017-05-09 13:00:00.000,1319.62204039204,589.702943894029,742.277670808912,212.877709838799,27.1871178432462,25.9,27,25.7,84,87,79,22.9,23.6,22.7,100.13,1001.5,1001.3,5.2,107,8.7,1.01,0.2,0.300477789296291
2017-05-09 14:00:00.000,1325.61110469751,589.771997062527,740.301708788752,249.003912800447,27.4370108999441,27.6,27.9,25.8,76,85,74,23,23.8,22.7,100.11,1001.3,1000.8,4.6,130,9.7,1.261,0,0.405815847883648
2017-05-09 15:00:00.000,1331.84087836076,590.497863376921,738.289203404929,208.407079646018,27.6852876106195,24.6,27.6,24.2,88,89,75,22.5,22.8,21.9,100.02,1001.2,1000.2,1.9,135,12.1,0.5781,2.4,0.175467929350346
2017-05-09 16:00:00.000,1338.67413907115,592.158340449161,736.236213910144,193,27.936591163311,25.6,25.6,24.6,84,88,84,22.7,23.1,22.4,99.89,1000.1,998.9,2.2,141,7.8,0.5903,1.2,0.190412585814018
2017-05-09 17:00:00.000,1346.2505122736,594.557389732698,734.175841182265,195,28.1233351831299,27.3,27.5,25.6,78,85,78,23.1,24.1,22.6,99.77,998.9,997.7,3.3,123,6.2,1.136,0.2,0.362150742930231
2017-05-09 18:00:00.000,1355.07054715732,598.060380766506,732.112339460365,193.969444444444,28.1871180555556,29.1,29.3,27.3,72,79,70,23.5,24.5,22.8,99.73,997.7,997.3,3.5,134,6.4,1.817,0,0.391983561838746
2017-05-09 19:00:00.000,1364.98208910831,602.542175444397,730.045402096693,200.53820505696,28.1564670741873,28.7,29.2,28.7,72,73,69,23.2,23.7,22.8,99.76,997.6,997.2,3.3,100,6,1.4,0,0.316804382984933
2017-05-09 20:00:00.000,1376.33106140174,608.047789628103,727.970687975525,213.894327030033,28.0628476084538,27.6,28.8,27.6,77,77,72,23.1,23.4,23,99.8,998,997.6,2.6,101,5.9,0.5194,0,0.142380274802924
2017-05-09 21:00:00.000,1389.88684845239,614.712586936149,725.880638570268,195.061077179345,27.9378817323709,26,27.6,26,84,84,77,23.2,23.2,22.9,99.86,998.6,998,2,63,5.1,0.02101,0,0.0268527683317089
2017-05-09 22:00:00.000,1406.24951688729,622.667609189178,723.777788376453,193.007771301693,27.8129857063558,25.7,26.4,25.7,85,85,81,23,23.2,22.7,99.89,998.9,998.5,1.8,87,4.6,-0.00354,0,0.0187175895923563
2017-05-09 23:00:00.000,1426.23309103236,631.942420577644,721.674054907294,207.927897947865,27.6256932889628,25.7,26,25.6,85,86,85,22.9,23.3,22.9,99.96,999.6,998.9,2.9,93,5.1,-0.00353,0,0.0258203154905182
2017-05-10 00:00:00.000,1449.43182063641,642.849703884985,719.569940212639,206.006111111111,27.5003819444444,25.8,25.8,25.7,85,85,84,23.1,23.1,22.9,100.04,1000.4,999.6,3.9,97,6.8,-0.00354,0,0.0306967020070093
2017-05-10 01:00:00.000,1467.11103946317,655.698656396768,717.460635461913,197.060975609756,27.3753464523282,25.8,26,25.8,83,85,82,22.8,23.1,22.7,100.07,1000.8,1000.4,3.6,112,7.8,-0.00347,0,0.0334033904514742
2017-05-10 02:00:00.000,1459.92418923831,670.656121709648,715.34950948983,229.833935018051,27.2503991946681,25.8,25.9,25.7,83,84,83,22.7,22.8,22.6,100.04,1000.8,1000.4,3.2,107,6.7,-0.00354,0,0.0312321183058252
2017-05-10 03:00:00.000,1439.44106538957,687.219301765673,713.23751443968,273.88,27.1254166666667,25.9,26,25.5,79,84,79,22,22.8,22,99.96,1000.4,999.6,3,109,6,-0.00353,0,0.0373978038658243
2017-05-10 04:00:00.000,1417.55423103429,703.016688461443,711.126410284461,288.486111111111,27.0003472222222,25.6,26.1,25.6,82,82,79,22.3,22.3,22,99.91,999.6,999.1,3,108,6.9,-0.00354,0,0.0316359303339545
2017-05-10 05:00:00.000,1394.41433761047,711.162685064073,709.019342173296,314.906510851419,26.8752434613244,25.8,25.9,25.6,80,82,80,22,22.5,22,99.83,999.1,998.3,3.2,121,7.7,-0.00354,0,0.0547494477609615
2017-05-10 06:00:00.000,1374.21528437545,711.148866052883,706.881478032708,285.055,26.7503819444444,25.8,25.9,25.6,79,80,78,22,22.1,21.8,99.79,998.3,997.9,3.2,122,8.3,-0.00354,0,0.0575173440638156
2017-05-10 07:00:00.000,1354.88282053515,706.447609366,704.768746712134,236.115684093437,26.6252780867631,26.3,26.3,25.7,74,79,74,21.3,22,21.3,99.8,998.1,997.8,3.9,124,7.8,-0.00354,0,0.0853014157888422
2017-05-10 08:00:00.000,1332.1563178912,699.220169299784,702.646793210256,255.88006662965,26.5004164353137,25.6,26.3,25.6,79,79,74,21.6,21.6,21.3,99.84,998.4,998,3.3,115,9.1,-0.00354,0,0.0587813533611979
2017-05-10 09:00:00.000,1309.02944270203,693.733652056383,700.524802794334,665.732574284921,26.6246008053319,25.4,25.9,25.3,82,82,77,22,22,21.5,99.9,999,998.3,2.8,95,6.5,0.0162,0,0.0485371490119554
2017-05-10 10:00:00.000,1284.52366284859,685.88044961714,698.397524203849,1023,26.8425360710322,27,27.1,25.4,76,82,75,22.4,22.4,22,99.94,999.4,999,4.5,120,9,0.271,0,0.157423708084761
2017-05-10 11:00:00.000,1260.64901315281,678.445290411707,696.245173085239,1023,27.1547321676381,28.1,28.1,27,72,76,71,22.7,22.9,22.3,100.02,1000.2,999.4,4.6,119,9,1.3,0,0.435695763643851
2017-05-10 12:00:00.000,1237.80516043976,672.583797063417,694.022665938225,1023,27.4776520771513,28.9,29,28.1,70,73,69,22.8,23.2,22.5,100.05,1000.5,1000.2,4.7,127,9.7,2.13,0,0.661315877659681
2017-05-10 13:00:00.000,1214.12038496969,665.034884583083,691.695343204036,1023,27.8114799703264,29.6,30,28.9,66,71,64,22.5,23.7,22.4,100.06,1000.6,1000.5,5.7,139,10.5,2.929,0,0.884734461121517
2017-05-10 14:00:00.000,1190.3199207915,656.032541256612,689.31537813594,1023,28.2487843845513,30.7,31.1,29.4,64,69,63,23.1,24.3,22,100.02,1000.6,1000.2,4.3,109,10.5,2.825,0,0.893313676241196
2017-05-10 15:00:00.000,1166.00396754083,649.577112881161,687.136937600414,1023,28.6236503322259,30.3,31.1,30.3,64,68,63,22.7,24.1,22.7,99.92,1000.2,999.2,4.7,120,10.2,3.191,0,0.980405822086241
2017-05-10 16:00:00.000,1142.37667407175,643.734941506642,685.018754389851,1023,28.9363227146814,31.4,31.9,29.9,63,68,61,23.5,24.4,22.5,99.83,999.3,998.3,4.1,119,9.6,2.929,0,0.937398106158108
2017-05-10 17:00:00.000,1162.49510472831,636.894689643211,682.955304331796,1023,29.0622569444444,30.9,31.6,30.6,60,64,57,22.3,23.7,21.7,99.77,998.3,997.7,4.1,143,9.4,2.655,0,0.867218570679596
2017-05-10 18:00:00.000,1140.08932363998,630.744436818531,680.932535416517,1023,29.0625,31,31.3,30.7,62,62,59,22.7,23,21.9,99.7,997.7,997,3.8,121,9.5,2.192,0,0.498441167189718
2017-05-10 19:00:00.000,1121.05223524523,624.155648554881,678.948282217191,1023,29.0002600554785,30.4,31.1,30.3,66,66,59,23.2,23.5,21.8,99.69,997.1,996.9,3.9,100,8.8,1.486,0,0.350163369416209
2017-05-10 20:00:00.000,1110.13416131772,621.541246454743,676.991591787158,1023,28.8129175946548,29.3,30.4,29.3,65,66,64,22.1,23.1,22.1,99.74,997.4,996.8,4,105,8.1,0.7207,0,0.207583019782139
2017-05-10 21:00:00.000,1083.05908295528,595.29606472452,674.842199486811,1023,28.6254164353137,27.9,29.3,27.8,70,71,65,21.9,22.3,21.8,99.8,998,997.4,3.2,98,6.6,0.0502,0,0.0693482447513327
2017-05-10 22:00:00.000,1064.8981257333,576.315078032892,672.705590755384,1023,28.4376740947075,26.6,27.9,26.6,78,78,70,22.5,22.5,21.8,99.88,998.8,998,2.4,105,5.6,-0.00354,0,0.0348443800135266
2017-05-10 23:00:00.000,1056.03463960945,564.135240159764,670.584863650234,1023,28.2504162042175,26.5,26.6,26.3,73,78,73,21.3,22.5,21.3,99.93,999.3,998.8,1.9,128,4.6,-0.00354,0,0.036487437052938
2017-05-11 00:00:00.000,1055.74152333223,560.572435485311,668.489875023405,1023,28.0627087973274,26.2,26.6,25.8,76,77,73,21.6,21.6,21.2,99.97,999.7,999.3,2.6,101,6.1,-0.00354,0,0.0396129222154751
2017-05-11 01:00:00.000,1055.12988086934,559.57200223252,666.423564212857,1023,27.8756253474152,26.2,26.3,26,81,81,76,22.6,22.6,21.6,100,1000,999.7,2.6,119,4.9,-0.00354,0,0.0312253183279962
2017-05-11 02:00:00.000,1063.34887305838,559.3201769013,664.378419120449,1023,27.7501737076153,26.3,26.3,26.1,82,83,81,23,23,22.6,99.99,1000,999.8,3.2,114,7.3,-0.00354,0,0.0336651940146326
2017-05-11 03:00:00.000,1067.49428641654,560.229513194113,662.33486927189,1019.01663893511,27.5628466444814,26.5,26.5,26.2,82,83,82,23.1,23.2,22.9,99.99,1000,999.8,2.7,109,7.2,-0.00353,0,0.0305565869992992
2017-05-11 04:00:00.000,1073.29759983026,561.951493208045,660.290749992368,1017.00277777778,27.4376736111111,26.3,26.5,26.1,81,82,81,22.8,23.1,22.7,99.94,999.9,999.4,2.9,110,5.7,-0.00354,0,0.0335285314403761
2017-05-11 05:00:00.000,1073.11984002743,563.563613214335,658.258391843068,894.947222222222,27.2503472222222,26.3,26.4,26.2,81,82,81,22.8,22.9,22.7,99.88,999.4,998.8,4.1,104,7.2,-0.00354,0,0.0647358293859315
2017-05-11 06:00:00.000,1079.01752299837,563.446893953644,656.227167469207,887.652294853964,27.1252607788595,25.8,26.3,25.8,83,83,81,22.6,22.9,22.6,99.85,998.8,998.5,2.4,107,7.1,-0.00354,0,0.0360425289823134
2017-05-11 07:00:00.000,1081.75858965205,563.370277422317,654.204894027678,823.15512465374,27.0003462603878,26.1,26.1,25.8,81,83,81,22.6,22.6,22.4,99.85,998.6,998.4,3.2,120,5.5,-0.00354,0,0.0523411362878875
2017-05-11 08:00:00.000,1078.74719295567,564.539186897021,652.174465522818,955.668144863267,26.9585412047302,26.3,26.5,26,76,81,76,21.7,22.5,21.7,99.84,998.6,998.4,3.4,124,8.3,-0.00354,0,0.0701824761385042
2017-05-11 09:00:00.000,1072.90309728972,565.456482646337,650.144791407514,1023,27.0304138795987,26.6,26.6,26.1,73,77,73,21.4,21.8,21.3,99.9,999,998.4,4.3,132,9.6,0.0238,0,0.103443721922764
2017-05-11 10:00:00.000,1066.62670020517,565.934747878544,648.102446957032,1023,27.2489612188366,27.4,27.5,26.5,67,75,67,20.8,21.8,20.8,99.97,999.7,999,4.9,127,9.6,0.393,0,0.230514851832975
2017-05-11 11:00:00.000,1059.28191585997,565.876798835568,646.061538888242,1023,27.5738888888889,27.7,27.8,27.4,69,71,67,21.5,22,20.8,100.02,1000.2,999.6,5.7,123,11.5,1.196,0,0.42613689512946
2017-05-11 12:00:00.000,1054.29183022115,564.374326850316,644.017182217069,1023,28.0593243740795,28.7,28.8,27.7,66,70,64,21.6,21.9,21,100.03,1000.5,1000.2,5,128,11.5,1.924,0,0.623960442983005
2017-05-11 13:00:00.000,1053.17432207021,562.412732278219,641.960838495199,1023,28.6867973580663,29.3,29.7,28.6,65,68,61,22.1,22.6,20.9,100.04,1000.4,1000.3,4.9,116,9.8,2.62,0,0.811342592312599
2017-05-11 14:00:00.000,1052.69047346276,561.593164319173,639.88149713702,1023,29.1988674217189,30.3,30.3,29.3,63,66,61,22.4,23.2,21.4,100.01,1000.4,1000.1,5.3,109,9.7,2.738,0,0.865628069318599
2017-05-11 15:00:00.000,1053.35034838249,560.844238772111,637.767682799555,1023,29.6854120267261,30.7,31.1,29.8,61,66,60,22.3,23.5,21.6,99.95,1000.2,999.5,3.7,114,9.7,2.811,0,0.902324590403122
2017-05-11 16:00:00.000,1056.62636583986,559.236975388515,635.629814819689,1023,29.936875,31.6,31.6,30.6,60,63,58,22.9,23.5,21.9,99.85,999.5,998.5,3.3,122,8.4,2.949,0,0.958241665941578
2017-05-11 17:00:00.000,1062.13630582379,557.43414109813,633.491905402994,1023,30.0625,31.6,31.7,30.3,61,64,58,23.1,23.3,21.9,99.78,998.5,997.8,3.5,110,7.4,2.37,0,0.793393479796974
2017-05-11 18:00:00.000,1068.77385988788,554.482573246206,631.358071515099,1023,30.0629180602007,31.4,32.1,31,61,63,58,23,23.6,22.3,99.73,997.8,997.3,3.6,110,7.6,2.24,0,0.521981854310711
2017-05-11 19:00:00.000,1077.8211835127,554.926171527378,629.195941394386,1023,29.9378464523282,29.6,31.7,29.6,68,69,60,23.2,23.5,22.3,99.71,997.3,997.1,4.7,80,7.7,1.388,0,0.307358497244009
2017-05-11 20:00:00.000,1089.52139845188,552.950603808336,627.011769027411,1023,29.750625,28.8,29.8,28.8,66,69,65,21.8,23.3,21.8,99.73,997.3,997.1,4.6,85,9,0.5653,0,0.175415884615698
2017-05-11 21:00:00.000,1098.18162179245,552.601658859931,624.819051300039,1023,29.516111381323,27.4,28.8,27.4,72,72,66,21.9,22,21.8,99.81,998.1,997.3,3.4,98,7,0.03256,0,0.0629257433634807
2017-05-11 22:00:00.000,1106.56136602568,553.545286698792,622.61765201752,1023,29.2972397859922,26.8,27.4,26.8,73,73,71,21.6,21.9,21.6,99.9,999,998.1,3.6,103,6.3,-0.00354,0,0.055227641113068
2017-05-11 23:00:00.000,1111.80106791346,553.118571067089,620.437958391098,1023,29.0629855715871,26.2,26.8,26.2,78,78,73,22.2,22.2,21.6,99.97,999.7,999,2.5,118,6.2,-0.00354,0,0.0353567821768582
2017-05-12 00:00:00.000,1119.63264015301,553.343246463348,618.265055474239,1023,28.812848189415,26.1,26.3,26.1,81,81,78,22.5,22.5,22.2,100.05,1000.5,999.7,2.4,111,4.8,-0.00354,0,0.02956039997392
2017-05-12 01:00:00.000,1123.99302321929,553.836257559051,616.114942785785,1023,28.6256232686981,26.1,26.2,26.1,82,82,81,22.8,22.8,22.6,100.09,1000.9,1000.5,2.4,109,4.9,-0.00348,0,0.0279856499095818
2017-05-12 02:00:00.000,1127.44759526607,553.386536195227,613.997208888622,934.860310421286,28.3763157894737,26,26.1,25.9,83,84,82,22.9,23,22.8,100.07,1001,1000.7,2.1,106,4.5,-0.00354,0,0.024023644682216
2017-05-12 03:00:00.000,1133.17473233933,554.333474995589,611.886142667101,948.527161862528,28.1270083102493,26.2,26.2,26,83,83,83,23,23.1,22.9,100.03,1000.8,1000.3,2.9,107,5.6,-0.00354,0,0.0298457268189137
2017-05-12 04:00:00.000,1139.58524600399,553.893495560793,609.78184080028,931.525348189415,27.8777008310249,26.1,26.4,26.1,82,83,81,22.8,23.1,22.8,99.97,1000.3,999.7,2.6,115,6,-0.00354,0,0.0294480043616616
2017-05-12 05:00:00.000,1145.20265813303,553.88526990811,607.691048634826,927.533073929961,27.6283933518005,26.3,26.3,26.1,81,82,81,22.8,22.8,22.7,99.93,999.7,999.3,2.8,114,5.8,-0.00353,0,0.0468611652812535
2017-05-12 06:00:00.000,1152.45123276242,553.885337738532,605.607927832246,689.945555555556,27.3790858725762,26.3,26.5,26.3,81,81,80,22.9,22.9,22.7,99.91,999.3,999.1,3.6,107,6.7,-0.00346,0,0.0581548072978739
2017-05-12 07:00:00.000,1135.20764950224,575.531810017671,601.509529093729,584.157134925042,27.1297783933518,25.8,26.4,25.6,86,87,81,23.3,23.3,22.9,99.91,999.2,999.1,3,97,7,-0.00285,0.2,0.0361805644986817
2017-05-12 08:00:00.000,1117.97622103631,584.629284611681,597.428651081017,1023,26.8804709141274,26.1,26.1,25.8,83,86,83,23,23.3,22.9,99.95,999.5,999.1,3.7,114,7,-0.00213,0,0.0532391045775312
2017-05-12 09:00:00.000,1099.95262972753,587.218501885068,593.363785865718,1023,26.631163434903,26.2,26.2,25.9,82,83,82,22.8,23,22.8,99.98,999.9,999.5,4.5,108,8.4,0.01683,0,0.0708779827802246
2017-05-12 10:00:00.000,1081.37927446277,588.045591989461,589.314464674239,1023,26.3818559556787,26.8,27.3,26.1,78,82,76,22.6,23,22.3,100.05,1000.5,999.8,2.7,123,8.4,0.2652,0,0.125010152988087
2017-05-12 11:00:00.000,1062.62199133808,589.987713078875,585.278745563887,1023,26.1325484764543,27.9,28,26.8,73,78,72,22.7,23.1,22,100.12,1001.2,1000.5,3.5,131,8.8,0.8857,0,0.316865751457588
2017-05-12 12:00:00.000,1043.7099533443,588.697236534916,581.26746638269,1023,25.8832409972299,28.9,29.2,27.9,67,73,65,22,23,21.6,100.17,1001.8,1001.2,6.1,120,11.2,2.241,0,0.6997927271015
2017-05-12 13:00:00.000,1023.04315954984,588.57449567583,577.265180602708,1023,25.6339335180055,30,30,28.9,62,68,62,22,22.9,21.6,100.19,1002,1001.7,5.9,109,11.8,2.634,0,0.838250280285433
2017-05-12 14:00:00.000,1001.5156147354,584.179159766821,573.28706743729,1023,25.3846260387812,30.7,31,29.7,60,66,58,22,23,21.1,100.16,1002,1001.6,4.1,132,11,3.184,0,1.00517725654226
2017-05-12 15:00:00.000,978.471638622665,581.931730310219,569.325070464837,1023,25.1353185595568,31.5,31.7,30.7,56,63,55,21.8,23,21.2,100.08,1001.6,1000.8,4.5,137,10.1,3.323,0,1.07201343913251
2017-05-12 16:00:00.000,956.677980705283,580.787760628642,565.376879000004,1023,24.8860110803324,31.7,31.7,31.1,55,58,52,21.6,22.1,20.5,100.03,1000.9,1000.3,4.7,118,9.5,3.218,0,1.05207910091061
2017-05-12 17:00:00.000,947.92453650399,578.879223700976,561.456452747358,1023,24.636703601108,31.6,31.9,31.4,54,56,52,21.2,21.9,20.6,99.96,1000.3,999.6,3.8,122,9.7,2.804,0,0.939713911554448
2017-05-12 18:00:00.000,959.093526183352,575.977921387813,557.534644367038,1023,24.3873961218837,31.4,31.9,31.1,57,58,53,21.9,22.2,20.6,99.91,999.6,999,3.1,121,8,2.144,0,0.528856757155225
2017-05-12 19:00:00.000,974.330414205603,574.665757744107,553.616324649627,1023,24.1380886426593,30,31.4,30,65,65,54,22.6,23,20.7,99.91,999.1,998.9,4.7,84,7.5,1.489,0,0.335434195275595
2017-05-12 20:00:00.000,988.937913196468,574.244107051328,549.70663702301,1023,23.8887811634347,28.6,30.1,28.6,70,71,65,22.7,23.2,22.6,99.92,999.2,999,4.8,87,7.7,0.6397,0,0.175404492025016
2017-05-12 21:00:00.000,1003.30468139967,573.89110911506,545.805871574869,1023,23.6394736842105,27.1,28.6,27.1,75,75,70,22.3,22.7,22.3,99.98,999.8,999.2,3.9,98,7.7,0.04538,0,0.0619345563265767
2017-05-12 22:00:00.000,1017.5491370539,573.541151543329,541.914315002511,1023,23.3901662049861,26.7,27.2,26.6,75,76,74,21.8,22.2,21.8,100.03,1000.3,999.7,3.4,115,6.9,-0.00354,0,0.0493359600109595
2017-05-12 23:00:00.000,1031.71949131952,573.189742627969,538.03225054638,1023,23.1408587257617,26.6,26.7,26.4,76,77,74,22.1,22.1,21.7,100.12,1001.2,1000.3,2.9,114,6.4,-0.00354,0,0.0429759262307901
2017-05-13 00:00:00.000,1045.84117918251,572.836872531948,534.159957967941,1022.25111111111,22.8915512465373,26.2,26.6,26.2,79,79,76,22.3,22.3,22,100.16,1001.6,1001.2,2.1,114,6.2,-0.00354,0,0.0300400089348918
2017-05-13 01:00:00.000,1058.07785655674,574.700428143233,530.30536332185,1021.25111111111,22.6422437673132,26.3,26.3,26.2,81,81,79,22.7,22.7,22.3,100.19,1001.9,1001.6,2.8,113,5.1,-0.00354,0,0.0328506967746454
2017-05-13 02:00:00.000,1069.01724973106,573.867378661842,526.472090716463,1019.87666666667,22.3929362880885,26.6,26.6,26.3,81,81,80,23.1,23.1,22.7,100.2,1002,1001.7,3.7,105,6.3,-0.00354,0,0.0390577012602051
2017-05-13 03:00:00.000,1078.80717339726,575.729342726317,522.658544740298,1018.37666666667,22.1436288088644,26.8,26.8,26.5,81,81,80,23.2,23.2,23,100.19,1002.1,1001.9,2.9,101,6.2,-0.00331,0,0.0341621735622742
2017-05-13 04:00:00.000,1091.01650000271,576.778561063909,518.864898362281,1016.12907702984,21.8943213296398,26.7,26.9,26.7,81,81,80,23.2,23.3,23.1,100.13,1002,1001.3,3,108,6.8,-0.00239,0,0.0349181383924856
2017-05-13 05:00:00.000,1097.97751082191,577.786641142314,515.088150685268,1013.63081193616,21.6450138504156,26.5,26.7,26.4,82,82,81,23.2,23.2,23.1,100.06,1001.3,1000.6,2.9,110,6.2,-0.00347,0,0.04599302533828
2017-05-13 06:00:00.000,1104.3735655314,576.89532842557,511.33437928766,1014.86849048743,21.3957063711912,26.5,26.5,26.4,81,83,81,22.9,23.2,22.9,100.02,1000.6,1000.2,3.8,113,7,-0.00284,0,0.0613303026708289
2017-05-13 07:00:00.000,1113.49630011016,581.549231136978,507.598109212233,1017.36814331343,21.1463988919668,26.1,26.5,26.1,82,82,81,22.8,22.9,22.8,100.01,1000.2,1000,3.5,112,7,-0.00354,0,0.0535165514929812
2017-05-13 08:00:00.000,1112.08945525567,581.810482167272,503.880589158968,1019.86779613943,20.8970914127424,25.9,26.2,25.8,80,82,80,22.2,22.8,22.2,100.03,1000.3,1000.1,3.4,116,7.4,-0.00354,0,0.0578544331473826
2017-05-13 09:00:00.000,1098.79159242866,584.666868160093,500.18241185521,1022.36744896542,20.6477839335182,26.2,26.2,25.8,77,80,77,21.9,22.2,21.8,100.08,1000.8,1000.3,4.6,126,8.8,0.01466,0,0.090434160507488
2017-05-13 10:00:00.000,1081.4022530603,584.829233024235,496.499188391413,1023,20.3984764542936,26.4,26.4,26.1,75,78,75,21.7,21.9,21.7,100.14,1001.4,1000.8,3.4,131,8.8,0.2555,0,0.139668271882559
2017-05-13 11:00:00.000,1064.99778008531,583.889948600517,492.827763302651,1023,20.1491689750692,27.4,27.5,26.4,70,75,69,21.4,21.7,21,100.24,1002.4,1001.4,3.6,129,8,0.8223,0,0.307894301119231
2017-05-13 12:00:00.000,1049.45342185167,582.901027346534,489.175142165202,1023,19.8998614958448,28.3,28.5,27.4,68,71,65,21.8,22,20.8,100.27,1002.7,1002.4,4.3,106,8.5,1.776,0,0.571823701822665
2017-05-13 13:00:00.000,1039.84479624417,580.009730378904,485.539058736248,1023,19.6505540166208,30.1,30.1,28.2,61,69,60,21.8,22.7,21,100.27,1002.9,1002.7,4.1,115,8.4,2.543,0,0.820715628191229
2017-05-13 14:00:00.000,1041.73014092073,578.423755287117,481.912008373973,1023,19.4012465373958,30.9,30.9,29.2,61,65,59,22.7,23.2,21.2,100.22,1002.7,1002.2,4.2,109,9.1,2.929,0,0.936086611860333
2017-05-13 15:00:00.000,1048.30095383462,577.895045161455,478.299412223575,1023,19.1519390581716,31.2,31.3,30.4,56,63,55,21.2,22.9,20.7,100.14,1002.2,1001.4,3.5,147,8.4,3.14,0,1.01775505319828
2017-05-13 16:00:00.000,1060.15226793357,573.427545191034,474.700989861725,1022.8931661243,18.9026315789474,31.6,31.6,30.7,54,58,51,21.1,21.8,19.9,100.03,1001.4,1000.3,4.5,113,8.8,2.949,0,0.982372022263335
2017-05-13 17:00:00.000,1074.78184077862,570.345371677305,471.125003117285,1022.75029764267,18.6533240997232,31,31.9,30.8,52,55,50,20,21.3,19.6,99.95,1000.3,999.5,4.4,120,8.7,2.663,0,0.903739971426611
2017-05-13 18:00:00.000,1091.61760076623,568.922702124386,467.57979859815,1022.60742916104,18.4040166204986,29.9,31.2,29.9,59,60,52,21,21.5,20,99.91,999.5,999.1,3.4,114,8.1,1.636,0,0.398442066601439
2017-05-13 19:00:00.000,1109.01277554832,567.588202777718,464.065499186304,1022.46456067942,18.154709141274,29,29.9,29,64,65,59,21.4,21.7,20.9,99.92,999.2,999,3.2,99,6.2,0.7901,0,0.223454959528023
2017-05-13 20:00:00.000,1126.74534959769,566.257913475126,460.582223819574,1022.32169219779,17.9054016620498,28.3,29,28.3,65,66,63,21,21.5,21,99.95,999.5,999.2,2,108,5.3,0.371,0,0.133642283842079
2017-05-13 21:00:00.000,1144.75632562749,564.92754753945,457.130087481136,1022.17882371617,17.6560941828257,26,28.3,26,75,75,65,21.2,21.2,20.9,99.98,999.8,999.5,1.1,119,3.5,0.03201,0,0.030413179383473
2017-05-13 22:00:00.000,1161.19059196135,564.869178887983,453.702923950487,1022.03595523454,17.406786703601,25.2,26.1,25.2,81,81,75,21.8,21.8,21,100.03,1000.3,999.8,2.3,69,3.6,-0.00354,0,0.0279352665040914
2017-05-13 23:00:00.000,1175.95605310781,565.962301242305,450.301515257344,1021.89308675292,17.1574792243769,25.1,26,25.1,78,82,76,21.1,22.1,21.1,100.1,1001,1000.3,1.6,88,3.8,-0.00354,0,0.0250892470446265
2017-05-14 00:00:00.000,1189.94695109597,567.107492799991,446.925930205293,1021.75021827129,16.9081717451522,25.5,25.7,24.8,75,81,75,20.9,21.4,20.9,100.17,1001.7,1001,2.1,104,4.1,-0.00354,0,0.0351460534927302
2017-05-14 01:00:00.000,1203.51721864848,568.25459389591,443.576232630241,1021.60734978967,16.6588642659281,25.5,26.1,25.4,76,76,73,20.9,21,20.6,100.2,1002,1001.7,2.1,96,5.1,-0.00354,0,0.0337170238576199
2017-05-14 02:00:00.000,1215.32459837968,569.809376111567,440.249520776535,1021.46448130804,16.4095567867034,25.6,25.8,25.2,78,78,76,21.6,21.6,20.8,100.2,1002.1,1002,2,122,4.4,-0.00354,0,0.0299194013129631
2017-05-14 03:00:00.000,1224.07292650103,568.438734759373,436.950131296922,1021.32161282641,16.1602493074793,25.4,25.8,25.2,80,81,78,21.7,21.9,21.6,100.18,1002,1001.8,1.4,128,3.9,-0.00354,0,0.0207143901433478
2017-05-14 04:00:00.000,1234.35565373744,569.105229546866,433.670116901133,1021.17874434479,15.9109418282551,25.8,25.8,25.1,83,84,80,22.6,22.7,21.7,100.08,1001.8,1000.8,3.5,106,6.6,-0.00354,0,0.0328756648077804
2017-05-14 05:00:00.000,1242.33137182915,571.525072163336,430.408484161006,1021.03587586316,15.6616343490305,26,26,25.8,82,83,82,22.7,22.7,22.6,100.02,1000.8,1000.2,2.9,113,6.6,-0.00341,0,0.0454752942683147
2017-05-14 06:00:00.000,1249.70501924085,574.012652395738,427.16532354068,1021.03941462844,15.4123268698058,26,26.2,25.9,82,83,82,22.8,22.9,22.7,100.02,1000.2,1000,2.8,106,5.5,-0.0035,0,0.0440790408022327
2017-05-14 07:00:00.000,1256.90110262616,576.503500075911,423.940722383954,1021.09204543793,15.1630193905817,25.7,26,25.7,83,83,82,22.5,22.8,22.5,100.04,1000.4,1000.1,2.9,106,5.4,-0.00354,0,0.0425750851620149
2017-05-14 08:00:00.000,1252.67996911637,578.287950606551,420.732768977328,1021.14467624742,14.9137119113575,25.6,25.7,25.6,83,83,82,22.5,22.6,22.4,100.08,1000.8,1000.4,3.6,109,6,-0.00354,0,0.0511052664253479
2017-05-14 09:00:00.000,1236.34569242618,579.327090494038,417.53957673935,1021.19730705691,14.6644044321333,25.7,25.7,25.5,81,83,81,22.2,22.5,22.2,100.11,1001.1,1000.8,3,114,5.8,0.01257,0,0.0532821618628928
2017-05-14 10:00:00.000,1215.67085415156,580.333447822897,414.359356682985,1021.24993786641,14.4150969529082,27.4,27.4,25.7,74,81,74,22.4,22.5,22.2,100.2,1002,1001.1,3.6,123,7.5,0.2671,0,0.151924672579829
2017-05-14 11:00:00.000,1199.85229037124,579.581987133454,411.199051238623,1021.3025686759,14.1657894736841,28.2,28.3,27.4,68,75,67,21.6,22.6,21.4,100.27,1002.7,1002,4.9,118,8.8,1.239,0,0.439561827557353
2017-05-14 12:00:00.000,1198.14494004106,576.992720263902,408.067494457772,1021.35519948539,13.9164819944599,29,29.1,28.2,65,69,63,21.7,21.9,21,100.31,1003.1,1002.7,5.2,116,9.2,2.092,0,0.674181732873016
2017-05-14 13:00:00.000,1201.90616180675,574.3300924791,404.964709185279,1021.40783029488,13.6671745152357,29.6,30.3,28.9,61,65,61,21.4,22.7,21.2,100.3,1003.1,1003,3,154,8.6,2.803,0,0.88424143892253
2017-05-14 14:00:00.000,1207.0084830111,571.664477318468,401.890714589561,1021.46046110437,13.4178670360111,31.1,31.1,28.9,61,65,60,22.7,23.2,20.8,100.26,1003.1,1002.6,3.4,117,7.2,2.733,0,0.886532308214583
2017-05-14 15:00:00.000,1212.32777390131,568.998774822228,398.845526145765,1021.51309191386,13.1685595567865,31.8,31.8,29.6,59,65,57,22.9,22.9,21.4,100.18,1002.7,1001.8,3.6,117,7.6,2.709,0,0.897356030263229
2017-05-14 16:00:00.000,1217.64846995329,566.33310451799,395.829155675929,1021.56572272335,12.9192520775623,32,32.5,30.9,54,59,53,21.7,22.9,21.3,100.09,1001.8,1000.9,3.4,114,7.5,3.276,0,1.07601472170712
2017-05-14 17:00:00.000,1222.94507639158,563.66746752779,392.841611389381,1021.61835353284,12.6699445983381,30.7,32.5,30.6,59,59,53,21.8,22.6,21.3,100.01,1000.9,1000.1,3.6,108,7,2.633,0,0.860521547839751
2017-05-14 18:00:00.000,1228.22142871735,561.001860082584,389.882897923521,1021.67098434233,12.4206371191135,31.9,32.5,30.7,57,60,55,22.2,22.8,21.2,99.97,1000.1,999.7,3.2,94,6.3,1.958,0,0.494489931634301
2017-05-14 19:00:00.000,1236.63174871274,559.033194913631,386.954633912673,1021.72361515183,12.1713296398893,30.6,31.9,30.4,60,60,56,22.1,22.8,21.4,99.97,999.7,999.5,3.2,105,6.2,1.328,0,0.347871507413412
2017-05-14 20:00:00.000,1253.55699594806,559.216883734123,384.061787652072,1021.77624596132,11.9220221606652,28.2,30.9,28.2,74,74,59,23.1,23.5,21.8,100,1000,999.7,3.6,70,6.1,0.3801,0,0.122854756999322
2017-05-14 21:00:00.000,1271.33080932976,559.50395533416,381.204412494941,1021.82887677081,11.6727146814401,26.9,28.2,26.9,76,76,74,22.2,23.1,22.2,100.05,1000.5,1000,3.4,90,6,0.04383,0,0.0558421040742922
2017-05-14 22:00:00.000,1289.46416526116,559.795278775938,378.382559574624,1021.8815075803,11.4234072022159,26.4,26.9,26.4,79,79,76,22.6,22.6,22.1,100.1,1001,1000.5,3.7,114,7.3,-0.00354,0,0.0429111648233648
2017-05-14 23:00:00.000,1306.37202971048,560.168228281421,375.597273145613,1021.93413838979,11.1740997229917,26.3,26.5,26.3,80,81,79,22.6,22.8,22.6,100.14,1001.4,1001,2.5,105,6.8,-0.00354,0,0.0322090331620808
2017-05-15 00:00:00.000,1322.52019297255,560.571902392467,372.848956418757,1021.98676919928,10.9247922437676,26,26.4,26,82,82,79,22.6,22.7,22.4,100.19,1001.9,1001.4,2.3,89,6.8,-0.00354,0,0.0271234189654688
2017-05-15 01:00:00.000,1337.85666138033,561.119336171516,370.136699941978,1022.03940000877,10.6754847645425,26.1,26.2,25.9,82,82,80,22.8,22.8,22.4,100.21,1002.2,1001.9,3.1,106,6,-0.00354,0,0.0328515597234231
2017-05-15 02:00:00.000,1350.45960414524,561.549152675104,367.459207098117,1022.09203081826,10.4261772853188,26.1,26.2,26.1,82,82,81,22.9,22.9,22.6,100.21,1002.3,1002.1,2.8,114,4.8,-0.00354,0,0.0308880275543522
2017-05-15 03:00:00.000,1360.40731358514,560.281129171049,364.821588630569,1022.14466162775,10.1768698060941,26.1,26.2,26,81,83,80,22.5,23,22.4,100.15,1002.1,1001.5,3.1,107,6.5,-0.00354,0,0.0347018265749506
2017-05-15 04:00:00.000,1373.05319973131,562.789346435825,362.211910968273,1022.19729243725,9.92756232687043,25.9,26.1,25.8,84,84,81,22.9,22.9,22.4,100.12,1001.5,1001.2,3.6,99,6.3,-0.00354,0,0.031511529756787
2017-05-15 05:00:00.000,1386.61464477222,565.283472413008,359.630859441801,1022.24992324674,9.6782548476458,26,26.1,25.9,82,84,82,22.7,22.9,22.7,100.09,1001.2,1000.9,3.4,105,7.1,-0.00354,0,0.0521233960026845
2017-05-15 06:00:00.000,1397.45368127231,565.862381214009,357.085011599468,1022.30255405623,9.42894736842118,26,26.2,25.9,83,83,82,22.9,23,22.7,100.06,1000.9,1000.5,3,109,6.9,-0.00354,0,0.044160976418691
2017-05-15 07:00:00.000,1401.43044460192,567.665860725639,354.577892835497,1022.35518486572,9.17963988919655,26,26.1,26,83,83,82,23,23,22.8,100.06,1000.6,1000.5,3.2,105,5.4,-0.00353,0,0.0466924921214398
2017-05-15 08:00:00.000,1403.68771822558,571.001022877912,352.098698693134,1022.40781567521,8.93033240997192,25.9,26,25.8,83,84,83,22.8,23,22.8,100.09,1000.9,1000.6,2.4,113,5.4,-0.00354,0,0.0361818039406007
2017-05-15 09:00:00.000,1391.79593981411,572.307950916752,349.656150839847,1022.4604464847,8.68102493074821,26,26.1,25.7,83,84,82,22.8,22.9,22.7,100.13,1001.3,1000.9,2.4,115,5.7,0.01479,0,0.0411660403069662
2017-05-15 10:00:00.000,1374.04281306291,573.813542588641,347.239138900726,1022.51307729419,8.43171745152358,27.3,27.5,26,75,83,75,22.5,22.9,22.5,100.17,1001.7,1001.3,2.9,121,7.1,0.2733,0,0.13914884944281
2017-05-15 11:00:00.000,1354.03383840119,573.883060369983,344.849888107521,1022.56570810368,8.18240997229896,28.6,28.6,26.9,72,77,71,23,23.1,22.4,100.21,1002.1,1001.7,4.5,106,7.8,1.194,0,0.412708986202718
2017-05-15 12:00:00.000,1336.5598882465,576.280373457561,342.492894734482,1022.61833891317,7.93310249307524,29.2,29.4,28.2,71,73,69,23.5,23.6,22.3,100.24,1002.5,1002.1,3.8,119,7.9,1.861,0,0.592297137396455
2017-05-15 13:00:00.000,1325.38091953586,574.474721633943,340.174510240227,1022.67096972266,7.68379501385061,29.5,30.2,28.7,69,72,66,23.3,23.8,22.6,100.25,1002.5,1002.4,3.9,103,7.8,2.099,0,0.665667667197357
2017-05-15 14:00:00.000,1321.40143135833,572.007288568266,337.890155437838,1022.72360053216,7.43448753462599,31.4,31.8,29.5,62,70,60,23.3,24.1,22.8,100.2,1002.5,1002,4.7,107,7.8,2.916,0,0.935873190833572
2017-05-15 15:00:00.000,1321.75307649527,569.345925204369,335.638202682086,1022.77623134165,7.18518005540136,31.5,32.2,30.8,60,63,59,22.8,23.8,22.1,100.12,1002,1001.2,3.9,101,8.5,3.258,0,1.04028028977436
2017-05-15 19:00:00.000,1378.20850147144,556.925159177355,326.903720266582,1022.98675457961,6.18795013850468,30.1,31.6,29.9,66,67,62,23.1,23.9,22.7,99.96,999.6,999.4,5.4,80,NaN,1.165,0,0.274278986363868
2017-05-15 20:00:00.000,1400.08053100814,556.062940231741,324.756652838788,1023.0393853891,5.93864265928005,28.4,30.1,28.4,72,72,65,22.8,23,22.5,99.99,999.9,999.6,4,91,9.3,0.3527,0,0.123877593266246
2017-05-15 21:00:00.000,1421.56793283178,556.651143854809,322.609532990456,NaN,NaN,27.2,28.4,27.2,72,73,71,21.7,22.7,21.7,100.03,1000.3,999.9,3.5,96,7.5,0.03201,0,0.0633189392819168
2017-05-15 22:00:00.000,1443.19598123356,557.322067031534,320.462734190302,NaN,NaN,26.5,27.2,26.5,77,77,72,22.2,22.3,21.5,100.08,1000.9,1000.3,3,111,6.6,-0.00354,0,0.0418663008211556
