2017,01,23,21,47,56,29.25,4.19,0,-1,-1,-1,-1,-1,-1,-1,-1,-1,-1,-1,-1,-1,-1,-1,-1,-1,-1,-1,-1,-1,-1,-1,0,-1,-1,-1,-1,-1,-1,-1,-1,-1,-1,-1,-1,-1,-1,-1,-1,-1,-1,-1,-1,-1,-1,-1,0,-1,-1,-1,-1,-1,-1,-1,-1,-1,-1,-1,-1,-1,-1,-1,-1,-1,-1,-1,-1,-1,-1,-1,
2017,01,23,21,48,17,29.75,4.19,0,-1,-1,-1,-1,-1,-1,-1,-1,-1,-1,-1,-1,-1,-1,-1,-1,-1,-1,-1,-1,-1,-1,-1,0,-1,-1,-1,-1,-1,-1,-1,-1,-1,-1,-1,-1,-1,-1,-1,-1,-1,-1,-1,-1,-1,-1,-1,0,-1,-1,-1,-1,-1,-1,-1,-1,-1,-1,-1,-1,-1,-1,-1,-1,-1,-1,-1,-1,-1,-1,-1,
2017,01,23,21,48,49,29.75,4.96,0,-1,-1,-1,-1,-1,-1,-1,-1,-1,-1,-1,-1,-1,-1,-1,-1,-1,-1,-1,-1,-1,-1,-1,0,-1,-1,-1,-1,-1,-1,-1,-1,-1,-1,-1,-1,-1,-1,-1,-1,-1,-1,-1,-1,-1,-1,-1,0,-1,-1,-1,-1,-1,-1,-1,-1,-1,-1,-1,-1,-1,-1,-1,-1,-1,-1,-1,-1,-1,-1,-1,
2017,01,23,22,00,00,30.25,5.02,0,-1,-1,-1,-1,-1,-1,-1,-1,-1,-1,-1,-1,-1,-1,-1,-1,-1,-1,-1,-1,-1,-1,-1,0,-1,-1,-1,-1,-1,-1,-1,-1,-1,-1,-1,-1,-1,-1,-1,-1,-1,-1,-1,-1,-1,-1,-1,0,-1,-1,-1,-1,-1,-1,-1,-1,-1,-1,-1,-1,-1,-1,-1,-1,-1,-1,-1,-1,-1,-1,-1,
2017,01,23,22,39,57,30.00,4.17,-5,338,331,331,344,344,337,337,337,331,337,337,337,324,331,343,343,343,343,343,343,343,350,350,0,-1,-1,-1,-1,-1,-1,-1,-1,-1,-1,-1,-1,-1,-1,-1,-1,-1,-1,-1,-1,-1,-1,-1,0,-1,-1,-1,-1,-1,-1,-1,-1,-1,-1,-1,-1,-1,-1,-1,-1,-1,-1,-1,-1,-1,-1,-1,
2017,01,23,22,40,07,30.00,4.17,-4,337,337,331,337,337,331,331,337,337,337,343,337,324,331,337,337,343,343,343,343,343,343,343,0,-1,-1,-1,-1,-1,-1,-1,-1,-1,-1,-1,-1,-1,-1,-1,-1,-1,-1,-1,-1,-1,-1,-1,0,-1,-1,-1,-1,-1,-1,-1,-1,-1,-1,-1,-1,-1,-1,-1,-1,-1,-1,-1,-1,-1,-1,-1,
2017,01,23,22,40,51,30.25,4.17,0,-1,-1,-1,-1,-1,-1,-1,-1,-1,-1,-1,-1,-1,-1,-1,-1,-1,-1,-1,-1,-1,-1,-1,-5,333,324,330,330,330,330,330,330,336,336,336,336,317,330,330,336,342,342,342,336,342,342,342,0,-1,-1,-1,-1,-1,-1,-1,-1,-1,-1,-1,-1,-1,-1,-1,-1,-1,-1,-1,-1,-1,-1,-1,
2017,01,23,22,41,53,30.25,4.11,0,-1,-1,-1,-1,-1,-1,-1,-1,-1,-1,-1,-1,-1,-1,-1,-1,-1,-1,-1,-1,-1,-1,-1,0,-1,-1,-1,-1,-1,-1,-1,-1,-1,-1,-1,-1,-1,-1,-1,-1,-1,-1,-1,-1,-1,-1,-1,0,334,325,326,332,332,338,338,338,338,338,338,338,313,325,338,338,338,338,338,338,338,338,338,
2009,85,165,37,165,,-3.31,4.93,0,-1,-1,-1,-1,-1,-1,-1,-1,-1,-1,-1,-1,-1,-1,-1,-1,-1,-1,-1,-1,-1,-1,-1,0,-1,-1,-1,-1,-1,-1,-1,-1,-1,-1,-1,-1,-1,-1,-1,-1,-1,-1,-1,-1,-1,-1,-1,0,-1,-1,-1,-1,-1,-1,-1,-1,-1,-1,-1,-1,-1,-1,-1,-1,-1,-1,-1,-1,-1,-1,-1,
2009,85,165,37,165,,-3.31,5.02,0,-1,-1,-1,-1,-1,-1,-1,-1,-1,-1,-1,-1,-1,-1,-1,-1,-1,-1,-1,-1,-1,-1,-1,0,-1,-1,-1,-1,-1,-1,-1,-1,-1,-1,-1,-1,-1,-1,-1,-1,-1,-1,-1,-1,-1,-1,-1,0,-1,-1,-1,-1,-1,-1,-1,-1,-1,-1,-1,-1,-1,-1,-1,-1,-1,-1,-1,-1,-1,-1,-1,
2017,01,23,22,57,43,30.00,4.93,0,-1,-1,-1,-1,-1,-1,-1,-1,-1,-1,-1,-1,-1,-1,-1,-1,-1,-1,-1,-1,-1,-1,-1,0,-1,-1,-1,-1,-1,-1,-1,-1,-1,-1,-1,-1,-1,-1,-1,-1,-1,-1,-1,-1,-1,-1,-1,0,-1,-1,-1,-1,-1,-1,-1,-1,-1,-1,-1,-1,-1,-1,-1,-1,-1,-1,-1,-1,-1,-1,-1,
2017,01,23,23,00,00,30.75,4.98,0,-1,-1,-1,-1,-1,-1,-1,-1,-1,-1,-1,-1,-1,-1,-1,-1,-1,-1,-1,-1,-1,-1,-1,0,-1,-1,-1,-1,-1,-1,-1,-1,-1,-1,-1,-1,-1,-1,-1,-1,-1,-1,-1,-1,-1,-1,-1,0,-1,-1,-1,-1,-1,-1,-1,-1,-1,-1,-1,-1,-1,-1,-1,-1,-1,-1,-1,-1,-1,-1,-1,
2017,01,24,00,00,00,30.75,4.91,0,-1,-1,-1,-1,-1,-1,-1,-1,-1,-1,-1,-1,-1,-1,-1,-1,-1,-1,-1,-1,-1,-1,-1,0,-1,-1,-1,-1,-1,-1,-1,-1,-1,-1,-1,-1,-1,-1,-1,-1,-1,-1,-1,-1,-1,-1,-1,0,-1,-1,-1,-1,-1,-1,-1,-1,-1,-1,-1,-1,-1,-1,-1,-1,-1,-1,-1,-1,-1,-1,-1,
2017,01,24,01,00,00,30.50,4.87,0,-1,-1,-1,-1,-1,-1,-1,-1,-1,-1,-1,-1,-1,-1,-1,-1,-1,-1,-1,-1,-1,-1,-1,0,-1,-1,-1,-1,-1,-1,-1,-1,-1,-1,-1,-1,-1,-1,-1,-1,-1,-1,-1,-1,-1,-1,-1,0,-1,-1,-1,-1,-1,-1,-1,-1,-1,-1,-1,-1,-1,-1,-1,-1,-1,-1,-1,-1,-1,-1,-1,
2017,01,24,02,00,00,30.50,4.85,0,-1,-1,-1,-1,-1,-1,-1,-1,-1,-1,-1,-1,-1,-1,-1,-1,-1,-1,-1,-1,-1,-1,-1,0,-1,-1,-1,-1,-1,-1,-1,-1,-1,-1,-1,-1,-1,-1,-1,-1,-1,-1,-1,-1,-1,-1,-1,0,-1,-1,-1,-1,-1,-1,-1,-1,-1,-1,-1,-1,-1,-1,-1,-1,-1,-1,-1,-1,-1,-1,-1,
2017,01,24,03,00,00,30.25,4.83,0,-1,-1,-1,-1,-1,-1,-1,-1,-1,-1,-1,-1,-1,-1,-1,-1,-1,-1,-1,-1,-1,-1,-1,0,-1,-1,-1,-1,-1,-1,-1,-1,-1,-1,-1,-1,-1,-1,-1,-1,-1,-1,-1,-1,-1,-1,-1,0,-1,-1,-1,-1,-1,-1,-1,-1,-1,-1,-1,-1,-1,-1,-1,-1,-1,-1,-1,-1,-1,-1,-1,
2017,01,24,04,00,00,30.25,4.80,0,-1,-1,-1,-1,-1,-1,-1,-1,-1,-1,-1,-1,-1,-1,-1,-1,-1,-1,-1,-1,-1,-1,-1,0,-1,-1,-1,-1,-1,-1,-1,-1,-1,-1,-1,-1,-1,-1,-1,-1,-1,-1,-1,-1,-1,-1,-1,0,-1,-1,-1,-1,-1,-1,-1,-1,-1,-1,-1,-1,-1,-1,-1,-1,-1,-1,-1,-1,-1,-1,-1,
2017,01,24,05,00,00,30.00,4.78,0,-1,-1,-1,-1,-1,-1,-1,-1,-1,-1,-1,-1,-1,-1,-1,-1,-1,-1,-1,-1,-1,-1,-1,0,-1,-1,-1,-1,-1,-1,-1,-1,-1,-1,-1,-1,-1,-1,-1,-1,-1,-1,-1,-1,-1,-1,-1,0,-1,-1,-1,-1,-1,-1,-1,-1,-1,-1,-1,-1,-1,-1,-1,-1,-1,-1,-1,-1,-1,-1,-1,
2017,01,24,06,00,00,30.00,4.76,0,-1,-1,-1,-1,-1,-1,-1,-1,-1,-1,-1,-1,-1,-1,-1,-1,-1,-1,-1,-1,-1,-1,-1,0,-1,-1,-1,-1,-1,-1,-1,-1,-1,-1,-1,-1,-1,-1,-1,-1,-1,-1,-1,-1,-1,-1,-1,0,-1,-1,-1,-1,-1,-1,-1,-1,-1,-1,-1,-1,-1,-1,-1,-1,-1,-1,-1,-1,-1,-1,-1,
2017,01,24,07,00,00,30.00,4.74,0,-1,-1,-1,-1,-1,-1,-1,-1,-1,-1,-1,-1,-1,-1,-1,-1,-1,-1,-1,-1,-1,-1,-1,0,-1,-1,-1,-1,-1,-1,-1,-1,-1,-1,-1,-1,-1,-1,-1,-1,-1,-1,-1,-1,-1,-1,-1,0,-1,-1,-1,-1,-1,-1,-1,-1,-1,-1,-1,-1,-1,-1,-1,-1,-1,-1,-1,-1,-1,-1,-1,
2017,01,24,08,00,00,30.25,4.74,0,-1,-1,-1,-1,-1,-1,-1,-1,-1,-1,-1,-1,-1,-1,-1,-1,-1,-1,-1,-1,-1,-1,-1,0,-1,-1,-1,-1,-1,-1,-1,-1,-1,-1,-1,-1,-1,-1,-1,-1,-1,-1,-1,-1,-1,-1,-1,0,-1,-1,-1,-1,-1,-1,-1,-1,-1,-1,-1,-1,-1,-1,-1,-1,-1,-1,-1,-1,-1,-1,-1,
2017,01,24,09,00,00,30.25,4.72,0,-1,-1,-1,-1,-1,-1,-1,-1,-1,-1,-1,-1,-1,-1,-1,-1,-1,-1,-1,-1,-1,-1,-1,0,-1,-1,-1,-1,-1,-1,-1,-1,-1,-1,-1,-1,-1,-1,-1,-1,-1,-1,-1,-1,-1,-1,-1,0,-1,-1,-1,-1,-1,-1,-1,-1,-1,-1,-1,-1,-1,-1,-1,-1,-1,-1,-1,-1,-1,-1,-1,
2017,01,24,10,00,00,30.75,4.72,0,-1,-1,-1,-1,-1,-1,-1,-1,-1,-1,-1,-1,-1,-1,-1,-1,-1,-1,-1,-1,-1,-1,-1,0,-1,-1,-1,-1,-1,-1,-1,-1,-1,-1,-1,-1,-1,-1,-1,-1,-1,-1,-1,-1,-1,-1,-1,0,-1,-1,-1,-1,-1,-1,-1,-1,-1,-1,-1,-1,-1,-1,-1,-1,-1,-1,-1,-1,-1,-1,-1,
2017,01,24,11,00,00,31.50,4.70,0,-1,-1,-1,-1,-1,-1,-1,-1,-1,-1,-1,-1,-1,-1,-1,-1,-1,-1,-1,-1,-1,-1,-1,0,-1,-1,-1,-1,-1,-1,-1,-1,-1,-1,-1,-1,-1,-1,-1,-1,-1,-1,-1,-1,-1,-1,-1,0,-1,-1,-1,-1,-1,-1,-1,-1,-1,-1,-1,-1,-1,-1,-1,-1,-1,-1,-1,-1,-1,-1,-1,
2017,01,24,12,00,00,32.00,4.70,0,-1,-1,-1,-1,-1,-1,-1,-1,-1,-1,-1,-1,-1,-1,-1,-1,-1,-1,-1,-1,-1,-1,-1,0,-1,-1,-1,-1,-1,-1,-1,-1,-1,-1,-1,-1,-1,-1,-1,-1,-1,-1,-1,-1,-1,-1,-1,0,-1,-1,-1,-1,-1,-1,-1,-1,-1,-1,-1,-1,-1,-1,-1,-1,-1,-1,-1,-1,-1,-1,-1,
2017,01,31,09,22,00,25.50,6.11,0,-1,-1,-1,-1,-1,-1,-1,-1,-1,-1,-1,-1,-1,-1,-1,-1,-1,-1,-1,-1,-1,-1,-1,0,-1,-1,-1,-1,-1,-1,-1,-1,-1,-1,-1,-1,-1,-1,-1,-1,-1,-1,-1,-1,-1,-1,-1,0,-1,-1,-1,-1,-1,-1,-1,-1,-1,-1,-1,-1,-1,-1,-1,-1,-1,-1,-1,-1,-1,-1,-1,
2017,01,31,10,00,00,40.00,5.97,113919,478549,604285,528162,528162,528750,528750,528750,528750,528750,528750,528750,528750,421590,421590,421590,421590,421590,421590,421590159,3452,3511,3520,3520,3520,3538,3554,3538,3538,3538,3538,3538,3329,3359,3375,3375,3375,3375,3375,3390,3375,3390,3390,-240,8234,8122,8122,8122,8122,8122,8122,8122,8083,8122,8122,8083,8318,8358,8358,8358,8358,8358,8358,8358,8358,8358,8358,
2017,01,31,11,00,00,38.75,5.94,113474,477857,603614,527575,527575,527575,527575,527575,527575,527575,527575,528162,528162,421120,421120,421120,421120,421120,421120,421120,421120,,147,2855,2909,2932,2932,2932,2932,2932,2932,2932,2932,2932,2932,2752,2765,2778,2778,2791,2791,2791,2791,2791,2791,2791,-280,8303,8142,8196,8157,8157,8171,8185,8185,8171,8171,8132,8132,8384,8425,8425,8465,8465,8465,8465,8425,8465,8465,8425,
2017,01,31,12,00,00,45.75,5.94,106508,474374,527575,527575,528162,527575,527575,527575,527575,527575,527575,527575,527575,421120,421120,421120,421120,421120,421120,421120,421120,,125,2437,2474,2506,2486,2494,2506,2506,2506,2506,2506,2506,2506,2334,2357,2369,2369,2381,2381,2381,2381,2393,2393,2393,-272,8374,8235,8275,8235,8235,8235,8235,8235,8235,8235,8235,8235,8436,8518,8518,8518,8518,8518,8518,8518,8518,8518,8518,
2017,01,31,13,00,00,46.25,5.97,106732,474956,528162,528162,528162,528750,528750,528750,528162,528162,528162,528162,528162,421590,421590,421590,421590,421590,421590,421590,421590,,109,2149,2177,2200,2196,2207,2207,2207,2207,2207,2207,2219,2219,2063,2082,2085,2096,2104,2096,2096,2104,2107,2115,2107,-248,8427,8329,8329,8329,8329,8289,8289,8289,8289,8289,8289,8289,8492,8574,8533,8574,8574,8574,8574,8574,8533,8533,8533,
2017,01,31,14,00,00,44.50,5.88,108119,475478,603614,527575,468433,528162,528162,528162,528162,528162,528162,528162,528162,421120,421590,421120,421120,421590,421590,421590,421590,,107,1913,1931,1952,1960,1970,1970,1970,1970,1981,1981,1981,1981,1833,1843,1853,1863,1863,1863,1863,1863,1874,1874,1874,-317,8526,8410,8395,8395,8355,8355,8355,8355,8355,8355,8355,8370,8616,8643,8700,8700,8700,8686,8700,8700,8700,8700,8700,
2017,01,31,15,00,00,40.75,5.76,113063,476711,602271,525812,526400,526400,526400,526400,526400,526400,526400,526400,526400,420180,420180,420180,420180,420180,420180,420180,420180,,83,1745,1755,1779,1789,1769,1784,1794,1794,1794,1804,1794,1804,1673,1692,1702,1702,1712,1712,1712,1712,1712,1712,1712,-265,8576,8448,8448,8448,8448,8448,8448,8448,8448,8448,8448,8407,8656,8698,8741,8698,8698,8698,8741,8698,8741,8698,8741,
2017,01,31,16,00,00,31.25,5.76,107294,470750,598242,522875,464255,522875,522875,522875,522875,522875,522875,522875,522875,417360,416890,416890,417360,417360,417360,417360,416890,,80,1653,1664,1674,1691,1691,1691,1691,1701,1701,1701,1711,1711,1583,1602,1602,1611,1611,1630,1621,1621,1621,1621,1621,-297,8571,8383,8439,8454,8371,8430,8430,8430,8430,8430,8430,8430,8681,8724,8724,8724,8724,8724,8724,8724,8724,8724,8724,
2017,01,31,17,00,00,29.00,5.73,112455,473330,597571,522287,522875,522287,522875,522875,522875,522875,522875,522875,522875,416890,416890,416890,417360,416890,417360,417360,416890,,78,1602,1616,1635,1633,1642,1642,1642,1642,1652,1652,1652,1652,1536,1554,1564,1564,1564,1557,1573,1573,1566,1573,1573,-267,8560,8442,8442,8442,8442,8442,8442,8442,8401,8401,8401,8401,8651,8694,8694,8694,8694,8737,8694,8694,8694,8694,8694,
2017,01,31,18,00,00,26.75,5.70,93933,475662,596228,521112,462688,521112,521112,521112,521112,521112,521112,521112,521112,415950,462688,415950,462688,462688,415950,415950,415950,,89,1572,1585,1595,1604,1611,1621,1621,1621,1631,1631,1631,1640,1496,1515,1524,1524,1533,1533,1533,1533,1533,1543,1543,-325,8556,8439,8439,8398,8398,8398,8398,8398,8398,8357,8357,8357,8649,8691,8735,8735,8735,8735,8735,8735,8735,8735,8691,
2017,01,31,19,00,00,26.00,5.64,65794,495585,596900,521112,521700,521700,521700,521700,521700,521700,521700,521700,521700,462688,462688,462688,462688,462688,462688,462688,462688,,89,1557,1573,1592,1592,1602,1602,1611,1602,1611,1611,1611,1621,1478,1496,1505,1515,1515,1515,1524,1524,1524,1524,1524,-326,8527,8398,8398,8357,8357,8357,8357,8357,8357,8357,8357,8357,8664,8691,8691,8691,8691,8707,8691,8691,8691,8691,8691,
2017,01,31,20,00,00,26.00,5.64,86706,484473,595557,520525,521112,521112,521112,521112,521112,521112,521112,521112,521112,415480,462166,462166,462166,462166,462166,415480,462688,,83,1545,1559,1566,1583,1573,1590,1599,1599,1599,1599,1599,1599,1476,1494,1494,1503,1503,1512,1512,1512,1512,1522,1512,-303,8506,8386,8386,8371,8371,8331,8371,8331,8331,8371,8331,8331,8594,8636,8707,8664,8679,8679,8679,8679,8664,8636,8621,
2017,01,31,21,00,00,26.00,5.53,65502,493351,594214,518762,519350,519350,519350,519350,519350,519350,519350,519350,519350,460600,460600,460600,460600,460600,460600,460600,460600,,85,1543,1554,1571,1580,1561,1592,1592,1592,1602,1602,1602,1602,1469,1487,1496,1496,1505,1505,1505,1505,1515,1515,1515,-294,8513,8331,8371,8357,8371,8371,8371,8371,8371,8371,8371,8371,8621,8664,8664,8664,8664,8664,8664,8664,8664,8664,8664,
2017,01,31,22,00,00,25.75,5.47,112817,517387,594214,519350,594214,594214,519350,594214,519350,594214,594214,594214,594214,460600,461122,461122,461122,461122,461122,461122,461122,,89,1540,1564,1583,1573,1583,1583,1583,1592,1592,1592,1592,1602,1466,1477,1487,1496,1505,1505,1505,1505,1505,1505,1505,-308,8491,8324,8339,8339,8298,8342,8342,8342,8342,8342,8342,8357,8606,8649,8649,8649,8649,8649,8649,8649,8649,8649,8649,
2017,01,31,23,00,00,26.00,5.55,126571,523885,593542,518762,593542,594214,593542,594214,594214,594214,594214,594214,594214,460600,460600,460600,460600,460600,460600,460600,460600,,86,1537,1547,1566,1566,1583,1583,1583,1592,1592,1592,1592,1592,1459,1477,1487,1496,1496,1496,1505,1505,1505,1505,1505,-306,8478,8353,8339,8339,8339,8339,8339,8339,8298,8298,8298,8298,8589,8631,8631,8631,8631,8631,8631,8674,8631,8631,8631,
2017,02,01,00,00,00,25.50,5.47,125710,524499,593542,518762,593542,594214,594214,594214,594214,594214,594214,594885,594885,461644,461644,461644,461644,461644,461644,461644,461644,,91,1536,1561,1573,1564,1580,1583,1592,1576,1590,1583,1600,1600,1459,1477,1487,1487,1496,1496,1496,1496,1496,1512,1507,-299,8477,8339,8365,8324,8339,8339,8339,8339,8339,8298,8298,8298,8589,8631,8631,8631,8631,8631,8631,8631,8631,8631,8631,
2017,02,01,01,00,00,25.00,5.53,123388,528109,693250,518762,518762,594214,594214,594214,594885,594885,594885,594885,594885,461122,461122,461122,461122,461122,461122,461122,461122,,85,1538,1545,1571,1573,1564,1585,1585,1595,1595,1595,1595,1595,1462,1480,1482,1491,1503,1501,1503,1503,1517,1512,1505,-313,8462,8298,8353,8298,8298,8298,8339,8298,8298,8298,8298,8298,8546,8589,8631,8631,8631,8631,8631,8631,8631,8631,8631,
2017,02,01,02,00,00,24.25,5.58,127038,525163,595557,519937,595557,595557,595557,595557,595557,595557,595557,595557,595557,461644,461644,461644,461644,461644,461644,461644,461644,,95,1536,1559,1569,1578,1578,1585,1585,1595,1595,1595,1595,1595,1453,1480,1480,1489,1489,1498,1498,1498,1498,1498,1508,-315,8446,8316,8316,8301,8301,8301,8301,8261,8261,8276,8276,8276,8564,8606,8606,8606,8591,8649,8606,8606,8606,8606,8606,
2017,02,01,03,00,00,24.00,5.55,126610,524949,594885,519937,594885,595557,595557,594885,594885,594885,595557,594885,594885,461644,461644,461644,461644,461644,461644,461644,461644,,97,1547,1561,1597,1580,1597,1597,1597,1607,1607,1607,1607,1607,1464,1482,1491,1501,1501,1510,1510,1510,1510,1510,1510,-320,8423,8246,8287,8287,8246,8261,8261,8261,8261,8261,8261,8261,8507,8549,8591,8591,8591,8634,8591,8591,8591,8591,8591,
2017,02,01,04,00,00,24.25,5.55,133241,528264,594885,594885,594885,594885,594885,594885,594885,594885,594885,594885,594885,461644,461644,461644,461644,461644,461644,461644,461644,,96,1553,1561,1597,1590,1597,1607,1607,1607,1607,1616,1616,1616,1473,1491,1501,1503,1503,1510,1512,1519,1519,1512,1519,-308,8422,8287,8287,8287,8287,8287,8287,8246,8246,8246,8246,8246,8534,8619,8576,8576,8576,8576,8576,8576,8576,8576,8576,
2017,02,01,05,00,00,23.75,5.53,142725,532484,594885,594214,594885,694816,594214,594885,594885,594885,594885,594885,594885,461122,461122,461122,461122,461122,461122,461122,461122,,89,1560,1580,1600,1600,1600,1609,1609,1609,1609,1619,1609,1619,1484,1503,1512,1512,1522,1522,1522,1522,1522,1531,1531,-300,8407,8272,8272,8272,8272,8272,8272,8272,8232,8232,8232,8232,8519,8561,8561,8561,8561,8561,8561,8561,8561,8561,8561,
2017,02,01,06,00,00,24.00,5.53,112096,470588,594214,519350,519937,519937,519937,519937,519937,519937,519937,519937,519937,414540,414540,414540,414540,414540,414540,414540,414540,,93,1568,1583,1602,1609,1609,1619,1619,1619,1628,1628,1628,1628,1484,1503,1522,1522,1531,1531,1531,1531,1531,1531,1531,-308,8418,8272,8272,8272,8272,8272,8272,8272,8272,8272,8232,8232,8519,8561,8561,8561,8604,8604,8604,8561,8604,8561,8561,
2017,02,01,07,00,00,28.50,5.50,133851,528569,595557,594885,595557,595557,595557,595557,595557,595557,595557,595557,595557,461644,461644,461644,461644,461644,461644,461644,461644,,102,1570,1597,1607,1616,1607,1623,1623,1633,1633,1633,1633,1633,1489,1508,1517,1517,1526,1526,1526,1526,1526,1526,1526,-347,8412,8261,8261,8261,8221,8221,8221,8261,8221,8261,8221,8221,8507,8591,8591,8591,8591,8591,8591,8606,8606,8591,8591,
2017,02,01,08,00,00,38.50,5.50,76933,496905,596900,521700,521700,521700,521700,521700,521700,521700,521700,521700,596900,415950,462688,462688,462688,462688,462688,462688,462688,,96,1568,1578,1604,1604,1604,1618,1618,1618,1628,1631,1638,1645,1487,1505,1515,1524,1524,1526,1526,1526,1526,1526,1536,-313,8445,8316,8316,8301,8316,8276,8276,8276,8276,8276,8276,8276,8564,8606,8606,8606,8606,8606,8606,8606,8606,8606,8606,
2017,02,01,09,00,00,40.75,5.36,92720,510093,597571,521700,597571,597571,522287,597571,522287,597571,522287,522287,522287,463733,463733,463733,463733,463733,463733,463733,463733,,88,1553,1571,1590,1590,1590,1599,1599,1599,1609,1609,1609,1609,1476,1494,1503,1512,1512,1512,1512,1522,1522,1522,1522,-327,8441,8235,8305,8305,8265,8279,8279,8279,8279,8279,8279,8279,8567,8609,8609,8609,8609,8609,8609,8609,8609,8609,8609,
2017,02,01,10,00,00,44.75,5.50,129548,527985,696383,521700,521700,597571,597571,597571,597571,597571,597571,597571,597571,463211,463211,463211,463211,463211,463211,463211,463211,,94,1546,1564,1592,1583,1592,1592,1592,1602,1602,1602,1602,1602,1469,1487,1496,1505,1505,1505,1505,1505,1505,1505,1505,-324,8498,8371,8371,8316,8331,8331,8331,8331,8331,8331,8331,8331,8621,8664,8664,8664,8664,8664,8664,8664,8664,8664,8664,
2017,02,01,11,00,00,42.00,5.50,108953,517164,597571,522287,597571,598242,597571,522287,597571,464255,598242,596228,596228,462688,462688,462688,462688,462688,462688,462688,462688,,95,1557,1576,1595,1595,1595,1604,1611,1611,1611,1621,1621,1621,1487,1498,1508,1508,1517,1517,1517,1517,1517,1517,1517,-364,8545,8398,8398,8342,8357,8357,8357,8357,8357,8357,8357,8357,8691,8691,8735,8735,8735,8735,8735,8735,8735,8735,8735,
2017,02,01,12,00,00,40.50,5.55,134448,530957,598242,597571,598242,598242,598242,598242,598242,598242,598242,598242,598242,463733,463733,463733,463733,463733,463733,463733,463733,,86,1577,1597,1606,1616,1606,1623,1623,1623,1633,1633,1633,1633,1508,1517,1526,1536,1536,1536,1545,1545,1545,1545,1545,-322,8587,8457,8457,8415,8415,8457,8415,8415,8415,8415,8415,8415,8709,8752,8752,8752,8752,8752,8752,8752,8752,8752,8752,
2017,02,01,13,00,00,37.75,5.53,144388,534502,697950,597571,597571,597571,597571,597571,597571,597571,597571,597571,597571,463211,462688,462688,462688,462166,462166,462166,462166,,73,1593,1602,1618,1628,1618,1635,1635,1635,1635,1635,1645,1645,1529,1547,1547,1557,1557,1566,1557,1566,1566,1566,1576,-313,8599,8454,8439,8398,8495,8424,8424,8465,8465,8424,8424,8465,8719,8763,8763,8763,8763,8763,8763,8763,8763,8748,8748,
2017,02,01,14,00,00,37.75,5.53,141844,544767,697166,596900,597571,697950,597571,597571,597571,597571,597571,597571,597571,463211,463211,521700,521700,463211,463211,463211,463211,,78,1626,1647,1660,1657,1667,1667,1667,1667,1667,1667,1677,1677,1559,1578,1578,1587,1587,1587,1597,1597,1597,1597,1597,-330,8605,8454,8454,8495,8454,8427,8427,8427,8427,8427,8427,8427,8780,8765,8765,8765,8765,8765,8780,8765,8765,8780,8780,
2017,02,01,15,00,00,38.50,5.47,99706,565968,697950,597571,597571,697950,597571,597571,597571,597571,597571,597571,597571,521700,463211,521112,521112,521112,521700,521112,521700,,83,1657,1686,1692,1682,1692,1692,1701,1701,1701,1721,1711,1711,1583,1602,1611,1621,1614,1631,1623,1623,1623,1631,1623,-323,8666,8507,8549,8507,8507,8507,8507,8492,8492,8507,8492,8492,8748,8835,8850,8835,8835,8835,8835,8835,8835,8835,8835,
2017,02,01,16,00,00,34.25,5.44,102316,571683,695600,695600,595557,695600,595557,595557,595557,595557,595557,595557,595557,520525,520525,520525,520525,520525,520525,520525,520525,,82,1685,1704,1714,1717,1724,1724,1734,1734,1734,1734,1734,1734,1614,1633,1643,1643,1643,1652,1652,1652,1652,1652,1652,-330,8667,8549,8534,8492,8492,8492,8492,8492,8492,8507,8492,8492,8806,8806,8835,8835,8850,8850,8835,8850,8850,8806,8835,
2017,02,01,17,00,00,34.25,5.42,130046,584960,694816,694816,595557,695600,595557,595557,595557,695600,695600,595557,695600,519937,519937,519937,519937,519937,519937,519937,519937,,76,1723,1744,1757,1746,1754,1764,1764,1764,1764,1774,1774,1774,1662,1672,1682,1682,1692,1692,1692,1692,1692,1692,1692,-319,8647,8492,8492,8492,8492,8492,8492,8492,8492,8492,8492,8451,8748,8791,8835,8835,8835,8835,8835,8791,8791,8791,8791,
2017,02,01,18,00,00,28.25,5.39,178184,607854,832840,693250,593542,694033,693250,693250,693250,693250,693250,693250,693250,518762,518762,518762,518762,518762,518762,518762,518762,,87,1771,1782,1800,1810,1800,1825,1817,1825,1825,1825,1835,1828,1694,1714,1724,1724,1734,1734,1734,1734,1734,1744,1744,-341,8656,8492,8492,8477,8492,8477,8477,8477,8492,8492,8492,8492,8748,8879,8835,8835,8835,8835,8835,8835,8835,8835,8791,
2017,02,01,19,00,00,26.75,5.39,187608,611979,831900,692466,693250,693250,693250,693250,693250,693250,693250,693250,693250,518175,518175,518175,518175,518175,518175,518175,518175,,83,1823,1833,1844,1854,1854,1869,1869,1880,1880,1880,1880,1880,1744,1764,1774,1784,1784,1784,1794,1794,1794,1794,1794,-339,8646,8477,8477,8477,8477,8477,8477,8477,8477,8477,8477,8477,8776,8820,8820,8820,8820,8820,8820,8820,8820,8820,8820,
2017,02,01,20,00,00,26.50,5.36,174718,605534,692466,692466,693250,693250,692466,693250,693250,693250,692466,692466,693250,518175,518175,518175,518175,518175,518175,518175,518175,,82,1861,1878,1896,1896,1896,1907,1907,1907,1907,1907,1907,1917,1790,1810,1810,1820,1820,1820,1831,1831,1831,1831,1831,-345,8614,8448,8448,8448,8448,8462,8462,8462,8421,8421,8421,8421,8732,8804,8804,8804,8804,8804,8804,8761,8804,8776,8761,
2017,02,01,21,00,00,26.25,5.36,177912,607131,831900,692466,592871,692466,692466,692466,692466,692466,692466,692466,692466,518175,518175,518175,518175,518175,518175,518175,518175,,88,1908,1920,1949,1941,1949,1949,1960,1960,1960,1960,1960,1970,1831,1851,1862,1862,1872,1872,1872,1872,1872,1872,1872,-332,8655,8489,8489,8489,8489,8489,8489,8489,8489,8489,8489,8489,8745,8789,8833,8833,8833,8833,8833,8833,8833,8833,8833,
2017,02,01,22,00,00,25.75,5.34,187327,611250,830960,691683,691683,692466,692466,692466,692466,692466,692466,692466,692466,517587,517587,517587,517587,517587,517587,517587,517587,,90,1934,1963,1984,1974,1974,1984,1974,1984,1984,1984,1984,1984,1865,1875,1885,1885,1896,1896,1896,1896,1896,1896,1896,-319,8610,8474,8474,8474,8474,8474,8433,8433,8433,8433,8433,8433,8730,8774,8774,8774,8774,8774,8774,8774,8774,8774,8774,
2017,02,01,23,00,00,24.50,5.34,187291,610698,830960,691683,691683,691683,691683,691683,691683,691683,691683,691683,691683,517000,517000,517000,517000,517000,517000,517000,517000,,92,1976,1988,2006,2017,2017,2025,2025,2025,2036,2036,2036,2036,1893,1914,1925,1925,1935,1935,1935,1935,1946,1946,1946,-320,8649,8489,8489,8489,8489,8489,8489,8489,8489,8489,8489,8489,8745,8789,8789,8833,8833,8833,8833,8833,8833,8789,8789,
2017,02,02,00,00,00,25.50,5.31,186918,610885,830960,691683,691683,691683,691683,691683,691683,691683,691683,691683,691683,517587,517587,517587,517587,517587,517587,517000,517000,,88,2009,2020,2039,2050,2050,2058,2058,2058,2058,2058,2069,2069,1935,1946,1957,1967,1967,1967,1967,1978,1978,1978,1978,-316,8647,8489,8489,8489,8489,8489,8489,8489,8489,8489,8489,8489,8745,8789,8789,8833,8833,8833,8833,8833,8789,8789,8789,
2017,02,02,01,00,00,25.50,5.31,187187,610593,830020,690900,691683,691683,691683,691683,691683,691683,691683,691683,691683,517000,517000,517000,517000,517000,517000,517000,517000,,87,2040,2053,2083,2076,2083,2083,2083,2094,2094,2094,2094,2094,1963,1992,1984,2006,2003,1995,2006,2006,2006,2006,2006,-308,8627,8460,8460,8460,8460,8474,8474,8489,8474,8474,8489,8489,8745,8745,8789,8789,8789,8789,8789,8789,8789,8789,8789,
2017,02,02,02,00,00,25.00,5.29,186618,610309,830020,690900,690900,691683,690900,690900,690900,690900,690900,690900,690900,517000,517000,517000,517000,517000,517000,517000,517000,,94,2061,2087,2109,2098,2109,2109,2109,2109,2109,2109,2120,2120,1984,2006,2006,2017,2017,2017,2017,2017,2017,2028,2028,-331,8628,8460,8501,8460,8460,8460,8460,8460,8460,8460,8460,8460,8759,8759,8802,8802,8802,8802,8802,8802,8802,8802,8802,
2017,02,02,03,00,00,24.25,5.29,174416,603620,690900,690116,690900,690900,690900,690900,690900,690900,690900,690900,690900,516412,516412,516412,516412,516412,516412,516412,516412,,94,2092,2113,2135,2132,2143,2143,2143,2143,2143,2143,2143,2154,2017,2039,2039,2050,2050,2050,2050,2050,2050,2050,2050,-330,8618,8501,8486,8445,8445,8445,8445,8445,8445,8445,8445,8445,8743,8787,8787,8787,8787,8787,8787,8787,8787,8787,8787,
2017,02,02,04,00,00,24.25,5.26,198970,615897,829080,690116,690116,829080,690116,690116,690116,690116,690116,690116,690116,516412,516412,516412,516412,516412,516412,516412,516412,,98,2119,2147,2158,2158,2158,2169,2169,2169,2169,2189,2189,2181,2042,2053,2064,2076,2076,2076,2076,2076,2076,2076,2087,-330,8654,8486,8486,8486,8486,8486,8486,8486,8486,8529,8486,8486,8743,8787,8831,8831,8831,8831,8831,8831,8831,8831,8831,
2017,02,02,05,00,00,23.75,5.26,192256,619254,829080,690116,690116,829080,690116,690116,690116,690116,690116,690116,690116,516412,516412,590857,516412,516412,515825,516412,516412,,105,2144,2169,2181,2192,2192,2200,2200,2200,2200,2212,2212,2212,2061,2072,2083,2083,2094,2094,2106,2106,2106,2106,2106,-321,8661,8501,8501,8501,8501,8501,8501,8501,8501,8501,8501,8501,8759,8802,8847,8847,8847,8847,8847,8847,8802,8802,8802,
2017,02,02,06,00,00,23.75,5.24,146364,629567,829080,690116,690116,690116,690116,690116,690116,690116,690116,690116,690116,515825,590185,590185,590185,515825,515825,590185,515825,,102,2171,2184,2215,2215,2215,2223,2223,2235,2235,2235,2235,2235,2094,2106,2117,2117,2128,2128,2128,2128,2128,2128,2128,-341,8671,8501,8501,8501,8501,8501,8501,8501,8501,8501,8501,8501,8802,8891,8847,8847,8847,8847,8847,8847,8847,8847,8802,
2017,02,02,07,00,00,30.25,5.24,159355,637328,830960,691683,691683,830960,691683,691683,691683,691683,691683,691683,691683,517000,591528,591528,591528,591528,517000,591528,517000,,94,2196,2212,2235,2243,2243,2243,2243,2243,2255,2255,2255,2255,2113,2136,2147,2147,2151,2159,2159,2159,2159,2159,2159,-305,8676,8501,8516,8516,8516,8531,8531,8531,8531,8531,8531,8531,8789,8833,8833,8833,8833,8833,8833,8833,8833,8833,8833,
2017,02,02,08,00,00,39.50,5.29,165679,602189,694033,694033,594214,694816,694033,694033,694033,694033,694033,694033,694033,519350,519350,519350,519350,519350,519350,519350,519350,,99,2180,2209,2220,2212,2232,2232,2232,2232,2232,2243,2243,2243,2103,2114,2125,2125,2137,2137,2137,2137,2137,2148,2148,-323,8718,8561,8561,8561,8561,8561,8561,8561,8561,8561,8519,8561,8820,8864,8864,8908,8864,8908,8908,8908,8908,8864,8864,
2017,02,02,09,00,00,39.50,5.34,166364,603119,694816,694816,594885,695600,695600,695600,695600,695600,695600,695600,695600,519937,519937,519937,519937,519937,519937,519937,519937,,103,2144,2171,2182,2182,2193,2193,2205,2205,2205,2205,2205,2216,2066,2077,2088,2100,2100,2100,2100,2100,2100,2100,2100,-362,8726,8576,8576,8534,8534,8534,8534,8534,8534,8576,8534,8534,8835,8879,8968,8923,8923,8923,8923,8923,8923,8879,8879,
2017,02,02,10,00,00,42.75,5.34,188359,615291,835660,695600,695600,697166,697166,697166,697166,697166,697166,697166,697166,521112,521112,521112,521112,521112,521112,521112,521112,,96,2138,2152,2175,2175,2194,2194,2194,2194,2194,2194,2194,2194,2056,2078,2089,2089,2100,2100,2100,2100,2093,2100,2093,-313,8747,8579,8606,8606,8606,8606,8621,8579,8579,8579,8579,8564,8837,8910,8881,8910,8910,8925,8925,8910,8910,8910,8925,
2017,02,02,11,00,00,41.00,5.31,126276,644396,694816,694816,694816,834720,694816,694816,694816,694816,694816,694816,694816,594885,594885,594885,594885,594885,594885,594885,594885,,95,2135,2151,2171,2171,2171,2186,2186,2186,2198,2198,2198,2198,2060,2082,2082,2082,2093,2093,2093,2104,2093,2093,2093,-346,8768,8606,8606,8634,8591,8591,8591,8591,8564,8606,8606,8564,8865,8910,8954,8954,8954,8954,8954,8954,8954,8954,8954,
2017,02,02,12,00,00,46.25,5.29,227370,709242,835660,835660,695600,835660,835660,835660,835660,835660,835660,835660,835660,595557,595557,595557,595557,595557,595557,595557,595557,,90,2151,2171,2193,2190,2190,2201,2201,2201,2201,2201,2201,2213,2074,2096,2096,2107,2107,2107,2118,2118,2107,2118,2118,-337,8784,8576,8634,8634,8591,8621,8621,8621,8621,8621,8621,8621,8881,8925,8925,8969,8969,8969,8969,8969,8969,8969,8969,
2017,02,02,13,00,00,42.25,5.29,227545,707986,833780,833780,694033,834720,834720,834720,834720,834720,834720,834720,834720,594214,594214,594214,594214,594214,594214,594214,594214,,98,2152,2174,2197,2197,2197,2197,2197,2209,2209,2216,2209,2216,2070,2092,2103,2103,2103,2103,2103,2114,2114,2114,2114,-335,8780,8661,8646,8604,8604,8604,8604,8604,8604,8604,8604,8604,8908,8953,8953,8953,8953,8953,8953,8953,8953,8953,8953,
2017,02,02,14,00,00,44.00,5.26,278634,734263,1044575,834720,835660,1045750,834720,835660,835660,835660,835660,835660,835660,594885,594885,594885,594885,594885,595557,594885,59488587,2171,2193,2209,2197,2216,2216,2216,2216,2228,2228,2228,2228,2100,2111,2122,2133,2133,2133,2133,2133,2133,2133,2144,-295,8811,8661,8661,8661,8661,8661,8661,8661,8704,8661,8661,8661,8879,8968,8968,8968,8968,8968,8968,8968,8968,8968,8968,
2017,02,02,15,00,00,43.00,5.26,187267,780138,1045750,834720,835660,1045750,835660,835660,835660,835660,835660,835660,835660,695600,695600,695600,695600,695600,695600,695600,69560086,2198,2216,2228,2239,2239,2239,2239,2251,2251,2251,2251,2251,2122,2144,2144,2156,2156,2156,2167,2167,2167,2167,2167,-307,8814,8661,8661,8661,8661,8661,8661,8661,8661,8661,8661,8661,8923,8968,8968,8968,8968,9013,8968,8968,8968,8968,8968,
2017,02,02,16,00,00,41.00,5.24,362691,876161,1394333,834720,1044575,1045750,1044575,1044575,1044575,1044575,1045750,1044575,1044575,694816,694816,694816,694816,694816,694816,,,,,,90,2224,2235,2255,2267,2255,2271,2271,2271,2282,2290,2290,2282,2160,2163,2175,2175,2186,2186,2186,2186,2186,2186,2186,-324,8800,8676,8661,8619,8634,8634,8634,8634,8634,8634,8634,8634,8894,8939,8983,8983,8983,8983,8983,8983,8983,8939,8939,
2017,02,02,17,00,00,35.00,5.21,348192,865779,1039875,1039875,1039875,1039875,1039875,1039875,1039875,1039875,1039875,1039875,1039875,691683,691683,691683,691683,691683,691683,,,,,84,2256,2262,2290,2302,2290,2306,2306,2306,2306,2306,2306,2306,2186,2209,2209,2220,2220,2220,2220,2220,2220,2220,2220,-323,8799,8674,8674,8631,8631,8631,8631,8631,8631,8631,8631,8631,8937,8937,8982,8982,8982,8982,8982,8982,8937,8937,8937,
2017,02,02,18,00,00,28.75,5.16,353219,954273,1383366,1035175,1383366,1383366,1036350,1036350,1036350,1036350,1036350,1036350,1036350,689333,828140,828140,828140,828140,828140,,,,,101,2311,2337,2350,2350,2362,2362,2362,2362,2374,2382,2374,2374,2227,2250,2250,2262,2262,2262,2262,2274,2274,2274,2274,-340,8794,8583,8641,8641,8599,8629,8629,8629,8629,8629,8629,8629,8891,8936,8981,8981,8981,8981,8936,8981,8981,8981,8981,
2017,02,02,19,00,00,27.00,5.16,334946,994673,1381800,1035175,1381800,1383366,1036350,1383366,1036350,1036350,1036350,1036350,1036350,827200,827200,827200,827200,827200,827200,,,,,106,2366,2390,2415,2402,2423,2423,2423,2423,2423,2423,2435,2435,2286,2298,2310,2310,2321,2321,2321,2321,2321,2321,2321,-342,8803,8669,8654,8626,8626,8626,8626,8626,8626,8626,8626,8626,8934,8979,8979,8979,8979,8979,8979,8979,8979,8979,8979,
2017,02,02,20,00,00,26.25,5.14,302402,978401,1381800,1034000,1381800,1381800,1035175,1035175,1035175,1035175,1035175,1035175,1035175,827200,827200,827200,827200,827200,827200,,,,,104,2405,2439,2464,2452,2452,2452,2452,2452,2464,2477,2464,2464,2325,2337,2350,2350,2350,2362,2362,2362,2362,2362,2362,-300,8804,8669,8698,8654,8669,8669,8669,8669,8626,8626,8626,8626,8889,8934,8979,8979,8979,8979,8979,8979,8934,8934,8934,
2017,02,02,21,00,00,25.75,5.14,314686,972864,1380233,1034000,1380233,1383366,1036350,1036350,1036350,1036350,1036350,1036350,1036350,689333,828140,828140,828140,828140,828140,,,,,107,2449,2472,2497,2485,2493,2506,2506,2518,2518,2518,2506,2518,2366,2390,2390,2402,2402,2402,2402,2402,2402,2402,2402,-325,8811,8685,8685,8641,8641,8641,8641,8641,8641,8641,8641,8641,8905,8950,8995,8950,8950,8995,8995,8995,8995,8995,8995,
2017,02,02,22,00,00,25.50,5.12,378137,876834,1380233,1034000,1034000,1034000,1035175,1034000,1035175,1034000,1034000,1035175,1035175,687766,687766,687766,687766,687766,687766,,,,,104,2493,2519,2540,2540,2527,2548,2548,2548,2556,2556,2556,2561,2406,2418,2431,2443,2443,2443,2443,2456,2456,2456,2456,-307,8832,8685,8669,8685,8685,8685,8685,8685,8685,8685,8641,8685,8905,8950,8995,8995,8995,8995,8995,8995,8995,9040,8995,
2017,02,02,23,00,00,24.50,5.12,327939,850952,1034000,825320,1034000,1034000,1032825,1034000,1034000,1034000,1034000,1034000,1034000,686983,686983,686983,686983,686983,686983,,,,,,99,2525,2557,2570,2570,2570,2570,2583,2583,2583,2583,2583,2583,2452,2464,2477,2477,2477,2477,2477,2477,2489,2489,2489,-308,8792,8682,8639,8639,8639,8669,8626,8626,8626,8626,8626,8626,8889,8934,8934,8979,8979,8979,8979,8934,8934,8934,8934,
2017,02,03,00,00,00,25.25,5.09,176962,775464,1034000,825320,826260,1034000,826260,826260,826260,826260,826260,826260,826260,686983,686983,686983,686983,686983,686983,686983,686983106,2573,2596,2622,2622,2622,2622,2635,2635,2635,2635,2635,2635,2489,2502,2514,2514,2527,2527,2527,2527,2527,2540,2527,-309,8833,8682,8682,8698,8682,8682,8682,8682,8682,8682,8682,8639,8903,8964,8994,8994,9009,8994,8994,8994,8994,8994,9039,
2017,02,03,01,00,00,24.50,5.09,237063,706702,825320,824380,825320,825320,825320,825320,825320,825320,825320,825320,825320,588171,588171,588171,588171,588171,588171,588171,588171,,116,2604,2640,2648,2653,2661,2653,2674,2661,2674,2674,2674,2674,2514,2540,2540,2553,2553,2544,2544,2553,2565,2544,2565,-333,8814,8682,8667,8624,8639,8639,8682,8639,8639,8639,8639,8639,8903,8948,8994,8994,8994,8994,8994,8994,8994,8994,8994,
2017,02,03,02,00,00,24.00,5.07,237368,706550,825320,824380,825320,825320,825320,825320,825320,825320,825320,825320,825320,588171,588171,588171,588171,587500,588171,587500,587500,,111,2645,2679,2706,2692,2692,2706,2706,2706,2706,2706,2706,2706,2557,2570,2583,2596,2596,2596,2596,2596,2596,2609,2596,-310,8826,8667,8667,8667,8682,8667,8667,8682,8667,8682,8667,8667,8903,8994,8994,8978,8978,8994,8978,8994,8994,8994,8994,
2017,02,03,03,00,00,23.50,5.07,224318,699659,824380,824380,686200,824380,824380,824380,824380,824380,824380,824380,824380,587500,587500,587500,587500,587500,587500,587500,587500,,102,2688,2711,2733,2733,2719,2736,2750,2750,2750,2750,2750,2750,2600,2625,2625,2639,2639,2639,2639,2652,2652,2652,2652,-271,8819,8698,8682,8698,8698,8698,8698,8698,8654,8654,8698,8654,8919,8919,8964,8964,8964,8964,8964,8964,8964,8964,8964,
2017,02,03,04,00,00,24.00,5.07,236880,705940,824380,824380,824380,824380,824380,824380,824380,824380,824380,824380,824380,587500,587500,587500,587500,587500,587500,587500,587500,,118,2725,2751,2773,2773,2773,2790,2790,2790,2790,2790,2804,2804,2625,2652,2665,2665,2665,2665,2678,2678,2678,2678,2678,-300,8830,8698,8698,8682,8698,8698,8698,8654,8654,8654,8654,8698,8919,8964,8964,9009,9009,9009,9009,9009,8964,8964,8964,
2017,02,03,05,00,00,23.25,5.05,224355,699554,824380,823440,686200,824380,824380,824380,824380,824380,824380,824380,824380,586828,587500,587500,587500,587500,587500,586828,587500,,118,2755,2792,2820,2806,2806,2814,2814,2814,2814,2828,2820,2828,2674,2679,2692,2692,2692,2706,2706,2706,2706,2706,2706,-307,8791,8609,8652,8667,8624,8639,8639,8639,8639,8639,8639,8639,8903,8948,8948,8964,8948,8948,8948,8948,8948,8948,8948,
2017,02,03,06,00,00,24.25,5.05,236880,705940,824380,824380,824380,824380,824380,824380,824380,824380,824380,824380,824380,587500,587500,587500,587500,587500,587500,587500,587500,,124,2793,2820,2847,2856,2856,2856,2856,2856,2856,2870,2870,2870,2701,2714,2728,2728,2728,2741,2741,2741,2741,2741,2741,-336,8843,8711,8711,8667,8667,8667,8667,8667,8667,8667,8667,8667,8933,8978,8978,9024,9024,9024,9024,9024,9024,9069,9024,
2017,02,03,07,00,00,34.00,5.07,225337,702182,827200,827200,688550,828140,828140,827200,827200,827200,828140,827200,827200,589514,589514,589514,589514,589514,589514,589514,589514,,113,2816,2845,2882,2868,2868,2868,2868,2882,2882,2882,2882,2882,2726,2740,2753,2767,2767,2767,2767,2767,2767,2767,2780,-261,8843,8713,8713,8713,8713,8713,8713,8713,8713,8713,8713,8713,8934,8979,8979,8979,8979,8979,8979,8979,8979,8979,8979,
2017,02,03,08,00,00,40.25,5.09,124724,654928,830020,690900,690900,831900,691683,692466,692466,692466,692466,692466,692466,592200,592200,592871,592871,592871,592200,592200,592871,,119,2808,2847,2875,2861,2875,2861,2861,2875,2875,2875,2875,2875,2720,2733,2747,2747,2747,2747,2760,2760,2760,2760,2760,-325,8869,8745,8730,8687,8702,8702,8702,8702,8702,8702,8702,8702,8967,9012,9057,9057,9012,9057,9057,9012,9012,9057,9057,
2017,02,03,09,00,00,41.00,5.14,125461,654930,830960,691683,692466,831900,692466,692466,692466,692466,692466,692466,692466,592200,592200,592200,592200,592200,592200,592200,592200,,117,2810,2847,2861,2861,2861,2878,2878,2878,2869,2878,2878,2878,2715,2729,2750,2750,2764,2755,2764,2777,2755,2764,2755,-281,8890,8761,8745,8745,8761,8761,8761,8761,8761,8761,8717,8717,8982,9027,9027,9027,9027,9073,9073,9027,9027,9027,9027,
2017,02,03,10,00,00,46.25,5.14,163243,675163,832840,832840,693250,833780,832840,693250,693250,693250,693250,832840,693250,593542,593542,593542,593542,593542,593542,593542,593542,,129,2820,2856,2892,2869,2878,2878,2892,2906,2892,2892,2892,2892,2724,2750,2750,2764,2764,2755,2764,2764,2764,2764,2755,-312,8897,8702,8717,8761,8717,8748,8748,8748,8748,8732,8791,8748,9013,9058,9058,9058,9058,9058,9058,9058,9058,9058,9058,
2017,02,03,11,00,00,46.00,5.14,226608,706846,832840,832840,693250,832840,832840,832840,832840,832840,832840,832840,832840,593542,593542,593542,593542,593542,593542,593542,593542,,123,2861,2897,2911,2920,2911,2920,2934,2934,2934,2934,2934,2934,2777,2782,2796,2804,2796,2796,2804,2809,2809,2818,2818,-333,8899,8702,8717,8717,8717,8748,8748,8732,8748,8748,8748,8748,9013,9058,9058,9058,9058,9104,9104,9104,9058,9058,9058,
2017,02,03,12,00,00,48.75,5.12,214094,764568,1042225,832840,833780,1043400,832840,833780,833780,833780,833780,833780,833780,594214,693250,693250,694033,694033,694033,694033,594214112,2909,2948,2967,2953,2962,2962,2962,2962,2976,2976,2976,2976,2831,2845,2845,2859,2859,2859,2859,2859,2859,2859,2859,-286,8887,8761,8761,8761,8804,8761,8761,8717,8717,8717,8717,8717,8982,9073,9027,9027,9027,9043,9027,9027,9027,9043,9027,
2017,02,03,13,00,00,45.25,5.12,177974,781453,1041050,831900,831900,1041050,831900,832840,832840,832840,832840,832840,832840,692466,692466,692466,692466,692466,692466,692466,692466114,2952,2973,3010,3010,3010,3010,3010,3010,3010,3010,3025,3025,2864,2878,2892,2892,2892,2906,2906,2906,2906,2906,2906,-313,8933,8789,8789,8745,8789,8789,8789,8789,8789,8789,8745,8745,9012,9057,9103,9103,9103,9103,9103,9103,9103,9103,9103,
2017,02,03,14,00,00,45.50,5.12,348654,867577,1041050,1041050,1041050,1042225,1042225,1042225,1042225,1042225,1042225,1042225,1042225,693250,693250,693250,693250,693250,693250,,,,,105,2991,3016,3039,3039,3025,3042,3042,3057,3057,3057,3057,3057,2909,2923,2937,2937,2937,2937,2951,2951,2951,2951,2951,-279,8911,8776,8776,8776,8776,8776,8820,8776,8776,8776,8732,8732,8998,9043,9043,9088,9043,9088,9088,9043,9043,9043,9043,
2017,02,03,15,00,00,43.00,5.09,304745,984528,1389633,1041050,1389633,1391200,1041050,1042225,1042225,1042225,1042225,1042225,1042225,831900,831900,831900,832840,831900,831900,,,,,120,3051,3080,3103,3112,3089,3106,3121,3121,3121,3121,3130,3121,2957,2971,2985,2999,2985,2999,2999,2999,2999,3013,2999,-329,8936,8804,8804,8804,8761,8761,8761,8761,8761,8761,8761,8761,9027,9073,9073,9118,9118,9118,9118,9118,9118,9118,9118,
2017,02,03,16,00,00,40.75,5.07,557163,1110481,1388066,1388066,1388066,1389633,1388066,1389633,1389633,1389633,1389633,1389633,1389633,831900,831900,831900,831900,831900,831900,,,,,109,3106,3139,3169,3154,3163,3163,3163,3163,3163,3163,3163,3178,3025,3039,3054,3054,3054,3054,3054,3054,3054,3068,3068,-308,8898,8743,8759,8759,8715,8745,8745,8745,8745,8745,8745,8745,9012,9057,9057,9057,9057,9057,9057,9057,9057,9057,9057,
2017,02,03,17,00,00,35.00,5.02,528821,1242864,2072700,1380233,2072700,1381800,1381800,1381800,1381800,1381800,1381800,1381800,1381800,827200,1035175,1035175,1035175,1035175,1035175114,3157,3193,3208,3208,3217,3217,3217,3208,3217,3217,3223,3232,3077,3082,3097,3097,3106,3106,3097,3097,3112,3112,3121,-309,8939,8785,8785,8785,8785,8785,8785,8785,8785,8785,8785,8785,9025,9055,9101,9101,9101,9101,9101,9101,9101,9147,9101,
2017,02,03,18,00,00,28.50,4.98,470961,1265955,1375533,2065650,2065650,1375533,1375533,1375533,1375533,1377100,1377100,1377100,1375533,1030475,1030475,1030475,1030475,1030475,,,,,,,123,3201,3242,3273,3258,3258,3258,3258,3258,3267,3258,3282,3282,3115,3130,3145,3145,3145,3145,3145,3145,3145,3145,3145,-284,8907,8783,8768,8783,8783,8783,8783,8739,8783,8739,8739,8739,9008,9054,9054,9054,9054,9054,9054,9054,9054,9054,9054,
2017,02,03,19,00,00,26.75,4.96,596401,1327500,2063300,1373966,2063300,2063300,1375533,1375533,1375533,1375533,2065650,1375533,1375533,1029300,1029300,1029300,1029300,1029300,,,,,,,113,3249,3279,3295,3295,3304,3304,3304,3320,3320,3311,3320,3320,3160,3175,3190,3181,3205,3205,3196,3205,3205,3196,3205,-256,8936,8812,8812,8812,8812,8812,8768,8812,8812,8812,8812,8812,9008,9038,9038,9084,9084,9084,9084,9084,9084,9084,9038,
2017,02,03,20,00,00,26.25,4.96,469857,1264228,2063300,1372400,2063300,1373966,1373966,1373966,1373966,1373966,1373966,1373966,1373966,1029300,1029300,1029300,1029300,1029300,,,,,,,121,3260,3301,3311,3326,3295,3329,3329,3329,3329,3329,3329,3329,3169,3184,3199,3199,3199,3199,3214,3199,3214,3214,3214,-266,8936,8799,8843,8799,8799,8799,8799,8799,8799,8799,8799,8799,9024,9069,9069,9069,9069,9116,9069,9069,9069,9069,9069,
2017,02,03,21,00,00,26.00,4.93,407582,1232343,1373966,1372400,2060950,1373966,1372400,1373966,1373966,1373966,1373966,1373966,1373966,1029300,1029300,1028125,1029300,1028125,,,,,,,115,3289,3333,3342,3333,3342,3342,3342,3358,3358,3358,3358,3358,3196,3211,3227,3227,3242,3258,3242,3242,3233,3242,3242,-245,8946,8797,8797,8797,8797,8827,8843,8843,8843,8843,8843,8843,9024,9069,9069,9069,9069,9069,9069,9069,9116,9069,9069,
2017,02,03,22,00,00,25.50,4.93,550840,1096980,1372400,1372400,1372400,1372400,1372400,1372400,1372400,1372400,1372400,1372400,1372400,821560,821560,821560,821560,821560,821560,,,,,146,3299,3349,3365,3365,3365,3365,3381,3365,3381,3381,3381,3397,3187,3218,3218,3233,3233,3233,3233,3233,3233,3233,3233,-339,8951,8781,8797,8797,8752,8783,8783,8783,8783,8783,8783,8783,9054,9100,9193,9146,9146,9146,9146,9100,9100,9100,9100,
2017,02,03,23,00,00,24.00,4.91,551067,1096153,1370833,1370833,1370833,1372400,1370833,1372400,1372400,1372400,1370833,1372400,1372400,820620,820620,820620,820620,820620,820620,,,,,126,3325,3371,3387,3371,3397,3387,3397,3387,3397,3387,3397,3397,3233,3248,3255,3264,3255,3270,3270,3270,3270,3279,3270,-264,8958,8826,8826,8826,8826,8826,8826,8826,8826,8826,8826,8826,9007,9099,9099,9099,9099,9099,9099,9099,9099,9099,9099,
2017,02,04,00,00,00,23.50,4.91,331271,986255,1370833,1025775,1370833,1370833,1026950,1026950,1026950,1026950,1370833,1026950,1026950,820620,820620,820620,820620,820620,820620,,,,,134,3347,3387,3419,3403,3419,3419,3419,3419,3419,3419,3419,3419,3239,3270,3270,3286,3286,3286,3286,3286,3286,3301,3286,-304,8980,8826,8870,8810,8826,8826,8826,8826,8826,8826,8826,8826,9053,9099,9145,9145,9145,9145,9145,9145,9145,9145,9145,
2017,02,04,01,00,00,23.25,4.89,231126,911173,1025775,1026950,1026950,1025775,1026950,1026950,1026950,1026950,1026950,1026950,1026950,683066,820620,820620,820620,820620,820620,,,,,139,3364,3410,3419,3436,3419,3438,3438,3438,3454,3454,3438,3438,3258,3289,3289,3289,3304,3304,3304,3304,3304,3304,3304,-303,8973,8901,8857,8797,8812,8812,8812,8812,8812,8812,8812,8812,9084,9130,9130,9130,9130,9130,9130,9130,9130,9130,9130,
2017,02,04,02,00,00,23.00,4.89,325290,844928,1025775,819680,1026950,1026950,1025775,1026950,1026950,1025775,1025775,1025775,1026950,682283,682283,682283,682283,682283,682283,,,,,,136,3392,3433,3452,3459,3426,3471,3471,3471,3471,3471,3471,3471,3289,3304,3320,3320,3320,3336,3336,3336,3336,3336,3336,-307,8963,8841,8841,8797,8797,8797,8797,8797,8812,8812,8812,8812,9038,9084,9130,9130,9130,9130,9130,9130,9130,9130,9130,
2017,02,04,03,00,00,23.00,4.89,305913,835239,1025775,819680,1025775,1025775,1024600,1025775,1025775,1025775,1025775,819680,1025775,682283,682283,682283,682283,682283,682283,682283140,3423,3475,3475,3475,3491,3491,3491,3501,3501,3508,3508,3508,3317,3339,3339,3355,3355,3355,3355,3355,3371,3371,3371,-312,8992,8795,8855,8855,8810,8841,8841,8841,8841,8841,8841,8841,9068,9115,9115,9177,9161,9161,9161,9161,9161,9177,9177,
2017,02,04,04,00,00,22.75,4.89,193519,779042,1025775,819680,1025775,1025775,818740,819680,819680,819680,819680,819680,819680,682283,682283,682283,682283,682283,682283,682283,,,,,145,3450,3491,3525,3525,3525,3525,3525,3525,3525,3525,3525,3541,3339,3371,3371,3371,3387,3387,3387,3387,3387,3387,3387,-303,9007,8855,8884,8839,8855,8855,8855,8855,8855,8855,8855,8855,9083,9130,9130,9176,9176,9176,9176,9176,9176,9176,9176,
2017,02,04,05,00,00,22.50,4.87,174676,769621,1024600,818740,819680,1025775,819680,819680,819680,819680,819680,819680,819680,682283,682283,682283,682283,682283,682283,682283,682283141,3477,3532,3548,3541,3541,3541,3541,3558,3558,3558,3558,3558,3371,3387,3403,3403,3403,3419,3419,3419,3419,3419,3419,-272,8993,8900,8884,8839,8839,8855,8855,8855,8839,8855,8855,8855,9083,9130,9130,9130,9130,9176,9130,9130,9130,9130,9130,
2017,02,04,06,00,00,23.00,4.87,174783,769674,1025775,818740,819680,1025775,819680,819680,819680,819680,819680,819680,819680,682283,682283,682283,682283,682283,682283,682283,682283143,3512,3558,3582,3565,3591,3591,3591,3591,3591,3591,3591,3591,3403,3419,3436,3436,3452,3452,3452,3452,3452,3452,3452,-272,9031,8884,8884,8884,8900,8900,8900,8900,8900,8900,8900,8900,9083,9176,9176,9176,9176,9176,9176,9176,9176,9176,9176,
2017,02,04,07,00,00,33.50,4.87,156667,762966,1029300,822500,822500,822500,822500,822500,822500,822500,822500,822500,822500,684633,684633,684633,684633,684633,684633,684633,684633,134,3518,3570,3570,3570,3562,3581,3598,3598,3598,3598,3598,3598,3427,3443,3443,3443,3459,3459,3459,3459,3459,3459,3459,-284,9031,8903,8948,8888,8903,8903,8903,8858,8858,8903,8858,8858,9131,9178,9178,9178,9178,9178,9178,9178,9178,9178,9178,
2017,02,04,08,00,00,41.00,4.91,166373,761958,1034000,826260,826260,826260,826260,826260,826260,826260,826260,826260,826260,588842,687766,687766,687766,687766,687766,687766,687766,137,3496,3532,3558,3558,3541,3576,3576,3576,3576,3576,3576,3576,3391,3407,3423,3423,3439,3439,3439,3439,3439,3439,3439,-287,9068,8905,8950,8950,8950,8950,8905,8905,8950,8905,8905,8905,9132,9179,9225,9225,9225,9225,9225,9225,9225,9225,9225,
2017,02,04,09,00,00,32.50,4.83,92287,506220,586157,511712,511712,585485,511712,586157,586157,586157,586157,512300,512300,454855,454855,454855,512300,454855,454855,454855,454855,,143,3507,3553,3577,3570,3570,3586,3586,3586,3586,3586,3586,3586,3399,3431,3431,3431,3447,3431,3447,3447,3447,3447,3447,-316,9054,8839,8901,8947,8857,8903,8903,8903,8903,8903,8903,8903,9131,9178,9225,9225,9225,9225,9225,9225,9225,9225,9225,
2017,02,04,10,00,00,39.75,4.98,157300,767200,826260,826260,827200,1035175,826260,827200,827200,827200,827200,827200,827200,688550,688550,688550,688550,688550,688550,688550,688550,132,3548,3591,3617,3617,3617,3617,3617,3617,3617,3617,3617,3617,3446,3462,3478,3478,3478,3494,3494,3494,3494,3494,3494,-279,9112,8979,8964,8964,8964,8964,8979,8979,8979,8979,8979,8979,9163,9257,9257,9257,9257,9257,9257,9257,9257,9304,9257,
2017,02,04,11,00,00,45.75,4.91,233170,805918,1035175,827200,828140,1036350,827200,828140,828140,828140,1036350,1036350,1036350,689333,689333,689333,689333,689333,689333,689333,,,,146,3633,3685,3712,3694,3694,3712,3712,3712,3712,3712,3712,3712,3520,3553,3553,3553,3569,3569,3569,3569,3569,3569,3569,-296,9110,8979,8934,8934,8979,8979,8979,8979,8979,8934,8979,8934,9225,9257,9257,9257,9257,9257,9257,9257,9257,9257,9304,
2017,02,04,12,00,00,46.50,4.91,327760,854780,1034000,1035175,1035175,830020,1038700,1038700,1038700,1038700,1038700,1038700,1038700,690900,690900,690900,690900,690900,690900,,,,,,141,3691,3731,3765,3748,3775,3765,3783,3765,3765,3765,3765,3765,3588,3605,3605,3621,3621,3621,3621,3638,3638,3638,3638,-278,9122,8981,8981,8965,8981,8981,8981,9026,8981,8981,8981,8981,9210,9257,9257,9257,9257,9257,9304,9304,9257,9257,9257,
2017,02,04,13,00,00,44.25,4.72,314950,908748,1380233,1034000,1034000,1035175,1034000,1035175,1035175,1035175,1035175,1035175,1035175,687766,827200,827200,826260,827200,688550,,,,,150,3723,3760,3789,3789,3771,3800,3800,3800,3818,3818,3818,3818,3621,3638,3638,3655,3655,3655,3655,3655,3655,3655,3655,-345,9118,8981,8981,8965,8936,8936,8936,8936,8936,8936,8936,8936,9210,9257,9257,9304,9304,9304,9304,9304,9304,9352,9304,
2017,02,04,14,00,00,43.75,4.80,270727,962477,1380233,1034000,1035175,1381800,1034000,1035175,1035175,1035175,1035175,1035175,1035175,827200,827200,827200,827200,827200,827200,,,,,140,3777,3832,3849,3849,3849,3849,3849,3849,3849,3849,3849,3849,3677,3685,3702,3702,3702,3719,3719,3719,3719,3719,3719,-302,9077,8857,8964,8964,8919,8965,8920,8920,8920,8920,8920,8920,9148,9194,9241,9241,9241,9241,9241,9241,9241,9241,9241,
2017,02,04,15,00,00,40.75,4.91,302509,978454,1381800,1035175,1381800,1381800,1035175,1035175,1035175,1035175,1035175,1035175,1035175,827200,827200,827200,827200,827200,827200,,,,,129,3843,3885,3921,3885,3913,3913,3913,3913,3913,3913,3913,3913,3746,3763,3763,3781,3781,3781,3781,3781,3798,3798,3798,-274,9099,8964,8948,8964,8964,8964,8964,8964,8964,8964,8964,8964,9194,9241,9241,9241,9241,9241,9241,9241,9241,9241,9241,
2017,02,04,16,00,00,40.25,4.93,554941,1105610,1383366,1381800,1383366,1383366,1381800,1383366,1383366,1383366,1383366,1383366,1383366,828140,828140,828140,828140,828140,828140,,,,,136,3889,3949,3949,3949,3949,3949,3949,3949,3959,3977,3977,3977,3790,3798,3816,3816,3826,3816,3833,3833,3833,3833,3843,-273,9108,9009,9009,8964,8964,8964,8964,8964,8964,8964,8964,8964,9210,9257,9241,9241,9241,9241,9257,9257,9257,9257,9241,
2017,02,04,17,00,00,34.75,4.87,551466,1098233,1373966,1373966,1373966,1373966,1373966,1373966,1373966,1373966,1373966,1373966,1373966,822500,822500,822500,822500,822500,822500,,,,,141,3946,3991,4028,4010,4020,4020,4020,4020,4020,4020,4020,4020,3848,3865,3865,3883,3883,3883,3883,3883,3883,3883,3883,-302,9108,8992,8992,8931,8947,8947,8947,8992,8947,8947,8947,8947,9177,9272,9272,9272,9272,9272,9272,9272,9272,9272,9224,
2017,02,04,18,00,00,28.00,4.83,549301,1094330,1367700,1369266,1369266,1367700,1369266,1369266,1369266,1369266,1369266,1369266,1369266,819680,819680,819680,819680,819680,819680,,,,,134,4026,4053,4092,4092,4073,4103,4103,4103,4103,4103,4103,4103,3928,3946,3946,3964,3974,3964,3964,3964,3964,3964,3974,-230,9109,8992,9038,8977,8992,8992,8992,8992,8992,8992,8992,8992,9177,9224,9224,9224,9272,9224,9224,9224,9224,9224,9224,
2017,02,04,19,00,00,25.75,4.80,379952,1176014,1366133,1364566,1366133,1366133,1366133,1366133,1366133,1366133,1366133,1366133,1366133,817800,1023425,1023425,1023425,1023425,1023425145,4100,4127,4177,4177,4139,4169,4169,4189,4189,4189,4189,4189,3991,4010,4028,4028,4028,4028,4028,4028,4047,4047,4047,-267,9140,9007,9007,9007,9007,9007,9007,9007,9007,9007,9007,9007,9192,9240,9287,9287,9287,9287,9287,9287,9287,9287,9287,
2017,02,04,20,00,00,25.50,4.74,341319,1191627,1361433,1361433,1361433,1361433,1361433,1363000,1363000,1363000,1363000,1363000,1363000,1021075,1021075,1021075,1021075,1021075,,,,,,,147,4134,4194,4194,4194,4205,4205,4205,4205,4224,4224,4224,4224,4024,4043,4061,4061,4061,4061,4080,4080,4061,4080,4061,-288,9131,8895,9034,9034,8988,8926,8988,8958,8972,9020,9018,9034,8998,9271,9271,9303,9319,9351,9303,9303,9303,9303,9303,
2017,02,04,21,00,00,24.75,4.72,515262,1165756,2044500,1359866,1361433,1361433,1361433,1361433,1361433,1361433,1361433,1361433,1361433,814980,814980,1019900,814980,1019900,814980,,,148,4159,4214,4214,4214,4214,4244,4244,4253,4244,4244,4234,4244,4043,4061,4080,4080,4080,4099,4099,4099,4099,4099,4099,-265,9179,9050,9034,9034,9050,9050,9050,9050,9050,9050,9050,9050,9239,9286,9286,9286,9335,9335,9335,9335,9335,9335,9335,
2017,02,04,22,00,00,24.25,4.72,515262,1072611,1359866,1019900,1361433,1361433,1361433,1361433,1361433,1361433,1361433,1361433,1361433,814980,814980,814980,814980,814980,814980,,,,,148,4167,4234,4234,4234,4244,4244,4244,4244,4244,4244,4244,4244,4061,4080,4099,4099,4099,4099,4099,4099,4099,4099,4099,-265,9148,9050,9050,9004,9050,9004,9004,9004,9004,9004,9004,9004,9239,9286,9286,9286,9286,9286,9286,9286,9286,9286,9286,
2017,02,04,23,00,00,24.25,4.70,359949,997944,1359866,1018725,1361433,1366133,1023425,1023425,1023425,1366133,1367700,1023425,1023425,817800,817800,817800,817800,818740,817800,,,,,161,4194,4255,4265,4275,4275,4275,4275,4275,4275,4275,4295,4295,4073,4092,4111,4111,4111,4111,4130,4130,4130,4130,4130,-284,9193,9051,9051,9051,9051,9051,9051,9051,9051,9051,9051,9051,9255,9303,9351,9351,9335,9351,9335,9351,9351,9351,9351,
2017,02,05,00,00,00,24.25,4.70,297673,963816,1359866,1359866,1361433,1018725,1019900,1019900,1019900,1019900,1019900,1019900,1019900,814980,814980,814980,814980,814980,814980,,,,,174,4210,4232,4293,4293,4253,4295,4315,4315,4315,4315,4335,4315,4092,4111,4111,4130,4130,4130,4130,4130,4130,4130,4130,-289,9181,9051,9051,9036,9051,9051,9051,9051,9051,9005,9005,9005,9239,9335,9335,9335,9335,9335,9335,9335,9335,9335,9335,
2017,02,05,01,00,00,23.75,4.70,204791,916435,1018725,1018725,1018725,1018725,1018725,1018725,1019900,1018725,1018725,1018725,1018725,814040,814040,814040,814040,814040,814040,,,,,162,4240,4313,4303,4313,4313,4313,4313,4333,4333,4333,4333,4333,4127,4147,4147,4166,4166,4166,4166,4166,4166,4166,4166,-287,9186,8987,9034,9081,8988,9036,9098,9051,9051,9051,9051,9051,9287,9335,9335,9335,9335,9335,9335,9335,9335,9335,9335,
2017,02,05,02,00,00,23.25,4.68,266710,947395,1359866,1018725,1018725,1359866,1018725,1018725,1018725,1018725,1018725,1018725,1018725,814040,814040,814040,814040,814040,814040,,,,,155,4274,4343,4363,4343,4353,4353,4353,4353,4353,4353,4353,4353,4166,4185,4185,4205,4205,4205,4205,4205,4205,4205,4205,-246,9188,8955,9081,9081,9034,9082,9082,9082,9082,9082,9082,9082,9239,9271,9319,9319,9319,9319,9367,9319,9319,9319,9319,
2017,02,05,03,00,00,23.75,4.68,235341,931710,1358300,1018725,1017550,1017550,1018725,1018725,1018725,1018725,1018725,1018725,1018725,814040,814040,814040,814040,814040,814040,,,,,173,4303,4363,4383,4394,4394,4394,4394,4394,4394,4394,4394,4394,4185,4205,4205,4224,4224,4224,4224,4224,4224,4224,4224,-280,9218,9081,9065,9065,9081,9081,9081,9081,9081,9081,9081,9081,9270,9367,9367,9367,9367,9367,9367,9367,9367,9367,9367,
2017,02,05,04,00,00,23.75,4.68,235341,931710,1358300,1017550,1017550,1018725,1018725,1018725,1018725,1018725,1018725,1018725,1018725,814040,814040,814040,814040,814040,814040,,,,,173,4330,4383,4404,4404,4414,4414,4414,4414,4435,4435,4435,4435,4205,4224,4244,4244,4234,4264,4264,4253,4253,4253,4253,-282,9221,9065,9112,9065,9081,9081,9081,9081,9081,9081,9081,9081,9318,9367,9367,9367,9367,9367,9367,9367,9367,9367,9367,
2017,02,05,05,00,00,23.00,4.66,235449,930909,1358300,1017550,1017550,1017550,1017550,1017550,1017550,1017550,1018725,1017550,1017550,814040,813100,813100,813100,813100,813100,,,,,156,4351,4403,4424,4445,4404,4435,4435,4435,4435,4435,4435,4435,4236,4255,4275,4275,4275,4265,4265,4275,4295,4295,4295,-278,9223,9113,9113,9066,9082,9082,9082,9066,9082,9082,9082,9082,9319,9367,9367,9367,9367,9367,9367,9367,9367,9367,9367,
2017,02,05,06,00,00,23.75,4.66,235385,931475,1358300,1017550,1017550,1017550,1017550,1018725,1018725,1018725,1018725,1018725,1018725,813100,814040,814040,814040,814040,814040,,,,,163,4390,4423,4466,4486,4445,4477,4477,4477,4487,4497,4477,4487,4275,4295,4315,4315,4315,4315,4315,4315,4315,4315,4315,-281,9266,9129,9113,9113,9129,9129,9129,9129,9129,9129,9129,9129,9319,9367,9416,9465,9416,9416,9416,9416,9416,9416,9416,
2017,02,05,07,00,00,29.75,4.66,285511,908940,1361433,1019900,1019900,1019900,1021075,1021075,1021075,1021075,1021075,1021075,1021075,815920,679150,679150,679150,815920,679150,,,,,175,4404,4466,4508,4487,4487,4487,4487,4487,4487,4508,4508,4508,4274,4294,4314,4314,4314,4314,4334,4334,4334,4334,4334,-278,9282,9065,9144,9144,9097,9161,9161,9161,9161,9161,9161,9161,9351,9400,9400,9400,9448,9448,9448,9448,9448,9448,9400,
2017,02,05,08,00,00,41.50,4.72,337845,852059,1369266,820620,1026950,1026950,820620,1028125,1028125,1028125,1026950,1028125,1026950,683066,683066,683066,683066,683066,683850,683066168,4346,4396,4447,4416,4427,4427,4427,4447,4447,4427,4427,4447,4218,4238,4257,4257,4257,4277,4277,4277,4277,4277,4277,-302,9306,9192,9192,9145,9145,9145,9145,9145,9161,9145,9145,9145,9400,9448,9448,9497,9448,9448,9448,9497,9448,9448,9497,
2017,02,05,09,00,00,44.50,4.40,237506,940313,1370833,1026950,1026950,1028125,1028125,1028125,1028125,1028125,1028125,1028125,1028125,821560,821560,821560,821560,821560,821560,,,,,160,4323,4376,4406,4406,4406,4406,4406,4406,4406,4406,4406,4406,4199,4218,4238,4238,4238,4257,4257,4257,4257,4257,4257,-294,9350,9208,9240,9192,9208,9192,9208,9208,9192,9192,9192,9208,9448,9497,9546,9497,9497,9497,9497,9497,9497,9497,9497,
2017,02,05,10,00,00,47.75,4.42,206821,926850,1029300,1030475,1030475,1029300,1030475,1030475,1030475,1030475,1030475,1030475,1030475,823440,823440,823440,823440,823440,823440,,,,,162,4370,4427,4448,4427,4438,4458,4458,4458,4458,4458,4458,4479,4249,4268,4288,4288,4288,4278,4288,4308,4308,4308,4308,-263,9371,9240,9240,9240,9240,9240,9240,9240,9240,9240,9240,9240,9383,9481,9481,9481,9530,9530,9530,9530,9530,9530,9530,
2017,02,05,11,00,00,50.00,4.72,301697,975228,1377100,1031650,1377100,1377100,1031650,1032825,1032825,1031650,1031650,1031650,1031650,824380,824380,824380,824380,824380,824380,,,,,153,4446,4489,4510,4531,4489,4521,4531,4521,4531,4531,4552,4552,4340,4349,4369,4369,4369,4369,4379,4369,4399,4379,4389,-276,9370,9272,9257,9225,9225,9225,9225,9225,9225,9225,9225,9225,9416,9513,9513,9513,9513,9513,9513,9513,9513,9562,9513,
2017,02,05,12,00,00,47.75,4.87,302402,978401,1381800,1034000,1381800,1381800,1035175,1035175,1035175,1035175,1035175,1035175,1035175,827200,827200,827200,827200,827200,827200,,,,,157,4569,4614,4646,4646,4625,4636,4646,4646,4668,4668,4668,4668,4460,4480,4480,4480,4501,4501,4501,4501,4501,4501,4501,-276,9337,9241,9225,9179,9194,9194,9194,9194,9194,9194,9194,9194,9432,9480,9480,9480,9480,9480,9480,9480,9480,9480,9480,
2017,02,05,13,00,00,45.50,4.83,188426,1123513,-1,1373966,1373966,1029300,1373966,1373966,1373966,1373966,1373966,1373966,1373966,1029300,1029300,1029300,1029300,1029300,1029300,,,,168,4699,4754,4776,4787,4787,4787,4787,4787,4787,4787,4787,4787,4583,4604,4625,4625,4625,4614,4625,4625,4614,4614,4614,-310,9340,9099,9256,9224,9161,9193,9177,9224,9208,9208,9099,9194,9448,9497,9481,9530,9513,9497,9497,9546,9400,9545,9497,
2017,02,05,14,00,00,44.50,4.60,910019,1486659,2065650,1375533,2065650,2068000,1375533,2068000,2068000,2068000,2068000,2068000,2068000,1031650,1031650,1031650,1031650,1031650,,,,,,,146,4825,4886,4909,4886,4886,4886,4886,4909,4909,4909,4909,4909,4721,4743,4743,4743,4743,4764,4764,4764,4764,4764,4764,-239,9347,9240,9224,9224,9193,9240,9240,9193,9240,9240,9240,9240,9383,9432,9481,9481,9481,9481,9481,9481,9481,9481,9481,
2017,02,05,15,00,00,44.00,4.72,878259,1816229,2065650,2065650,4136000,2065650,2068000,2068000,2068000,2068000,2068000,2068000,2068000,1377100,1377100,1377100,1377100,1377100,,,,,,,162,4972,5034,5034,5034,5046,5046,5046,5069,5069,5069,5069,5069,4853,4875,4897,4897,4897,4897,4897,4897,4897,4897,4897,-283,9369,9224,9272,9224,9224,9224,9224,9224,9224,9224,9224,9224,9432,9464,9513,9530,9513,9513,9530,9530,9563,9530,9513,
2017,02,05,16,00,00,41.00,4.70,1066972,1908591,4121900,2058600,4121900,2068000,2070350,2070350,2070350,2070350,2070350,2070350,2070350,1378666,1378666,1378666,1375533,1373966,,,,,,,154,5100,5153,5164,5153,5164,5188,5188,5188,5188,5188,5188,5188,4988,5011,5011,5011,5034,5034,5034,5034,5034,5034,5034,-271,9379,9240,9256,9256,9256,9240,9240,9240,9240,9240,9240,9240,9448,9497,9481,9530,9530,9530,9530,9530,9530,9530,9530,
2017,02,05,17,00,00,34.50,4.42,1058070,1893601,4103100,2049200,4103100,2049200,2049200,2049200,2049200,2049200,2049200,2049200,2049200,1364566,1364566,1364566,1364566,1364566,,,,,,,153,5182,5181,5263,5263,5238,5273,5273,5273,5273,5273,5273,5273,5070,5093,5093,5093,5117,5117,5117,5117,5117,5117,5117,-269,9337,9240,9224,9192,9240,9192,9192,9192,9192,9192,9192,9192,9383,9481,9481,9481,9481,9481,9481,9481,9481,9481,9481,
2017,02,05,18,00,00,28.50,4.59,1976279,2343305,4070200,2032750,4070200,4070200,2032750,4074900,4074900,4074900,2035100,4074900,2035100,1355166,1355166,1355166,1355166,1355166,,,,,,,170,5300,5368,5393,5393,5379,5379,5405,5379,5379,5405,5379,5379,5194,5218,5218,5218,5218,5218,5218,5218,5218,5218,5218,-309,9323,9111,9175,9175,9128,9176,9176,9176,9176,9176,9176,9223,9367,9465,9465,9465,9514,9514,9514,9514,9465,9465,9514,
2017,02,05,19,00,00,26.25,4.59,2539068,2627834,4079600,2037450,4079600,4084300,4084300,4084300,4084300,4084300,4084300,4084300,4084300,1358300,1358300,1358300,1358300,1358300,,,,,,,176,5375,5416,5479,5453,5453,5479,5453,5479,5479,5479,5453,5479,5241,5265,5290,5290,5290,5290,5290,5290,5290,5315,5315,-269,9358,9126,9238,9238,9190,9239,9239,9239,9239,9239,9239,9239,9448,9498,9498,9498,9498,9498,9498,9498,9498,9498,9498,
2017,02,05,20,00,00,25.75,4.55,1978771,2346118,4074900,2035100,4074900,4074900,4079600,2037450,4079600,2037450,4079600,2037450,4079600,1356733,1356733,1356733,1356733,1356733,,,,,,,190,5391,5455,5493,5481,5493,5493,5493,5493,5493,5493,5467,5493,5254,5278,5303,5303,5303,5303,5303,5303,5303,5303,5303,-264,9358,9222,9270,9222,9222,9222,9222,9222,9222,9222,9222,9222,9432,9482,9482,9482,9482,9482,9531,9482,9531,9531,9482,
2017,02,05,21,00,00,24.75,4.53,2347508,2528777,4070200,2032750,4070200,4074900,4070200,4074900,4074900,4074900,2035100,4074900,4074900,1353600,1355166,1355166,1355166,1355166,,,,,,,178,5407,5469,5469,5469,5507,5507,5507,5507,5507,5507,5507,5507,5267,5291,5316,5316,5316,5316,5316,5341,5341,5341,5341,-269,9388,9254,9254,9254,9254,9254,9254,9254,9254,9254,9254,9254,9465,9498,9515,9498,9498,9548,9548,9548,9548,9548,9548,
2017,02,05,22,00,00,24.50,4.51,1234604,1970902,4070200,4070200,4070200,2030400,2032750,2032750,2032750,2032750,2032750,2032750,2032750,1353600,1353600,1353600,1353600,1353600,,,,,,,191,5398,5445,5495,5495,5469,5505,5505,5505,5505,5505,5505,5505,5265,5290,5290,5290,5315,5315,5315,5315,5315,5315,5315,-279,9394,9254,9286,9238,9254,9254,9254,9254,9254,9254,9254,9254,9449,9498,9548,9548,9548,9548,9548,9548,9548,9548,9548,
2017,02,05,23,00,00,25.50,4.49,678722,1692961,2030400,2032750,2032750,2030400,2032750,2032750,2032750,2032750,2032750,2032750,2032750,1353600,1353600,1353600,1353600,1353600,,,,,,,164,5390,5434,5469,5495,5443,5479,5479,5479,5479,5479,5479,5479,5265,5290,5290,5315,5315,5315,5315,5315,5315,5339,5315,-242,9372,9254,9286,9254,9238,9254,9238,9254,9238,9254,9254,9238,9449,9498,9498,9498,9498,9498,9498,9498,9498,9498,9498,
2017,02,06,00,00,00,25.25,4.49,739823,1660274,2030400,2028050,2030400,2030400,2030400,2030400,2030400,2030400,2030400,2030400,2030400,1012850,1352033,1352033,1352033,1352033,,,,,,,190,5404,5483,5483,5483,5483,5509,5509,5509,5509,5509,5509,5509,5268,5293,5304,5318,5318,5318,5318,5318,5318,5318,5318,-254,9399,9189,9286,9286,9237,9286,9286,9286,9286,9286,9286,9286,9482,9531,9531,9531,9531,9531,9531,9531,9531,9531,9531,
2017,02,06,01,00,00,24.75,4.47,954883,1490077,2028050,1350466,2028050,2030400,2028050,2028050,2030400,2030400,2028050,2030400,2030400,1012850,1012850,1012850,1012850,1012850,,,,,,,181,5421,5497,5497,5497,5509,5509,5509,5509,5509,5535,5535,5535,5293,5318,5318,5318,5343,5343,5343,5343,5343,5343,5343,-274,9410,9269,9318,9269,9269,9269,9269,9269,9269,9269,9269,9269,9465,9515,9515,9566,9566,9566,9566,9566,9566,9566,9566,
2017,02,06,02,00,00,24.50,4.46,584615,1303982,2025700,1348900,2025700,1350466,1350466,2028050,1350466,2028050,1350466,1350466,1350466,1011675,1011675,1011675,1011675,1011675,,,,,,,200,5424,5523,5537,5523,5523,5523,5523,5523,5523,5523,5523,5523,5281,5306,5331,5331,5331,5331,5331,5331,5331,5331,5331,-260,9399,9253,9302,9253,9269,9269,9269,9269,9269,9269,9269,9269,9465,9515,9515,9515,9566,9566,9515,9566,9566,9515,9515,
2017,02,06,03,00,00,24.00,4.42,461454,1241227,2025700,1348900,2025700,1348900,1348900,1348900,1348900,1348900,1348900,1348900,1348900,1010500,1010500,1010500,1010500,1010500,,,,,,,182,5450,5537,5537,5537,5537,5537,5537,5537,5537,5537,5563,5563,5319,5344,5344,5369,5369,5369,5369,5369,5369,5369,5369,-274,9422,9285,9285,9285,9285,9285,9285,9285,9285,9285,9285,9285,9482,9532,9532,9532,9583,9583,9583,9583,9583,9583,9583,
2017,02,06,04,00,00,23.50,4.42,399464,1209057,1347333,1347333,2023350,1347333,1347333,1347333,1347333,1347333,1347333,1347333,1347333,1009325,1009325,1009325,1009325,1009325,,,,,,,194,5466,5501,5551,5551,5525,5561,5561,5573,5573,5599,5599,5599,5329,5354,5354,5379,5379,5379,5379,5379,5379,5379,5379,-283,9427,9286,9286,9286,9286,9286,9286,9286,9286,9286,9286,9286,9498,9532,9582,9582,9582,9582,9582,9582,9582,9582,9582,
2017,02,06,05,00,00,23.50,4.39,460350,1239500,2021000,1345766,2021000,1347333,1347333,1347333,1347333,1347333,1347333,1347333,1347333,1009325,1009325,1009325,1009325,1009325,,,,,,,201,5498,5565,5618,5591,5603,5603,5603,5603,5603,5603,5603,5603,5358,5371,5396,5396,5396,5422,5422,5398,5398,5396,5434,-279,9396,9236,9253,9253,9204,9269,9269,9269,9269,9269,9269,9269,9482,9532,9532,9532,9532,9532,9532,9532,9532,9582,9582,
2017,02,06,06,00,00,23.75,4.37,457893,1234532,2011600,1339500,2013950,1341066,1341066,1342633,1341066,1342633,1342633,1341066,1341066,1005800,1005800,1005800,1005800,1005800,,,,,,,191,5514,5608,5608,5635,5608,5608,5608,5608,5608,5608,5608,5608,5398,5398,5412,5423,5423,5412,5423,5423,5423,5437,5437,-291,9406,9138,9285,9285,9236,9269,9269,9269,9318,9269,9269,9269,9465,9515,9566,9566,9566,9566,9566,9566,9566,9566,9566,
2017,02,06,07,00,00,32.00,4.37,417174,1201697,2025700,1348900,1348900,1348900,1347333,1348900,1348900,1348900,1348900,1348900,1348900,807460,1011675,1011675,1011675,1011675,1011675176,5510,5589,5601,5589,5601,5601,5601,5601,5601,5601,5601,5601,5406,5406,5406,5406,5432,5432,5432,5432,5432,5432,5432,-256,9447,9318,9350,9302,9318,9318,9318,9318,9318,9318,9318,9318,9515,9566,9566,9566,9616,9566,9616,9566,9616,9566,9566,
2017,02,06,08,00,00,39.50,4.37,469202,1119995,1353600,1353600,1353600,1353600,1355166,1355166,1355166,1355166,1355166,1355166,1355166,811220,811220,1015200,1015200,1015200,811220,,190,5453,5546,5546,5546,5546,5558,5558,5546,5546,5546,5546,5546,5316,5354,5354,5366,5354,5354,5354,5379,5379,5379,5354,-279,9494,9351,9400,9351,9351,9351,9351,9351,9351,9351,9351,9351,9548,9615,9650,9650,9666,9615,9650,9615,9650,9666,9650,
2017,02,06,09,00,00,38.75,4.42,414190,1056385,1355166,1355166,1355166,1016375,1356733,1016375,1356733,1356733,1356733,1356733,1016375,812160,1016375,1016375,812160,812160,812160,,,186,5400,5469,5481,5493,5467,5503,5503,5503,5503,5503,5503,5503,5275,5288,5313,5313,5313,5313,5313,5313,5313,5313,5313,-315,9505,9383,9383,9335,9335,9383,9335,9335,9335,9335,9335,9335,9581,9631,9631,9682,9682,9682,9682,9682,9682,9682,9682,
2017,02,06,10,00,00,41.75,4.30,377488,1167989,1356733,1356733,1356733,1356733,1356733,1356733,1356733,1356733,1356733,1356733,1356733,1016375,1016375,1016375,1016375,1016375,812160177,5455,5471,5544,5544,5493,5540,5566,5566,5566,5566,5566,5566,5325,5349,5374,5374,5374,5374,5374,5374,5374,5374,5374,-274,9533,9400,9383,9383,9400,9400,9400,9400,9400,9400,9400,9400,9597,9648,9648,9648,9648,9698,9698,9698,9698,9698,9698,
2017,02,06,11,00,00,42.50,4.25,338577,1183313,1350466,1350466,1352033,1352033,1352033,1353600,1353600,1353600,1353600,1353600,1353600,1014025,1014025,1014025,1014025,1014025,,,,,,,154,5560,5627,5627,5640,5640,5640,5640,5640,5640,5640,5640,5640,5443,5469,5469,5469,5495,5495,5495,5495,5495,5495,5495,-293,9521,9269,9400,9416,9318,9432,9383,9383,9383,9383,9383,9383,9631,9631,9682,9682,9682,9682,9682,9682,9682,9631,9682,
2017,02,06,12,00,00,47.50,4.37,464872,1252336,2042150,1359866,2042150,1359866,1359866,1361433,1361433,1361433,1361433,1361433,1361433,1019900,1019900,1019900,1019900,1019900,,,,,,,175,5692,5753,5808,5780,5780,5780,5780,5780,5780,5780,5780,5780,5566,5580,5606,5618,5606,5606,5606,5632,5606,5632,5606,-246,9537,9416,9416,9400,9416,9416,9416,9416,9416,9416,9416,9416,9615,9665,9665,9665,9665,9665,9665,9665,9665,9665,9665,
2017,02,06,13,00,00,47.25,4.22,464480,1250965,2039800,1358300,2039800,1358300,1359866,1359866,1359866,1359866,1359866,1359866,1359866,1018725,1018725,1018725,1018725,1018725,,,,,,,180,5820,5878,5905,5905,5918,5918,5918,5918,5905,5918,5918,5918,5712,5712,5726,5726,5726,5726,5753,5726,5753,5726,5753,-273,9549,9400,9449,9400,9449,9400,9449,9400,9400,9400,9400,9400,9598,9700,9700,9700,9700,9700,9700,9700,9700,9700,9649,
2017,02,06,14,00,00,45.75,4.33,898306,1778006,4084300,2039800,2039800,2039800,2042150,2042150,2042150,2042150,2042150,2042150,2042150,1018725,1359866,1359866,1359866,1359866,,,,,,,188,5948,6017,6033,6046,6046,6046,6046,6046,6046,6046,6046,6046,5808,5835,5835,5862,5862,5862,5862,5862,5890,5862,5862,-245,9558,9383,9432,9383,9432,9449,9432,9449,9449,9449,9498,9449,9598,9649,9649,9700,9700,9700,9700,9700,9700,9700,9700,
2017,02,06,15,00,00,44.50,4.20,1053798,1887619,4089000,2042150,4089000,2042150,2042150,2042150,2042150,2042150,2042150,2044500,2042150,1359866,1359866,1361433,1361433,1361433,,,,,,,159,6122,6165,6203,6203,6174,6212,6212,6212,6212,6212,6212,6212,6007,6035,6035,6023,6035,6051,6051,6051,6064,6064,6064,-251,9533,9400,9400,9400,9416,9400,9416,9416,9416,9416,9400,9416,9614,9664,9664,9664,9664,9664,9664,9664,9664,9664,9664,
2017,02,06,16,00,00,38.25,4.19,2520268,2609034,4046700,4051400,4051400,4051400,2023350,4056100,4056100,4056100,4056100,4056100,4056100,1348900,1348900,1348900,1348900,1348900,,,,,,,149,6261,6327,6085,6400,6309,6386,6356,6386,6356,6356,6356,6386,6161,6161,6190,6190,6190,6190,6220,6190,6190,6190,6190,-259,9512,9416,9449,9367,9367,9367,9367,9367,9367,9416,9367,9367,9565,9615,9615,9615,9666,9666,9666,9666,9666,9666,9666,
2017,02,06,17,00,00,34.75,4.23,2578164,2759327,4046700,4046700,4046700,4046700,4046700,4051400,4051400,4046700,4051400,4046700,4051400,1347333,2023350,1347333,1347333,1347333,,,,,,,180,6439,6511,6511,6511,6524,6524,6524,6524,6556,6556,6524,6556,6322,6352,6322,6352,6352,6352,6352,6352,6383,6352,6352,-242,9546,9484,9536,9332,9233,9416,9433,9450,9450,9450,9450,9450,9602,9653,9653,9653,9653,9653,9705,9705,9705,9705,9653,
2017,02,07,14,02,04,28.25,3.97,0,-1,-1,-1,-1,-1,-1,-1,-1,-1,-1,-1,-1,-1,-1,-1,-1,-1,-1,-1,-1,-1,-1,-1,0,-1,-1,-1,-1,-1,-1,-1,-1,-1,-1,-1,-1,-1,-1,-1,-1,-1,-1,-1,-1,-1,-1,-1,0,-1,-1,-1,-1,-1,-1,-1,-1,-1,-1,-1,-1,-1,-1,-1,-1,-1,-1,-1,-1,-1,-1,-1,
2017,02,07,14,35,34,23.50,3.95,0,-1,-1,-1,-1,-1,-1,-1,-1,-1,-1,-1,-1,-1,-1,-1,-1,-1,-1,-1,-1,-1,-1,-1,0,-1,-1,-1,-1,-1,-1,-1,-1,-1,-1,-1,-1,-1,-1,-1,-1,-1,-1,-1,-1,-1,-1,-1,0,-1,-1,-1,-1,-1,-1,-1,-1,-1,-1,-1,-1,-1,-1,-1,-1,-1,-1,-1,-1,-1,-1,-1,
2017,02,07,15,00,00,37.00,3.73,0,-1,-1,-1,-1,-1,-1,-1,-1,-1,-1,-1,-1,-1,-1,-1,-1,-1,-1,-1,-1,-1,-1,-1,0,-1,-1,-1,-1,-1,-1,-1,-1,-1,-1,-1,-1,-1,-1,-1,-1,-1,-1,-1,-1,-1,-1,-1,0,-1,-1,-1,-1,-1,-1,-1,-1,-1,-1,-1,-1,-1,-1,-1,-1,-1,-1,-1,-1,-1,-1,-1,
