data,temp_inst,temp_max,temp_min,umid_inst,umid_max,umid_min,pto_orvalho_inst,pto_orvalho_max,pto_orvalho_min,pressao,pressao_max,pressao_min,vento_direcao,vento_vel,vento_rajada,radiacao,precipitacao
31-01-2017 23:00:00,25.6,25.7,25.5,81,81,79,22.2,22.2,21.7,1000.3,1000.3,999.9,3.3,102,8.0,-3.53,0.0
31-01-2017 22:00:00,25.5,25.7,25.5,80,83,80,21.8,22.6,21.7,1000.0,1000.0,998.9,3.9,96,7.2,-2.69,0.0
31-01-2017 21:00:00,25.7,25.9,25.6,83,83,79,22.5,22.5,22.0,998.9,998.9,998.2,4.2,93,7.0,23.18,0.0
31-01-2017 20:00:00,25.8,26.1,25.7,80,88,80,22.0,23.7,22.0,998.5,998.7,998.3,4.0,106,11.3,112.7,0.0
31-01-2017 19:00:00,25.8,30.3,24.9,88,89,64,23.7,23.7,20.9,998.3,998.3,997.6,5.4,77,15.6,263.4,7.2
31-01-2017 18:00:00,30.3,31.6,29.5,65,67,59,22.9,23.3,21.6,997.6,998.5,997.6,5.2,66,9.5,1377.,0.0
31-01-2017 17:00:00,30.5,31.8,29.6,60,67,58,21.8,23.9,21.7,998.5,999.1,998.5,5.8,83,9.4,2403.,0.0
31-01-2017 16:00:00,29.7,31.2,29.7,65,70,62,22.4,24.2,22.2,999.1,1000.2,999.1,4.9,103,8.9,2937.,0.0
31-01-2017 15:00:00,29.9,29.9,28.1,70,84,69,23.8,25.3,23.0,1000.2,1000.9,1000.2,4.2,109,9.5,2673.,0.0
31-01-2017 14:00:00,28.0,28.0,23.4,83,90,79,25.0,25.3,20.6,1000.9,1001.9,1000.9,4.4,114,13.0,1587.,10.0
31-01-2017 13:00:00,25.3,30.0,25.3,79,79,62,21.3,22.3,21.2,1001.9,1002.0,1001.0,6.7,79,13.0,1397.,2.4
31-01-2017 12:00:00,29.8,30.1,28.4,63,69,62,21.9,22.7,21.1,1001.0,1001.0,1000.8,4.1,125,8.9,1929.,0.0
31-01-2017 11:00:00,28.6,28.8,27.4,68,72,68,22.1,22.6,21.6,1000.9,1001.0,1000.6,3.9,120,9.4,1201.,0.0
31-01-2017 10:00:00,27.5,27.6,26.4,72,76,72,22.0,22.2,21.7,1000.6,1000.7,999.5,4.8,107,9.9,408.2,0.0
31-01-2017 09:00:00,26.4,26.6,26.4,75,77,75,21.7,22.2,21.7,999.5,999.6,999.3,5.2,112,9.5,10.25,0.0
31-01-2017 08:00:00,26.5,26.6,26.3,77,79,77,22.1,22.5,22.1,999.3,999.3,999.0,5.0,112,11.1,-3.08,0.0
31-01-2017 07:00:00,26.3,26.3,26.0,79,80,79,22.4,22.4,22.3,999.0,999.2,998.9,4.5,111,7.5,-3.26,0.0
31-01-2017 06:00:00,26.0,26.7,25.8,80,80,76,22.4,22.4,22.0,999.2,999.5,999.2,4.5,116,8.1,-3.49,0.2
31-01-2017 05:00:00,26.7,26.7,26.4,76,76,76,22.1,22.1,21.9,999.3,999.8,999.3,4.3,110,7.6,-3.50,0.0
31-01-2017 04:00:00,26.4,26.8,26.4,76,76,75,21.9,22.0,21.8,999.8,1000.6,999.8,4.4,110,10.3,-3.50,0.0
31-01-2017 03:00:00,26.8,26.8,26.6,75,75,74,21.9,21.9,21.6,1000.5,1000.9,1000.5,6.5,105,10.3,-3.54,0.0
31-01-2017 02:00:00,26.7,26.7,26.4,74,75,74,21.6,21.6,21.5,1000.8,1001.2,1000.8,5.6,106,9.1,-3.54,0.0
31-01-2017 01:00:00,26.5,26.7,26.4,74,75,74,21.6,21.7,21.5,1001.2,1001.4,1001.2,4.5,107,8.4,-3.48,0.0
31-01-2017 00:00:00,26.4,26.7,26.4,75,75,71,21.7,21.7,20.9,1001.3,1001.3,1000.9,4.1,101,6.5,-3.54,0.0
01-02-2017 23:00:00,26.7,27.2,26.7,79,79,74,22.8,22.8,22.1,999.5,999.5,998.7,4.5,100,8.2,-3.46,0.0
01-02-2017 22:00:00,27.1,27.4,27.1,74,74,72,22.1,22.1,21.8,998.7,998.7,998.0,4.4,110,8.4,-3.42,0.0
01-02-2017 21:00:00,27.4,28.2,27.4,72,72,69,21.8,22.1,21.8,998.0,998.2,998.0,3.2,102,7.5,60.09,0.0
01-02-2017 20:00:00,28.2,30.0,28.2,69,70,67,22.0,23.6,22.0,998.2,998.2,997.6,4.5,98,8.9,764.9,0.0
01-02-2017 19:00:00,29.4,29.8,28.5,69,74,68,23.3,24.1,22.8,997.6,998.2,997.5,3.9,107,8.0,1613.,0.0
01-02-2017 18:00:00,28.7,28.8,27.4,74,79,71,23.5,23.9,22.7,998.2,998.4,998.2,2.9,112,6.5,884.1,0.4
01-02-2017 17:00:00,28.4,29.1,25.7,72,82,70,22.9,24.1,22.1,998.4,999.2,998.4,3.9,96,9.5,1725.,0.0
01-02-2017 16:00:00,25.7,31.8,25.3,81,81,55,22.1,22.6,20.0,999.2,999.7,998.9,4.4,127,11.5,1615.,1.6
01-02-2017 15:00:00,31.6,31.9,30.5,57,64,55,22.0,23.5,21.1,999.7,1000.3,999.7,5.6,101,9.8,2799.,0.0
01-02-2017 14:00:00,31.1,31.1,28.8,63,70,62,23.1,23.9,22.4,1000.3,1000.9,1000.3,4.9,95,8.2,2029.,0.0
01-02-2017 13:00:00,29.6,29.8,27.9,67,73,67,22.8,23.5,22.1,1000.9,1001.1,1000.9,4.1,116,8.7,1916.,0.0
01-02-2017 12:00:00,28.7,28.9,27.3,70,76,69,22.6,23.1,22.1,1001.1,1001.1,1000.7,4.4,113,8.1,1812.,0.0
01-02-2017 11:00:00,27.3,27.5,26.2,76,79,74,22.6,23.1,22.0,1000.7,1000.7,1000.1,4.8,117,8.1,1054.,0.0
01-02-2017 10:00:00,26.2,26.4,25.4,79,81,78,22.2,22.4,21.8,1000.1,1000.1,999.3,3.7,118,9.8,325.8,0.0
01-02-2017 09:00:00,25.4,25.6,25.4,81,81,80,21.9,22.0,21.8,999.3,999.3,998.5,4.5,110,9.4,4.585,0.0
01-02-2017 08:00:00,25.4,25.6,25.3,80,81,80,21.8,21.9,21.7,998.6,998.6,998.3,4.8,104,10.3,-3.53,0.0
01-02-2017 07:00:00,25.4,25.7,25.3,80,80,78,21.7,21.7,21.4,998.3,998.3,997.7,3.8,106,7.1,-3.54,0.0
01-02-2017 06:00:00,25.6,25.6,25.4,79,81,79,21.7,22.1,21.7,997.7,997.9,997.6,3.3,107,8.0,-3.54,0.0
01-02-2017 05:00:00,25.6,25.9,25.5,81,82,81,22.1,22.6,22.1,997.9,998.4,997.8,2.8,98,7.1,-3.53,0.0
01-02-2017 04:00:00,25.8,26.0,25.8,82,83,82,22.6,22.7,22.5,998.4,999.1,998.4,4.1,100,8.4,-3.54,0.0
01-02-2017 03:00:00,25.9,26.2,25.9,82,82,81,22.7,22.9,22.6,999.1,1000.0,999.1,4.2,99,9.5,-3.54,0.0
01-02-2017 02:00:00,26.0,26.2,25.9,82,82,80,22.7,22.8,22.3,1000.0,1000.4,999.9,5.7,99,9.5,-3.29,0.0
01-02-2017 01:00:00,26.0,26.0,25.6,80,81,80,22.3,22.3,22.0,1000.4,1000.6,1000.1,4.8,101,7.7,-3.44,0.0
01-02-2017 00:00:00,25.7,25.7,25.6,81,81,81,22.1,22.2,22.1,1000.1,1000.3,1000.1,2.8,116,7.9,-3.54,0.0
02-02-2017 23:00:00,27.0,27.4,27.0,74,74,71,21.9,21.9,21.7,998.9,998.9,997.9,5.8,110,9.9,-3.54,0.0
02-02-2017 22:00:00,27.4,28.5,27.4,71,71,64,21.7,21.7,21.0,998.0,998.0,997.4,6.2,96,10.1,-3.06,0.0
02-02-2017 21:00:00,28.5,30.2,28.5,64,64,58,21.0,21.2,20.7,997.5,997.5,997.1,5.7,92,10.0,197.1,0.0
02-02-2017 20:00:00,30.2,31.4,30.2,58,58,52,21.0,21.4,20.1,997.1,997.1,996.8,5.3,96,10.9,1009.,0.0
02-02-2017 19:00:00,31.3,32.3,31.1,56,56,50,21.4,22.2,20.3,996.8,997.1,996.8,6.6,94,11.7,1740.,0.0
02-02-2017 18:00:00,32.0,33.3,31.2,56,57,50,22.2,22.4,20.9,997.0,997.3,997.0,6.2,90,11.4,2015.,0.0
02-02-2017 17:00:00,32.0,33.0,31.4,53,56,51,21.2,22.2,20.6,997.3,998.0,997.3,6.8,88,10.7,2473.,0.0
02-02-2017 16:00:00,32.8,32.9,30.9,54,58,52,22.2,22.5,21.1,997.9,998.8,997.9,4.8,91,9.4,2233.,0.0
02-02-2017 15:00:00,32.2,32.7,30.9,52,58,50,21.2,22.4,20.6,998.8,999.3,998.8,4.3,120,10.5,3198.,0.0
02-02-2017 14:00:00,31.5,32.0,29.9,58,65,56,22.4,23.1,21.4,999.3,999.9,999.3,6.1,99,8.9,2967.,0.0
02-02-2017 13:00:00,29.9,30.3,28.8,64,67,62,22.3,23.0,21.5,999.9,1000.2,999.8,4.1,104,8.4,2318.,0.0
02-02-2017 12:00:00,29.3,29.5,28.1,65,72,65,22.1,22.7,22.0,1000.1,1000.2,1000.0,4.9,124,8.9,2126.,0.0
02-02-2017 11:00:00,28.2,28.4,26.4,71,77,70,22.4,22.9,22.0,1000.1,1000.1,999.5,4.1,123,9.0,1079.,0.0
02-02-2017 10:00:00,26.5,26.5,26.1,77,80,76,22.1,22.4,21.9,999.5,999.5,998.8,4.1,124,9.0,230.8,0.0
02-02-2017 09:00:00,26.2,26.2,26.0,80,81,80,22.4,22.6,22.3,998.8,998.9,998.3,4.6,108,8.7,6.835,0.0
02-02-2017 08:00:00,26.0,26.2,26.0,81,81,81,22.5,22.7,22.5,998.3,998.3,997.9,4.4,113,10.1,-3.54,0.0
02-02-2017 07:00:00,26.0,26.2,25.8,81,83,81,22.5,22.7,22.5,997.9,998.0,997.5,5.3,111,9.4,-3.45,0.0
02-02-2017 06:00:00,25.8,26.2,25.6,83,84,81,22.7,22.9,22.6,997.6,997.8,997.6,5.6,107,9.5,-3.42,0.2
02-02-2017 05:00:00,26.1,26.3,26.1,81,82,81,22.7,22.9,22.7,997.7,998.1,997.7,4.9,103,11.1,-3.54,0.0
02-02-2017 04:00:00,26.3,26.4,26.2,81,82,81,22.8,22.9,22.7,998.1,998.6,998.1,5.2,98,9.2,-3.53,0.0
02-02-2017 03:00:00,26.4,26.4,26.3,81,81,81,22.9,22.9,22.8,998.6,999.2,998.6,6.0,102,8.3,-3.54,0.0
02-02-2017 02:00:00,26.4,26.5,26.4,81,81,80,22.8,23.0,22.7,999.1,999.2,999.0,4.4,101,7.5,-3.54,0.0
02-02-2017 01:00:00,26.4,26.6,26.4,81,81,79,22.8,22.9,22.7,999.2,999.5,999.2,3.6,107,8.0,-3.41,0.0
02-02-2017 00:00:00,26.6,26.7,26.6,79,80,79,22.7,23.0,22.7,999.4,999.7,999.4,4.3,107,8.0,-3.52,0.0
03-02-2017 23:00:00,26.6,27.2,26.6,77,77,70,22.3,22.3,21.2,1000.1,1000.1,999.3,3.7,110,8.2,-3.54,0.0
03-02-2017 22:00:00,27.2,28.3,27.2,70,70,64,21.1,21.1,20.7,999.3,999.3,998.5,5.0,98,8.3,-3.06,0.0
03-02-2017 21:00:00,28.3,30.2,28.3,64,64,57,20.8,21.0,20.1,998.5,998.5,997.9,5.4,92,10.6,308.2,0.0
03-02-2017 20:00:00,30.1,31.7,30.1,57,57,52,20.6,21.4,19.5,997.9,997.9,997.3,6.2,93,10.3,1017.,0.0
03-02-2017 19:00:00,31.6,32.7,30.8,55,55,48,21.3,21.4,19.7,997.3,997.3,997.1,6.3,91,12.1,1534.,0.0
03-02-2017 18:00:00,31.5,33.3,31.5,51,51,47,20.1,21.2,19.7,997.2,997.6,997.2,6.4,85,10.8,1924.,0.0
03-02-2017 17:00:00,33.0,33.3,31.8,47,52,45,20.3,21.2,19.5,997.6,998.5,997.6,4.9,96,10.1,2081.,0.0
03-02-2017 16:00:00,32.6,33.3,31.5,49,52,45,20.5,21.2,18.6,998.5,999.1,998.5,3.9,91,9.0,2258.,0.0
03-02-2017 15:00:00,31.7,33.0,31.5,45,54,45,18.3,21.3,18.3,999.1,999.9,999.1,5.1,126,10.2,3013.,0.0
03-02-2017 14:00:00,31.7,32.2,30.0,51,59,50,20.5,21.8,20.1,999.9,1000.7,999.9,4.6,110,9.7,2896.,0.0
03-02-2017 13:00:00,30.9,31.2,29.0,56,66,56,21.2,22.3,21.0,1000.6,1000.9,1000.6,4.4,107,8.4,2600.,0.0
03-02-2017 12:00:00,29.1,29.4,27.6,65,70,65,21.9,22.5,21.2,1000.9,1001.0,1000.8,3.7,119,10.4,1919.,0.0
03-02-2017 11:00:00,28.2,28.3,27.1,68,75,68,21.8,22.3,21.7,1000.9,1000.9,999.9,4.2,131,8.8,1245.,0.0
03-02-2017 10:00:00,27.1,27.1,25.9,75,78,75,22.3,22.3,21.7,999.9,999.9,999.4,2.7,121,8.2,364.6,0.0
03-02-2017 09:00:00,25.9,26.1,25.8,78,79,77,21.7,22.1,21.7,999.4,999.4,998.9,3.8,113,8.2,8.947,0.0
03-02-2017 08:00:00,26.1,26.2,25.9,79,80,79,22.0,22.3,22.0,998.9,998.9,998.3,4.3,115,9.6,-3.54,0.0
03-02-2017 07:00:00,26.1,26.3,26.1,80,80,79,22.3,22.4,22.3,998.4,998.5,998.3,5.1,120,9.6,-3.54,0.0
03-02-2017 06:00:00,26.3,26.5,26.3,79,80,78,22.3,22.5,22.3,998.4,998.4,998.2,5.4,111,9.8,-3.47,0.0
03-02-2017 05:00:00,26.3,26.5,26.3,79,79,78,22.4,22.6,22.3,998.3,998.7,998.3,4.7,110,9.4,-3.52,0.0
03-02-2017 04:00:00,26.4,26.8,26.4,78,78,76,22.3,22.4,22.1,998.7,999.0,998.7,4.9,108,9.4,-3.53,0.0
03-02-2017 03:00:00,26.6,26.8,26.5,77,78,77,22.3,22.5,22.3,999.0,999.5,999.0,5.2,110,9.4,-3.54,0.0
03-02-2017 02:00:00,26.7,26.9,26.7,77,77,77,22.4,22.5,22.4,999.5,999.9,999.5,5.4,109,11.1,-3.54,0.0
03-02-2017 01:00:00,26.8,26.9,26.8,77,77,76,22.5,22.5,22.3,999.9,1000.0,999.8,5.6,109,10.9,-3.48,0.0
03-02-2017 00:00:00,26.8,27.1,26.8,76,77,74,22.3,22.5,22.0,999.7,999.7,998.9,5.3,109,10.9,-3.54,0.0
04-02-2017 23:00:00,27.2,27.6,27.1,57,57,55,18.0,18.2,17.5,998.8,998.8,997.8,2.7,105,6.3,-3.54,0.0
04-02-2017 22:00:00,27.6,28.4,27.6,57,59,54,18.2,19.1,17.9,997.9,997.9,997.4,2.8,107,7.8,-3.01,0.0
04-02-2017 21:00:00,28.4,29.8,28.4,56,56,51,18.6,18.7,18.2,997.4,997.5,997.1,4.3,88,11.1,256.8,0.0
04-02-2017 20:00:00,29.7,31.0,29.7,51,56,51,18.5,20.6,18.5,997.1,997.1,996.6,7.7,84,11.1,934.2,0.0
04-02-2017 19:00:00,30.9,31.8,30.7,54,58,53,20.7,21.9,20.3,996.6,996.6,996.3,7.2,85,11.9,1442.,0.0
04-02-2017 18:00:00,31.8,34.4,31.3,55,56,44,21.8,22.1,20.2,996.4,996.7,996.3,7.8,86,12.5,2355.,0.0
04-02-2017 17:00:00,33.5,34.3,32.8,46,46,39,20.4,20.4,18.3,996.7,997.6,996.7,4.0,108,7.8,2731.,0.0
04-02-2017 16:00:00,33.8,34.0,31.7,43,48,41,19.3,20.3,18.4,997.6,998.7,997.6,3.6,135,8.5,3352.,0.0
04-02-2017 15:00:00,31.7,32.6,30.7,46,58,45,18.7,22.1,18.3,998.7,999.7,998.7,4.9,117,10.0,3305.,0.0
04-02-2017 14:00:00,30.8,31.1,28.8,56,64,56,21.0,22.2,20.9,999.6,1000.7,999.6,5.0,128,10.0,2835.,0.0
04-02-2017 13:00:00,28.9,30.9,28.9,62,65,57,20.9,22.3,20.8,1000.7,1001.0,1000.7,4.7,126,9.0,2576.,0.0
04-02-2017 12:00:00,29.4,29.6,28.3,63,68,63,21.6,22.0,21.2,1000.9,1001.1,1000.9,4.4,104,8.0,2231.,0.0
04-02-2017 11:00:00,28.3,28.3,26.8,68,73,67,21.7,21.9,21.2,1001.0,1001.0,1000.5,4.2,125,8.0,1319.,0.0
04-02-2017 10:00:00,26.8,26.8,25.7,73,78,73,21.6,21.9,21.4,1000.5,1000.5,999.9,4.6,116,9.0,320.4,0.0
04-02-2017 09:00:00,25.7,25.8,25.7,78,79,78,21.5,21.7,21.5,1000.0,1000.0,999.6,3.8,118,8.9,6.712,0.0
04-02-2017 08:00:00,25.7,26.0,25.7,78,78,77,21.7,21.9,21.5,999.6,999.7,999.0,4.0,115,9.4,-3.54,0.0
04-02-2017 07:00:00,25.9,26.0,25.8,78,79,78,21.9,22.0,21.8,999.0,999.0,998.7,4.1,110,7.4,-3.54,0.0
04-02-2017 06:00:00,25.9,26.2,25.8,79,79,78,21.9,22.1,21.8,998.7,998.9,998.6,3.8,115,8.6,-3.54,0.0
04-02-2017 05:00:00,26.1,26.4,26.1,78,78,76,22.0,22.0,21.8,998.9,999.3,998.9,4.0,115,8.7,-3.54,0.0
04-02-2017 04:00:00,26.4,26.4,26.1,77,78,77,22.0,22.2,22.0,999.3,999.8,999.3,4.3,109,8.7,-3.54,0.0
04-02-2017 03:00:00,26.3,26.6,26.3,78,78,77,22.2,22.2,22.1,999.8,1000.4,999.8,3.8,106,6.6,-3.53,0.0
04-02-2017 02:00:00,26.5,26.7,26.4,77,77,77,22.2,22.3,22.1,1000.4,1000.8,1000.4,3.4,108,8.1,-3.54,0.0
04-02-2017 01:00:00,26.7,26.7,26.6,77,78,76,22.2,22.4,22.1,1000.7,1000.8,1000.6,4.7,117,8.3,-3.54,0.0
04-02-2017 00:00:00,26.6,26.6,26.5,78,78,77,22.4,22.5,22.3,1000.6,1000.6,1000.1,4.0,111,7.7,-3.54,0.0
05-02-2017 23:00:00,26.8,27.0,26.8,73,73,72,21.5,21.6,21.4,998.2,998.2,997.8,4.7,100,7.7,-3.54,0.0
05-02-2017 22:00:00,26.9,27.9,26.9,73,73,65,21.6,21.6,20.8,997.9,998.0,997.7,4.4,92,8.1,-2.77,0.0
05-02-2017 21:00:00,27.9,30.5,27.9,65,65,50,20.8,20.8,19.0,997.7,997.7,997.3,5.4,91,10.0,253.3,0.0
05-02-2017 20:00:00,30.5,32.5,30.5,50,50,42,18.8,18.8,17.3,997.3,997.3,996.7,6.1,81,10.0,1097.,0.0
05-02-2017 19:00:00,32.1,32.8,32.0,43,53,42,17.9,21.4,17.7,996.7,996.8,996.7,5.8,94,10.9,1890.,0.0
05-02-2017 18:00:00,32.1,33.4,31.5,53,56,50,21.2,22.3,21.0,996.7,996.9,996.7,6.5,77,10.8,1956.,0.0
05-02-2017 17:00:00,33.2,34.6,31.9,51,56,41,21.6,22.7,19.0,996.9,997.6,996.9,5.9,75,9.8,2381.,0.0
05-02-2017 16:00:00,34.1,34.2,32.2,41,44,40,19.2,19.7,17.7,997.6,998.2,997.6,3.5,97,8.5,2478.,0.0
05-02-2017 15:00:00,33.0,34.1,32.0,42,48,40,18.4,20.0,17.8,998.2,999.3,998.2,4.6,118,8.5,3421.,0.0
05-02-2017 14:00:00,32.1,32.5,30.4,47,52,46,19.4,20.4,18.9,999.3,999.8,999.3,4.2,126,9.8,3204.,0.0
05-02-2017 13:00:00,31.3,31.3,29.7,50,59,50,19.8,20.9,19.2,999.8,1000.4,999.8,4.3,139,10.0,2822.,0.0
05-02-2017 12:00:00,29.7,29.8,28.2,58,66,58,20.7,21.6,20.2,1000.4,1000.6,1000.3,5.1,129,10.0,2265.,0.0
05-02-2017 11:00:00,28.3,28.5,27.2,65,71,65,21.2,21.9,21.1,1000.3,1000.3,999.5,4.0,139,8.3,1371.,0.0
05-02-2017 10:00:00,27.2,27.3,25.7,71,78,71,21.4,21.7,21.2,999.5,999.5,998.7,2.8,111,8.2,381.4,0.0
05-02-2017 09:00:00,25.7,25.8,25.7,78,80,78,21.6,22.1,21.6,998.8,998.8,998.3,3.8,118,7.2,5.891,0.0
05-02-2017 08:00:00,25.8,25.9,25.6,80,82,80,22.0,22.4,22.0,998.3,998.3,997.9,3.9,115,7.5,-2.99,0.0
05-02-2017 07:00:00,25.6,26.3,25.4,82,82,78,22.3,22.3,21.9,998.0,998.0,997.8,3.9,111,8.4,-3.53,0.0
05-02-2017 06:00:00,26.3,26.3,26.0,78,80,78,22.1,22.3,22.0,997.8,997.9,997.6,4.6,111,8.0,-3.53,0.0
05-02-2017 05:00:00,26.0,26.4,26.0,80,80,77,22.2,22.3,21.9,997.9,998.2,997.9,4.1,115,7.9,-3.54,0.0
05-02-2017 04:00:00,26.3,26.5,26.2,77,77,75,21.9,21.9,21.7,998.1,998.6,998.1,4.3,117,9.3,-3.54,0.0
05-02-2017 03:00:00,26.4,26.4,26.2,76,77,76,21.8,22.0,21.8,998.6,999.1,998.6,5.0,113,8.7,-3.54,0.0
05-02-2017 02:00:00,26.2,26.3,26.1,77,78,77,21.9,22.0,21.9,999.1,999.4,999.1,3.9,109,8.1,-3.54,0.0
05-02-2017 01:00:00,26.1,26.4,26.1,77,77,72,21.8,21.8,21.0,999.4,999.5,999.3,3.8,113,6.9,-3.54,0.0
05-02-2017 00:00:00,26.4,27.2,26.4,72,72,57,21.0,21.0,18.1,999.3,999.3,998.8,3.7,116,8.9,-3.54,0.0
06-02-2017 23:00:00,27.3,27.8,27.3,72,72,68,21.8,21.8,21.4,998.1,998.1,997.2,5.6,105,10.3,-3.50,0.0
06-02-2017 22:00:00,27.8,28.7,27.8,68,68,64,21.3,21.4,21.0,997.2,997.3,996.7,5.5,103,10.2,-2.95,0.0
06-02-2017 21:00:00,28.7,29.8,28.7,64,64,61,21.3,21.8,21.2,996.7,996.7,996.3,6.1,100,11.0,277.5,0.0
06-02-2017 20:00:00,29.6,31.3,29.6,61,61,53,21.3,21.5,20.7,996.4,996.7,996.4,6.4,88,10.9,771.7,0.0
06-02-2017 19:00:00,31.3,32.5,31.3,53,54,51,20.6,21.6,20.3,996.6,996.7,996.5,6.4,93,10.9,1586.,0.0
06-02-2017 18:00:00,31.6,33.4,31.6,53,53,48,20.8,21.7,20.3,996.6,997.0,996.5,6.7,84,10.7,1781.,0.0
06-02-2017 17:00:00,33.4,33.4,31.7,49,56,49,21.4,22.5,20.8,997.0,997.7,997.0,6.9,84,10.4,2305.,0.0
06-02-2017 16:00:00,32.0,33.3,30.3,54,63,51,21.4,22.8,21.2,997.7,998.7,997.7,4.8,90,8.2,1730.,0.0
06-02-2017 15:00:00,30.6,33.5,28.6,62,72,49,22.5,23.8,21.2,998.7,999.4,998.7,3.3,95,8.5,1425.,1.2
06-02-2017 14:00:00,33.4,33.4,31.1,51,57,49,21.8,22.3,20.9,999.3,999.7,999.3,4.5,96,8.5,3263.,0.0
06-02-2017 13:00:00,31.2,32.0,29.7,56,63,54,21.4,22.5,21.3,999.6,999.9,999.6,4.8,94,8.3,2910.,0.0
06-02-2017 12:00:00,29.7,30.3,28.9,62,67,61,21.8,22.5,21.6,999.9,999.9,999.7,4.2,119,9.0,2150.,0.0
06-02-2017 11:00:00,28.8,28.9,27.8,67,71,66,22.1,22.4,21.8,999.7,999.7,999.1,4.2,119,9.0,1436.,0.0
06-02-2017 10:00:00,27.9,27.9,26.2,71,77,71,22.2,22.4,21.9,999.1,999.1,998.4,1.9,122,4.4,454.5,0.0
06-02-2017 09:00:00,26.2,26.4,26.1,77,78,77,21.9,22.1,21.8,998.5,998.5,998.1,2.2,108,4.3,7.895,0.0
06-02-2017 08:00:00,26.4,26.6,26.4,77,77,76,22.0,22.0,21.9,998.1,998.1,997.5,2.2,108,5.3,-3.54,0.0
06-02-2017 07:00:00,26.5,26.6,26.5,76,77,76,22.0,22.2,22.0,997.5,997.5,997.2,2.9,124,6.2,-3.20,0.0
06-02-2017 06:00:00,26.6,26.6,26.5,77,77,76,22.1,22.1,22.0,997.4,997.5,997.3,3.9,120,7.5,-3.46,0.0
06-02-2017 05:00:00,26.6,26.6,26.3,76,78,76,22.0,22.2,22.0,997.5,997.7,997.5,3.8,114,8.8,-3.47,0.0
06-02-2017 04:00:00,26.4,26.6,26.3,77,78,77,22.1,22.3,22.1,997.7,998.5,997.7,4.6,113,10.5,-3.54,0.0
06-02-2017 03:00:00,26.5,26.7,26.5,77,77,76,22.2,22.2,22.1,998.5,999.0,998.5,5.3,105,9.7,-3.54,0.0
06-02-2017 02:00:00,26.6,26.6,26.4,76,77,76,22.1,22.2,22.0,998.9,999.0,998.7,5.8,111,11.3,-3.54,0.0
06-02-2017 00:00:00,26.5,26.8,26.5,76,76,73,22.0,22.0,21.4,998.4,998.4,998.1,5.5,110,9.9,-3.54,0.0
06-02-2017 01:00:00,26.4,26.6,26.4,77,77,76,22.1,22.1,21.9,998.8,998.8,998.4,5.6,112,9.9,-3.48,0.0
07-02-2017 23:00:00,26.7,27.0,26.6,78,78,75,22.6,22.6,22.2,998.6,998.6,997.8,3.8,101,7.3,-3.54,0.0
07-02-2017 22:00:00,27.0,28.1,27.0,75,75,68,22.1,22.1,21.6,997.8,997.8,997.2,3.8,94,7.7,-3.36,0.0
07-02-2017 21:00:00,28.1,30.1,28.1,68,68,58,21.6,21.6,20.9,997.2,997.2,996.7,5.3,92,10.3,268.3,0.0
07-02-2017 20:00:00,30.1,31.8,30.1,58,59,49,20.9,21.4,19.6,996.7,996.7,996.5,6.6,80,10.1,1102.,0.0
07-02-2017 19:00:00,31.4,33.3,31.4,49,52,48,19.5,21.0,19.4,996.6,996.8,996.6,6.4,82,10.1,1950.,0.0
07-02-2017 18:00:00,31.9,34.1,31.9,50,50,44,20.1,20.9,19.7,996.7,996.9,996.5,6.6,85,11.6,2648.,0.0
07-02-2017 17:00:00,33.5,34.2,32.7,46,47,43,20.3,20.7,19.3,996.9,997.6,996.9,6.4,87,10.8,3026.,0.0
07-02-2017 16:00:00,34.0,34.2,32.4,43,48,43,19.7,21.1,19.3,997.6,998.3,997.6,6.4,79,10.8,3347.,0.0
07-02-2017 15:00:00,33.5,33.8,30.6,45,63,45,20.1,22.8,20.1,998.3,999.0,998.3,5.6,105,10.4,3392.,0.0
07-02-2017 14:00:00,30.6,30.8,29.4,61,74,60,22.3,24.7,22.1,999.0,999.8,999.0,4.5,110,8.6,2305.,0.0
07-02-2017 13:00:00,29.8,29.8,26.2,74,85,74,24.6,24.8,22.0,999.8,1000.1,999.8,4.0,106,11.3,1758.,1.2
07-02-2017 12:00:00,28.3,29.7,26.7,74,83,72,23.2,24.7,22.8,1000.0,1000.0,999.5,4.9,82,8.5,1633.,0.2
07-02-2017 11:00:00,28.4,29.1,27.6,73,78,71,23.0,23.8,22.7,999.5,999.5,998.7,4.2,100,7.5,1166.,0.0
07-02-2017 10:00:00,27.6,27.6,26.3,78,81,77,23.3,23.3,22.7,998.7,998.7,998.0,4.0,105,8.4,363.9,0.0
07-02-2017 09:00:00,26.3,26.3,26.2,81,81,80,22.7,22.7,22.6,998.0,998.0,997.5,2.9,103,6.8,8.787,0.0
07-02-2017 08:00:00,26.3,26.3,26.2,80,81,80,22.6,22.6,22.5,997.5,997.5,997.3,3.3,103,6.7,-3.23,0.0
07-02-2017 07:00:00,26.2,26.2,26.1,81,82,81,22.6,22.8,22.6,997.4,997.4,997.1,2.8,107,6.1,-3.42,0.0
07-02-2017 06:00:00,26.2,26.3,26.1,82,82,82,22.8,23.0,22.8,997.1,997.1,996.9,4.1,91,7.3,-2.58,0.0
07-02-2017 05:00:00,26.2,26.3,26.1,82,83,81,23.0,23.1,22.8,996.9,997.2,996.9,3.9,94,7.3,-3.53,0.0
07-02-2017 04:00:00,26.3,26.9,26.3,81,81,77,22.8,22.8,22.5,997.2,997.9,997.2,3.9,80,6.8,-3.54,0.0
07-02-2017 03:00:00,26.8,27.0,26.8,78,78,76,22.6,22.6,22.3,997.9,998.8,997.9,3.9,108,7.2,-3.54,0.0
07-02-2017 02:00:00,27.0,27.0,26.9,76,76,75,22.4,22.4,22.2,998.8,999.0,998.7,4.2,113,8.9,-3.53,0.0
07-02-2017 01:00:00,27.0,27.3,27.0,75,75,72,22.2,22.2,21.7,998.7,998.7,998.3,4.8,112,8.9,-3.54,0.0
07-02-2017 00:00:00,27.2,27.3,27.1,72,74,72,21.8,22.1,21.8,998.4,998.5,998.1,4.7,108,9.5,-3.38,0.0