time,temperature,VCC,sensor01resistancebias,sensor01value,raw01,raw02,raw03,raw04,raw05,raw06,raw07,raw08,raw09,raw10,raw11,raw12,raw13,raw14,raw15,raw16,raw17,raw18,raw19,raw20,raw21,raw22,sensor02resistancebias,sensor02value,raw23,raw24,raw25,raw26,raw27,raw28,raw29,raw30,raw31,raw32,raw33,raw34,raw35,raw36,raw37,raw38,raw39,raw40,raw41,raw42,raw43,raw44,sensor03resistancebias,sensor03value,raw45,raw46,raw47,raw48,raw49,raw50,raw51,raw52,raw53,raw54,raw55,raw56,raw57,raw58,raw59,raw60,raw61,raw62,raw63,raw64,raw65,raw66
12/28/16 12:15:52,30.75,4.8,0,-1,-1,-1,-1,-1,-1,-1,-1,-1,-1,-1,-1,-1,-1,-1,-1,-1,-1,-1,-1,-1,-1,-1,0,-1,-1,-1,-1,-1,-1,-1,-1,-1,-1,-1,-1,-1,-1,-1,-1,-1,-1,-1,-1,-1,-1,-1,0,-1,-1,-1,-1,-1,-1,-1,-1,-1,-1,-1,-1,-1,-1,-1,-1,-1,-1,-1,-1,-1,-1,-1
12/28/16 12:15:58,30.75,4.78,0,-1,-1,-1,-1,-1,-1,-1,-1,-1,-1,-1,-1,-1,-1,-1,-1,-1,-1,-1,-1,-1,-1,-1,0,-1,-1,-1,-1,-1,-1,-1,-1,-1,-1,-1,-1,-1,-1,-1,-1,-1,-1,-1,-1,-1,-1,-1,937009,NaN,4117200,4121900,2058600,4117200,4121900,4117200,4121900,4121900,4121900,4117200,4121900,4121900,2058600,4117200,4121900,412190,NaN,NaN,NaN,NaN,NaN,NaN
12/28/16 12:16:22,31,4.78,0,-1,-1,-1,-1,-1,-1,-1,-1,-1,-1,-1,-1,-1,-1,-1,-1,-1,-1,-1,-1,-1,-1,-1,0,-1,-1,-1,-1,-1,-1,-1,-1,-1,-1,-1,-1,-1,-1,-1,-1,-1,-1,-1,-1,-1,-1,-1,-188427,NaN,4121900,4121900,4121900,4121900,4121900,2058600,4117200,4117200,4121900,4121900,2058600,4121900,4121900,4121900,4121900,412190,NaN,NaN,NaN,NaN,NaN,NaN
12/28/16 12:17:00,31.25,4.89,0,-1,-1,-1,-1,-1,-1,-1,-1,-1,-1,-1,-1,-1,-1,-1,-1,-1,-1,-1,-1,-1,-1,-1,0,-1,-1,-1,-1,-1,-1,-1,-1,-1,-1,-1,-1,-1,-1,-1,-1,-1,-1,-1,-1,-1,-1,-1,1123300,561649,4112500,4121900,4121900,-1,-1,-1,-1,-1,-1,-1,-1,-1,-1,-1,-1,-1,-1,-1,-1,-1,-1,-1
12/28/16 12:18:00,31.25,4.87,0,-1,-1,-1,-1,-1,-1,-1,-1,-1,-1,-1,-1,-1,-1,-1,-1,-1,-1,-1,-1,-1,-1,-1,0,-1,-1,-1,-1,-1,-1,-1,-1,-1,-1,-1,-1,-1,-1,-1,-1,-1,-1,-1,-1,-1,-1,-1,-1922,3557579,4117200,4121900,4117200,4117200,4117200,-1,2058600,4117200,4117200,4121900,4117200,4121900,4121900,4121900,4121900,2058600,4121900,NaN,NaN,NaN,NaN,NaN
12/28/16 12:19:00,31.25,4.87,0,-1,-1,-1,-1,-1,-1,-1,-1,-1,-1,-1,-1,-1,-1,-1,-1,-1,-1,-1,-1,-1,-1,-1,0,-1,-1,-1,-1,-1,-1,-1,-1,-1,-1,-1,-1,-1,-1,-1,-1,-1,-1,-1,-1,-1,-1,-1,0,-1,-1,-1,-1,-1,-1,-1,-1,-1,-1,-1,-1,-1,-1,-1,-1,-1,-1,-1,-1,-1,-1,-1
12/28/16 12:19:39,31.25,4.8,0,-1,-1,-1,-1,-1,-1,-1,-1,-1,-1,-1,-1,-1,-1,-1,-1,-1,-1,-1,-1,-1,-1,-1,0,-1,-1,-1,-1,-1,-1,-1,-1,-1,-1,-1,-1,-1,-1,-1,-1,-1,-1,-1,-1,-1,-1,-1,-565069,NaN,4112500,4117200,2056250,4117200,4117200,2058600,4112500,2056250,4112500,4117200,2053900,4117200,4121900,4121900,4117200,411720,NaN,NaN,NaN,NaN,NaN,NaN
12/28/16 12:20:00,31.25,4.87,375145,187571,-1,-1,4126600,-1,-1,-1,-1,-1,-1,-1,-1,-1,-1,-1,-1,-1,-1,-1,-1,-1,-1,-1,0,-1,-1,-1,-1,-1,-1,-1,-1,-1,-1,-1,-1,-1,-1,-1,-1,-1,-1,-1,-1,-1,-1,-1,0,-1,-1,-1,-1,-1,-1,-1,-1,-1,-1,-1,-1,-1,-1,-1,-1,-1,-1,-1,-1,-1,-1,-1
12/28/16 12:21:00,31.25,4.87,0,-1,-1,-1,-1,-1,-1,-1,-1,-1,-1,-1,-1,-1,-1,-1,-1,-1,-1,-1,-1,-1,-1,-1,0,-1,-1,-1,-1,-1,-1,-1,-1,-1,-1,-1,-1,-1,-1,-1,-1,-1,-1,-1,-1,-1,-1,-1,-378136,3934968,4117200,4121900,4117200,4121900,4121900,4121900,2058600,4121900,2058600,4121900,4121900,4121900,4121900,4126600,4121900,4126600,4126600,NaN,NaN,NaN,NaN,NaN
12/28/16 12:22:00,31.25,4.87,0,-1,-1,-1,-1,-1,-1,-1,-1,-1,-1,-1,-1,-1,-1,-1,-1,-1,-1,-1,-1,-1,-1,-1,0,-1,-1,-1,-1,-1,-1,-1,-1,-1,-1,-1,-1,-1,-1,-1,-1,-1,-1,-1,-1,-1,-1,-1,-2350,3747929,2058600,4121900,2058600,4121900,4121900,4121900,4121900,4121900,4121900,4121900,4121900,4126600,4126600,4121900,4126600,2060950,4121900,NaN,NaN,NaN,NaN,NaN
12/28/16 12:23:00,31.5,4.89,0,-1,-1,-1,-1,-1,-1,-1,-1,-1,-1,-1,-1,-1,-1,-1,-1,-1,-1,-1,-1,-1,-1,-1,0,-1,-1,-1,-1,-1,-1,-1,-1,-1,-1,-1,-1,-1,-1,-1,-1,-1,-1,-1,-1,-1,-1,-1,935727,467862,4112500,4121900,2058600,-1,-1,-1,-1,-1,-1,-1,-1,-1,-1,-1,-1,-1,-1,-1,-1,-1,-1,-1
12/28/16 12:24:00,31.25,4.87,0,-1,-1,-1,-1,-1,-1,-1,-1,-1,-1,-1,-1,-1,-1,-1,-1,-1,-1,-1,-1,-1,-1,-1,0,-1,-1,-1,-1,-1,-1,-1,-1,-1,-1,-1,-1,-1,-1,-1,-1,-1,-1,-1,-1,-1,-1,-1,-2350,3935929,2058600,4121900,4121900,4121900,4121900,4121900,4121900,4121900,4121900,4121900,4126600,4121900,4126600,4126600,2060950,4126600,4121900,NaN,NaN,NaN,NaN,NaN
12/28/16 12:25:00,31.5,4.89,0,-1,-1,-1,-1,-1,-1,-1,-1,-1,-1,-1,-1,-1,-1,-1,-1,-1,-1,-1,-1,-1,-1,-1,0,-1,-1,-1,-1,-1,-1,-1,-1,-1,-1,-1,-1,-1,-1,-1,-1,-1,-1,-1,-1,-1,-1,-1,0,-1,-1,-1,-1,-1,-1,-1,-1,-1,-1,-1,-1,-1,-1,-1,-1,-1,-1,-1,-1,-1,-1,-1
12/28/16 12:25:09,31.5,4.8,0,-1,-1,-1,-1,-1,-1,-1,-1,-1,-1,-1,-1,-1,-1,-1,-1,-1,-1,-1,-1,-1,-1,-1,0,-1,-1,-1,-1,-1,-1,-1,-1,-1,-1,-1,-1,-1,-1,-1,-1,-1,-1,-1,-1,-1,-1,-1,186291,NaN,4117200,4126600,4121900,2058600,4121900,4121900,4121900,4121900,4121900,4121900,4121900,4121900,4121900,4121900,4126600,206095,NaN,NaN,NaN,NaN,NaN,NaN
12/28/16 12:25:34,31.5,4.8,0,-1,-1,-1,-1,-1,-1,-1,-1,-1,-1,-1,-1,-1,-1,-1,-1,-1,-1,-1,-1,-1,-1,-1,0,-1,-1,-1,-1,-1,-1,-1,-1,-1,-1,-1,-1,-1,-1,-1,-1,-1,-1,-1,-1,-1,-1,-1,0,-1,-1,-1,-1,-1,-1,-1,-1,-1,-1,-1,-1,-1,-1,-1,-1,-1,-1,-1,-1,-1,-1,-1
12/28/16 12:25:48,31.5,4.8,0,-1,-1,-1,-1,-1,-1,-1,-1,-1,-1,-1,-1,-1,-1,-1,-1,-1,-1,-1,-1,-1,-1,-1,0,-1,-1,-1,-1,-1,-1,-1,-1,-1,-1,-1,-1,-1,-1,-1,-1,-1,-1,-1,-1,-1,-1,-1,186291,NaN,4121900,4121900,4121900,2058600,4121900,4121900,4121900,4121900,4121900,4121900,4121900,4121900,4121900,4121900,4126600,412660,NaN,NaN,NaN,NaN,NaN,NaN
12/28/16 12:25:34,23.5,5.88,1905636,952817,-1,-1,-1,-1,4197100,-1,4187700,-1,4183000,4192400,4201800,-1,-1,-1,-1,-1,-1,-1,-1,-1,-1,-1,3069527,1530063,4211200,-1,-1,4192400,4211200,4220600,4220600,4220600,4220600,2107950,2107950,-4700,-4700,-4700,NaN,NaN,NaN,NaN,0,-1,-1,-1,-1,-1,-1,-1,-1,-1,-1,-1,-1,-1,-1,-1,-1,-1,-1,-1,-1,-1,-1,-1,NaN,NaN,NaN,NaN
12/28/16 12:27:23,25.75,5.94,0,-1,-1,-1,-1,-1,-1,-1,-1,-1,-1,-1,-1,-1,-1,-1,-1,-1,-1,-1,-1,-1,-1,-1,0,-1,-1,-1,-1,-1,-1,-1,-1,-1,-1,-1,-1,-1,-1,-1,-1,-1,-1,-1,-1,-1,-1,-1,0,-1,-1,-1,-1,-1,-1,-1,-1,-1,-1,-1,-1,-1,-1,-1,-1,-1,-1,-1,-1,-1,-1,-1
12/28/16 12:28:41,26.5,6.07,0,-1,-1,-1,-1,-1,-1,-1,-1,-1,-1,-1,-1,-1,-1,-1,-1,-1,-1,-1,-1,-1,-1,-1,0,-1,-1,-1,-1,-1,-1,-1,-1,-1,-1,-1,-1,-1,-1,-1,-1,-1,-1,-1,-1,-1,-1,-1,0,-1,-1,-1,-1,-1,-1,-1,-1,-1,-1,-1,-1,-1,-1,-1,-1,-1,-1,-1,-1,-1,-1,-1
12/28/16 12:29:32,26.5,5.67,0,-1,-1,-1,-1,-1,-1,-1,-1,-1,-1,-1,-1,-1,-1,-1,-1,-1,-1,-1,-1,-1,-1,-1,0,-1,-1,-1,-1,-1,-1,-1,-1,-1,-1,-1,-1,-1,-1,-1,-1,-1,-1,-1,-1,-1,-1,-1,0,-1,-1,-1,-1,-1,-1,-1,-1,-1,-1,-1,-1,-1,-1,-1,-1,-1,-1,-1,-1,-1,-1,-1
12/28/16 13:00:00,36.75,5.64,0,-1,-1,-1,-1,-1,-1,-1,-1,-1,-1,-1,-1,-1,-1,-1,-1,-1,-1,-1,-1,-1,-1,-1,4699,-2350,-1,-1,-1,-1,-1,-1,-1,-1,-1,-1,-1,-4700,-4700,-4700,-4700,-4700,-4700,-4700,-4700,-4700,-4700,-4700,107,6740,6749,6780,6780,6780,6780,6811,6811,6811,6811,6811,6811,6607,6668,6668,6699,6699,6699,6699,6699,6699,6730,NaN
12/28/16 14:00:00,44,5.73,-480,13893,13548,13648,13648,13648,13648,13648,13648,13728,13648,13728,13648,14058,14141,14141,14141,14141,14141,141414515,-2258,-1,-1,-1,-1,-1,-1,-1,-1,-1,-1,-1,-4700,-4700,-4700,-3692,-4700,-4700,-4700,-4700,-4700,-4364,-4028,178,7166,7189,7235,7235,7269,7269,7269,7269,7269,7269,7269,7269,6985,7036,7069,7069,7069,7115,7102,7102,7102,7102,NaN,NaN,NaN,NaN,NaN,NaN
12/28/16 15:00:00,42.5,5.79,-580,14306,13995,14016,14016,14016,14016,14016,14016,14016,14016,14016,14037,14463,14550,14550,14550,14638,14638,146384699,-2350,-1,-1,-1,-1,-1,-1,-1,-1,-1,-1,-1,-4700,-4700,-4700,-4700,-4700,-4700,-4700,-4700,-4700,-4700,-4700,153,7165,7149,7250,7250,7189,7276,7243,7243,7243,7276,7276,7276,6991,7056,7056,7089,7089,7089,7122,7122,7122,7122,NaN,NaN,NaN,NaN,NaN,NaN
12/28/16 16:00:00,40.5,5.79,-534,14794,14509,14531,14531,14509,14531,14531,14531,14531,14531,14531,14531,14978,15070,15070,15070,15070,15070,150704699,-2350,-1,-1,-1,-1,-1,-1,-1,-1,-1,-1,-1,-4700,-4700,-4700,-4700,-4700,-4700,-4700,-4700,-4700,-4700,-4700,129,7151,7189,7189,7223,7223,7223,7223,7223,7223,7223,7223,7223,7004,7069,7069,7069,7102,7102,7102,7102,7102,7102,NaN,NaN,NaN,NaN,NaN,NaN
12/28/16 17:00:00,40,5.76,-538,15352,14964,15053,15146,15075,15097,15097,15097,15097,15097,15097,15097,15471,15568,15568,15568,15666,15666,156664699,-2350,-1,-1,-1,-1,-1,-1,-1,-1,-1,-1,-1,-4700,-4700,-4700,-4700,-4700,-4700,-4700,-4700,-4700,-4700,-4700,166,7157,7182,7216,7250,7250,7250,7250,7250,7250,7250,7250,7250,6997,7050,7050,7082,7082,7082,7082,7082,7082,7116,NaN,NaN,NaN,NaN,NaN,NaN
12/28/16 18:00:00,44,5.7,-480,15874,15605,15628,15628,15727,15628,15628,15628,15628,15628,15628,15628,16021,16124,16124,16124,16124,16124,161244699,-2350,-1,-1,-1,-1,-1,-1,-1,-1,-1,-1,-1,-4700,-4700,-4700,-4700,-4700,-4700,-4700,-4700,-4700,-4700,-4700,143,7140,7182,7216,7216,7216,7216,7216,7216,7216,7216,7216,7216,6965,7030,7063,7063,7063,7096,7096,7096,7096,7096,NaN,NaN,NaN,NaN,NaN,NaN
12/28/16 19:00:00,44.75,5.67,-492,16394,16087,16134,16134,16134,16134,16134,16134,16134,16238,16134,16238,16544,16652,16652,16652,16652,16652,166524699,-2350,-1,-1,-1,-1,-1,-1,-1,-1,-1,-1,-1,-4700,-4700,-4700,-4700,-4700,-4700,-4700,-4700,-4700,-4700,-4700,152,7174,7223,7257,7223,7257,7257,7257,7257,7257,7257,7257,7257,6991,7056,7122,7089,7089,7122,7122,7122,7122,7122,NaN,NaN,NaN,NaN,NaN,NaN
12/28/16 20:00:00,39.5,5.64,-448,16699,16378,16378,16402,16509,16509,16509,16509,16509,16509,16509,16509,16823,16934,16934,16934,16934,16934,169344699,-2350,-1,-1,-1,-1,-1,-1,-1,-1,-1,-1,-1,-4700,-4700,-4700,-4700,-4700,-4700,-4700,-4700,-4700,-4700,-4700,152,7148,7183,7196,7264,7230,7230,7230,7230,7217,7230,7230,7230,6997,7030,7063,7063,7063,7096,7096,7096,7096,7096,NaN,NaN,NaN,NaN,NaN,NaN
12/28/16 21:00:00,32.5,5.61,-425,16842,16569,16593,16703,16593,16593,16703,16593,16703,16593,16703,16593,16973,16997,17110,17110,17086,16997,170864699,-2350,-1,-1,-1,-1,-1,-1,-1,-1,-1,-1,-1,-4700,-4700,-4700,-4700,-4700,-4700,-4700,-4700,-4700,-4700,-4700,151,7141,7183,7217,7217,7217,7217,7217,7217,7217,7217,7217,7251,6964,7030,7063,7063,7063,7096,7096,7096,7063,7096,NaN,NaN,NaN,NaN,NaN,NaN
12/28/16 22:00:00,30,5.58,-380,16855,16545,16678,16678,16678,16678,16678,16678,16678,16678,16678,16678,16949,16949,17061,17061,17086,17061,170614699,-2350,-1,-1,-1,-1,-1,-1,-1,-1,-1,-1,-1,-4700,-4700,-4700,-4700,-4700,-4700,-4700,-4700,-4700,-4700,-4700,144,7146,7137,7211,7211,7177,7238,7238,7238,7238,7238,7238,7238,6984,7050,7083,7083,7083,7083,7083,7083,7083,7083,NaN,NaN,NaN,NaN,NaN,NaN
12/28/16 23:00:00,29.25,5.58,-455,16769,16521,16545,16545,16545,16545,16545,16545,16545,16545,16545,16545,16837,16949,16949,16949,17061,17061,170614699,-2350,-1,-1,-1,-1,-1,-1,-1,-1,-1,-1,-1,-4700,-4700,-4700,-4700,-4700,-4700,-4700,-4700,-4700,-4700,-4700,111,7137,7163,7197,7197,7197,7197,7197,7197,7197,7197,7197,7197,6977,7043,7076,7076,7076,7109,7109,7109,7109,7109,NaN,NaN,NaN,NaN,NaN,NaN
12/29/16 00:00:00,29.25,5.53,-423,16661,16390,16414,16414,16414,16414,16521,16414,16521,16414,16521,16521,16703,16813,16813,16813,16924,16924,169244699,-2350,-1,-1,-1,-1,-1,-1,-1,-1,-1,-1,-1,-4700,-4700,-4700,-4700,-4700,-4700,-4700,-4700,-4700,-4700,-4700,144,7144,7184,7218,7218,7218,7218,7231,7218,7218,7218,7218,7218,6964,7030,7063,7063,7096,7096,7096,7096,7096,7096,NaN,NaN,NaN,NaN,NaN,NaN
12/29/16 01:00:00,28.5,5.53,-375,16491,16283,16307,16307,16307,16307,16307,16307,16307,16307,16307,16307,16593,16703,16703,16678,16703,16678,166784699,-2350,-1,-1,-1,-1,-1,-1,-1,-1,-1,-1,-1,-4700,-4700,-4700,-4700,-4700,-4700,-4700,-4700,-4700,-4700,-4700,142,7130,7143,7177,7211,7211,7211,7211,7211,7211,7211,7211,7211,6958,7023,7089,7056,7056,7056,7056,7089,7089,7089,NaN,NaN,NaN,NaN,NaN,NaN
12/29/16 02:00:00,28.75,5.5,-395,16361,16074,16074,16202,16202,16178,16178,16202,16202,16202,16097,16202,16461,16569,16569,16569,16569,16569,165694699,-2350,-1,-1,-1,-1,-1,-1,-1,-1,-1,-1,-1,-4700,-4700,-4700,-4700,-4700,-4700,-4700,-4700,-4700,-4700,-4700,137,7133,7144,7218,7218,7170,7211,7211,7211,7211,7211,7211,7211,6990,7023,7056,7056,7056,7089,7089,7089,7089,7089,NaN,NaN,NaN,NaN,NaN,NaN
12/29/16 03:00:00,28.25,5.47,-340,16297,16050,16050,16050,16074,16154,16178,16178,16154,16178,16154,16178,16331,16438,16438,16438,16545,16545,165454699,-2350,-1,-1,-1,-1,-1,-1,-1,-1,-1,-1,-1,-4700,-4700,-4700,-4700,-4700,-4700,-4700,-4700,-4700,-4700,-4700,159,7140,7170,7239,7204,7204,7204,7239,7239,7239,7239,7204,7239,6983,7050,7036,7069,7083,7069,7069,7069,7083,7083,NaN,NaN,NaN,NaN,NaN,NaN
12/29/16 04:00:00,27.5,5.47,-406,16225,15947,15970,15970,15970,15970,16074,16074,16074,16074,16074,16050,16331,16438,16438,16438,16438,16438,164384699,-2350,-1,-1,-1,-1,-1,-1,-1,-1,-1,-1,-1,-4700,-4700,-4700,-4700,-4700,-4700,-4700,-4700,-4700,-4700,-4700,157,7158,7191,7239,7239,7239,7239,7239,7239,7239,7273,7239,7239,6970,7050,7069,7069,7069,7116,7103,7103,7103,7116,NaN,NaN,NaN,NaN,NaN,NaN
12/29/16 05:00:00,27.25,5.47,-418,16141,15845,15845,15947,15970,15947,15947,15947,15947,15947,15970,15947,16225,16331,16331,16438,16331,16331,163314699,-2350,-1,-1,-1,-1,-1,-1,-1,-1,-1,-1,-1,-4700,-4700,-4700,-4700,-4700,-4700,-4700,-4700,-4700,-4700,-4700,168,7163,7197,7231,7231,7231,7231,7266,7266,7266,7266,7266,7266,7010,7043,7063,7063,7096,7096,7096,7109,7096,7096,NaN,NaN,NaN,NaN,NaN,NaN
12/29/16 06:00:00,26.5,5.44,-447,16063,15821,15845,15845,15845,15845,15845,15845,15821,15845,15845,15845,16202,16202,16307,16307,16307,16307,163074699,-2350,-1,-1,-1,-1,-1,-1,-1,-1,-1,-1,-1,-4700,-4700,-4700,-4700,-4700,-4700,-4700,-4700,-4700,-4700,-4700,153,7157,7151,7212,7225,7225,7252,7252,7252,7252,7252,7252,7252,6997,7063,7063,7096,7096,7096,7096,7096,7096,7096,NaN,NaN,NaN,NaN,NaN,NaN
12/29/16 07:00:00,25.5,5.42,-454,16036,15697,15821,15821,15821,15821,15821,15821,15821,15821,15821,15821,16178,16178,16283,16283,16283,16283,162834699,-2350,-1,-1,-1,-1,-1,-1,-1,-1,-1,-1,-1,-4700,-4700,-4700,-4700,-4700,-4700,-4700,-4700,-4700,-4700,-4700,154,7165,7212,7212,7246,7246,7246,7246,7246,7246,7246,7246,7280,6990,7056,7090,7090,7090,7090,7090,7123,7123,7110,NaN,NaN,NaN,NaN,NaN,NaN
12/29/16 08:00:00,24.75,5.42,-408,15959,15697,15697,15720,15720,15720,15821,15798,15697,15821,15821,15798,16050,16154,16154,16154,16154,16154,161544699,-2350,-1,-1,-1,-1,-1,-1,-1,-1,-1,-1,-1,-4700,-4700,-4700,-4700,-4700,-4700,-4700,-4700,-4700,-4700,-4700,162,7160,7198,7232,7232,7232,7232,7232,7267,7232,7267,7267,7267,6977,7043,7076,7076,7076,7076,7110,7110,7110,7110,NaN,NaN,NaN,NaN,NaN,NaN
12/29/16 09:00:00,25.25,5.39,-445,15907,15574,15697,15697,15697,15697,15697,15697,15697,15697,15697,15697,16050,16050,16154,16154,16154,16154,161544699,-2350,-1,-1,-1,-1,-1,-1,-1,-1,-1,-1,-1,-4700,-4700,-4700,-4700,-4700,-4700,-4700,-4700,-4700,-4700,-4700,162,7165,7191,7225,7225,7259,7259,7259,7259,7259,7259,7259,7259,7003,7036,7069,7103,7103,7103,7103,7103,7103,7103,NaN,NaN,NaN,NaN,NaN,NaN
12/29/16 10:00:00,27.5,5.39,-425,15820,15498,15620,15620,15620,15620,15620,15620,15620,15620,15620,15620,15970,15947,16050,16050,16050,16050,160504699,-2350,-1,-1,-1,-1,-1,-1,-1,-1,-1,-1,-1,-4700,-4700,-4700,-4700,-4700,-4700,-4700,-4700,-4700,-4700,-4700,144,7169,7198,7232,7232,7232,7232,7232,7232,7267,7267,7267,7267,7010,7076,7076,7110,7144,7110,7110,7110,7110,7110,NaN,NaN,NaN,NaN,NaN,NaN
12/29/16 11:00:00,36,5.39,-452,15678,15371,15371,15468,15491,15468,15468,15468,15468,15468,15468,15468,15813,15914,15914,15914,15914,15914,159144699,-2350,-1,-1,-1,-1,-1,-1,-1,-1,-1,-1,-1,-4700,-4700,-4700,-4700,-4700,-4700,-4700,-4700,-4700,-4700,-4700,104,7183,7204,7239,7239,7239,7239,7239,7239,7239,7239,7239,7239,7050,7116,7116,7116,7150,7150,7150,7150,7150,7150,NaN,NaN,NaN,NaN,NaN,NaN
12/29/16 12:00:00,37.5,5.42,-391,15704,15491,15491,15491,15491,15491,15491,15491,15491,15590,15590,15491,15836,15836,15836,15836,15938,15938,159384699,-2350,-1,-1,-1,-1,-1,-1,-1,-1,-1,-1,-1,-4700,-4700,-4700,-4700,-4700,-4700,-4700,-4700,-4700,-4700,-4700,178,7193,7245,7279,7279,7279,7279,7279,7279,7279,7279,7314,7314,7023,7056,7123,7089,7123,7123,7123,7123,7123,7123,NaN,NaN,NaN,NaN,NaN,NaN
12/29/16 13:00:00,43.5,5.42,-493,16148,15790,15914,15914,15914,15914,15914,15914,15914,15914,15914,15914,16296,16320,16426,16426,16426,16402,164024699,-2350,-1,-1,-1,-1,-1,-1,-1,-1,-1,-1,-1,-4700,-4700,-4700,-4700,-4700,-4700,-4700,-4700,-4700,-4700,-4700,190,7223,7252,7314,7314,7266,7306,7341,7341,7341,7341,7341,7341,7050,7083,7116,7116,7149,7149,7149,7149,7149,7149,NaN,NaN,NaN,NaN,NaN,NaN
12/29/16 14:00:00,46,5.44,-489,16952,16678,16678,16703,16703,16813,16703,16703,16703,16703,16703,16703,17110,17110,17225,17225,17225,17225,172004699,-2350,-1,-1,-1,-1,-1,-1,-1,-1,-1,-1,-1,-4700,-4700,-4700,-4700,-4700,-4700,-4700,-4700,-4700,-4700,-4700,161,7243,7293,7293,7327,7327,7327,7327,7327,7327,7327,7362,7327,7069,7136,7136,7170,7170,7170,7170,7170,7203,7203,NaN,NaN,NaN,NaN,NaN,NaN
12/29/16 15:00:00,45,5.44,-451,17819,17475,17500,17618,17618,17618,17618,17618,17618,17618,17618,17618,17936,18059,18059,18059,18059,18059,180594699,-2350,-1,-1,-1,-1,-1,-1,-1,-1,-1,-1,-1,-4700,-4700,-4700,-4700,-4700,-4700,-4700,-4700,-4700,-4700,-4700,138,7223,7258,7293,7293,7293,7293,7293,7293,7293,7293,7293,7327,7069,7136,7136,7170,7170,7170,7170,7170,7170,7170,NaN,NaN,NaN,NaN,NaN,NaN
12/29/16 16:00:00,46,5.44,-441,18847,18486,18642,18642,18642,18642,18642,18642,18642,18642,18642,18642,18959,18959,19093,19093,19093,19093,190934699,-2350,-1,-1,-1,-1,-1,-1,-1,-1,-1,-1,-1,-4700,-4700,-4700,-4700,-4700,-4700,-4700,-4700,-4700,-4700,-4700,188,7233,7285,7320,7333,7333,7333,7333,7333,7333,7333,7333,7333,7076,7096,7129,7129,7129,7163,7163,7163,7163,7163,NaN,NaN,NaN,NaN,NaN,NaN
12/29/16 17:00:00,49.75,5.44,-496,19992,19707,19734,19734,19734,19734,19734,19878,19734,19734,19734,19734,20107,20254,20254,20254,20254,20254,20254,-24618,12308,-1,-1,-1,-1,-1,-1,-1,-1,-1,-1,-1,-4700,-4700,-4700,-4700,-4700,-4700,-4700,-4700,-4700,-4700,317792,161,7266,7293,7341,7341,7293,7333,7347,7381,7347,7381,7381,7381,7089,7142,7176,7176,7176,7210,7210,7244,7210,7210,NaN,NaN,NaN,NaN,NaN
12/29/16 18:00:00,47.25,5.44,-551,20700,20263,20442,20442,20442,20442,20442,20442,20442,20442,20442,20442,20834,20991,20991,20991,20991,20991,2099118775,266658,276046,276046,276046,276046,276046,276046,276046,276046,276046,276046,276046,257325,257325,257325,257325,NaN,NaN,133,7269,7306,7341,7327,7341,7341,7341,7341,7341,7341,7341,7341,7103,7170,7203,7203,7203,7203,7203,7238,7238,7238,NaN,NaN,NaN,NaN,NaN,NaN,NaN,NaN,NaN,NaN,NaN
12/29/16 19:00:00,44.5,5.42,-557,21151,20847,20876,20876,20876,20876,20876,20876,20876,20876,20876,20876,21310,21443,21443,21443,21443,21443,2144322208,277347,275420,275733,295764,295764,295764,295764,275733,295764,275733,295764,295764,256737,274166,274166,274166,NaN,NaN,188,7293,7327,7362,7362,7432,7397,7397,7397,7397,7397,7397,7397,7089,7156,7190,7190,7224,7224,7224,7224,7224,7224,NaN,NaN,NaN,NaN,NaN,NaN,NaN,NaN,NaN,NaN,NaN
12/29/16 20:00:00,40,5.42,-501,21470,21106,21135,21135,21296,21296,21296,21296,21296,21296,21135,21135,21549,21744,21744,21744,21744,21744,2174421671,277383,274480,275106,295092,275420,295764,275733,295764,295764,295764,295764,295764,257031,274480,274480,274480,NaN,NaN,168,7271,7362,7327,7327,7362,7362,7362,7362,7362,7362,7362,7362,7103,7170,7170,7203,7203,7203,7203,7203,7203,7203,NaN,NaN,NaN,NaN,NaN,NaN,NaN,NaN,NaN,NaN,NaN
12/29/16 21:00:00,33.5,5.36,-491,21348,21047,21077,21077,21077,21077,21077,21238,21238,21077,21077,21077,21489,21489,21489,21489,21655,21655,2165518900,277630,274166,274480,294421,274480,294085,294421,294421,274480,294085,294421,294421,272913,272913,272913,272913,NaN,NaN,178,7259,7253,7329,7329,7308,7356,7370,7370,7370,7370,7370,7405,7076,7130,7163,7163,7163,7197,7197,7197,7197,7197,NaN,NaN,NaN,NaN,NaN,NaN,NaN,NaN,NaN,NaN,NaN
12/29/16 22:00:00,30,5.36,-397,20906,20703,20703,20703,20703,20731,20703,20703,20703,20703,20703,20731,20975,20975,21135,21135,21135,21135,211354699,-2350,-1,-1,-1,-1,-1,-1,-1,-1,-1,-1,-1,-4700,-4700,-4700,-4700,-4700,-4700,-4700,-4700,-4700,-4700,-4700,181,7216,7280,7280,7315,7315,7315,7315,7315,7315,7315,7315,7302,7043,7076,7110,7144,7144,7144,7144,7144,7144,7157,NaN,NaN,NaN,NaN,NaN,NaN
12/29/16 23:00:00,29.5,5.34,-421,20409,20066,20094,20243,20094,20243,20243,20243,20243,20243,20243,20243,20480,20634,20634,20634,20634,20634,206344699,-2350,-1,-1,-1,-1,-1,-1,-1,-1,-1,-1,-1,-4700,-4700,-4700,-4700,-4700,-4700,-4700,-4700,-4700,-4700,-4700,165,7243,7267,7302,7336,7336,7336,7336,7336,7336,7336,7336,7336,7076,7110,7144,7177,7177,7177,7177,7177,7177,7177,NaN,NaN,NaN,NaN,NaN,NaN
12/30/16 00:00:00,29.25,5.31,-510,19881,19601,19629,19629,19629,19629,19629,19629,19629,19629,19629,19629,20002,20150,20150,20150,20150,20150,201504699,-2350,-1,-1,-1,-1,-1,-1,-1,-1,-1,-1,-1,-4700,-4700,-4700,-4700,-4700,-4700,-4700,-4700,-4700,-4700,-4700,122,7239,7259,7294,7294,7329,7294,7329,7294,7294,7294,7294,7329,7069,7137,7157,7170,7170,7204,7204,7204,7204,7204,NaN,NaN,NaN,NaN,NaN,NaN
12/30/16 01:00:00,28.75,5.29,-398,19472,19180,19319,19207,19180,19346,19346,19319,19346,19346,19207,19207,19542,19684,19684,19684,19684,19684,196844699,-2350,-1,-1,-1,-1,-1,-1,-1,-1,-1,-1,-1,-4700,-4700,-4700,-4700,-4700,-4700,-4700,-4700,-4700,-4700,-4700,151,7238,7206,7309,7309,7288,7350,7315,7315,7350,7350,7315,7350,7056,7123,7157,7157,7157,7191,7191,7191,7191,7191,NaN,NaN,NaN,NaN,NaN,NaN
12/30/16 02:00:00,28.25,5.29,-356,19070,18746,18907,18907,18907,18907,18907,18907,18907,18907,18907,18907,19124,19261,19261,19261,19261,19261,192614699,-2350,-1,-1,-1,-1,-1,-1,-1,-1,-1,-1,-1,-4700,-4700,-4700,-4700,-4700,-4700,-4700,-4700,-4700,-4700,-4700,158,7245,7274,7309,7309,7309,7309,7344,7344,7344,7344,7344,7344,7083,7117,7151,7185,7185,7185,7185,7185,7185,7185,NaN,NaN,NaN,NaN,NaN,NaN
12/30/16 03:00:00,27.5,5.26,-423,18729,18483,18509,18640,18509,18509,18509,18509,18509,18509,18509,18509,18826,18853,18961,18988,18961,18961,189614699,-2350,-1,-1,-1,-1,-1,-1,-1,-1,-1,-1,-1,-4700,-4700,-4700,-4700,-4700,-4700,-4700,-4700,-4700,-4700,-4700,147,7229,7261,7309,7309,7295,7309,7309,7309,7309,7309,7309,7309,7070,7103,7137,7205,7171,7185,7171,7171,7171,7171,NaN,NaN,NaN,NaN,NaN,NaN
12/30/16 04:00:00,27.5,5.26,-419,18459,18225,18251,18251,18225,18353,18251,18251,18251,18225,18225,18251,18562,18562,18693,18693,18693,18693,186934699,-2350,-1,-1,-1,-1,-1,-1,-1,-1,-1,-1,-1,-4700,-4700,-4700,-4700,-4700,-4700,-4700,-4700,-4700,-4700,-4700,143,7226,7267,7302,7302,7302,7302,7302,7302,7302,7302,7302,7302,7076,7110,7144,7144,7177,7177,7177,7177,7177,7177,NaN,NaN,NaN,NaN,NaN,NaN
12/30/16 05:00:00,27.75,5.24,-345,18247,17973,17973,18098,18098,18098,18098,18098,18098,18098,18098,18098,18303,18432,18432,18432,18432,18432,184324699,-2350,-1,-1,-1,-1,-1,-1,-1,-1,-1,-1,-1,-4700,-4700,-4700,-4700,-4700,-4700,-4700,-4700,-4700,-4700,-4700,155,7244,7213,7330,7330,7295,7336,7336,7372,7323,7336,7336,7336,7063,7130,7164,7164,7164,7164,7198,7198,7198,7198,NaN,NaN,NaN,NaN,NaN,NaN
12/30/16 06:00:00,27.25,5.24,-419,18055,17824,17849,17849,17849,17849,17849,17849,17849,17849,17849,17849,18150,18277,18277,18277,18277,18277,182774699,-2350,-1,-1,-1,-1,-1,-1,-1,-1,-1,-1,-1,-4700,-4700,-4700,-4700,-4700,-4700,-4700,-4700,-4700,-4700,-4700,166,7252,7295,7330,7330,7317,7330,7330,7330,7330,7330,7366,7401,7070,7137,7171,7158,7158,7205,7192,7192,7192,7192,NaN,NaN,NaN,NaN,NaN,NaN
12/30/16 07:00:00,25.75,5.21,-481,17915,17453,17676,17676,17727,17631,17631,17631,17752,17752,17752,17752,17952,18076,18076,18202,18202,18202,182024699,-2350,-1,-1,-1,-1,-1,-1,-1,-1,-1,-1,-1,-4700,-4700,-4700,-4700,-4700,-4700,-4700,-4700,-4700,-4700,-4700,168,7250,7274,7309,7344,7344,7344,7344,7344,7344,7344,7344,7344,7083,7117,7151,7185,7185,7185,7185,7185,7185,7185,NaN,NaN,NaN,NaN,NaN,NaN
12/30/16 08:00:00,24.5,5.21,-496,17762,17410,17410,17529,17529,17529,17529,17555,17529,17555,17529,17555,17875,17999,17999,17999,17999,18124,179994699,-2350,-1,-1,-1,-1,-1,-1,-1,-1,-1,-1,-1,-4700,-4700,-4700,-4700,-4700,-4700,-4700,-4700,-4700,-4700,-4700,163,7239,7262,7303,7303,7330,7344,7344,7309,7344,7344,7309,7344,7070,7137,7137,7171,7171,7171,7171,7171,7171,7171,NaN,NaN,NaN,NaN,NaN,NaN
12/30/16 09:00:00,24.25,5.19,-498,17645,17266,17410,17410,17410,17410,17410,17410,17410,17410,17410,17410,17727,17849,17973,17973,17849,17973,178494699,-2350,-1,-1,-1,-1,-1,-1,-1,-1,-1,-1,-1,-4700,-4700,-4700,-4700,-4700,-4700,-4700,-4700,-4700,-4700,-4700,120,7229,7254,7289,7303,7289,7303,7289,7303,7289,7289,7289,7289,7076,7131,7165,7165,7165,7199,7165,7165,7233,7199,NaN,NaN,NaN,NaN,NaN,NaN
12/30/16 10:00:00,26,5.19,-466,17505,17175,17200,17200,17200,17317,17317,17317,17317,17317,17317,17317,17631,17752,17752,17752,17752,17752,177524699,-2350,-1,-1,-1,-1,-1,-1,-1,-1,-1,-1,-1,-4700,-4700,-4700,-4700,-4700,-4700,-4700,-4700,-4700,-4700,-4700,135,7231,7268,7303,7303,7303,7303,7303,7303,7303,7303,7303,7303,7076,7144,7144,7199,7178,7178,7178,7178,7178,7178,NaN,NaN,NaN,NaN,NaN,NaN
12/30/16 11:00:00,32.25,5.19,-532,17284,17018,17018,17018,17018,17018,17018,17018,17018,17018,17018,17018,17442,17561,17561,17561,17561,17561,175614699,-2350,-1,-1,-1,-1,-1,-1,-1,-1,-1,-1,-1,-4700,-4700,-4700,-4700,-4700,-4700,-4700,-4700,-4700,-4700,-4700,156,7242,7267,7302,7302,7302,7336,7336,7336,7336,7336,7336,7336,7076,7144,7177,7177,7177,7177,7177,7177,7177,7177,NaN,NaN,NaN,NaN,NaN,NaN
12/30/16 12:00:00,35,5.21,-548,17314,17018,17043,17043,17043,17043,17043,17043,17043,17043,17043,17043,17493,17493,17612,17612,17587,17612,176124699,-2350,-1,-1,-1,-1,-1,-1,-1,-1,-1,-1,-1,-4700,-4700,-4700,-4700,-4700,-4700,-4700,-4700,-4700,-4700,-4700,158,7291,7303,7358,7358,7358,7385,7385,7385,7385,7385,7385,7385,7123,7191,7191,7225,7225,7225,7225,7225,7225,7225,NaN,NaN,NaN,NaN,NaN,NaN
12/30/16 13:00:00,39.75,5.24,-504,17519,17183,17208,17208,17208,17325,17325,17325,17208,17300,17325,17325,17662,17758,17758,17758,17758,17758,177584699,-2350,-1,-1,-1,-1,-1,-1,-1,-1,-1,-1,-1,-4700,-4700,-4700,-4700,-4700,-4700,-4700,-4700,-4700,-4700,-4700,162,7308,7336,7372,7385,7372,7385,7372,7421,7407,7407,7421,7407,7144,7177,7212,7246,7246,7246,7246,7246,7246,7246,NaN,NaN,NaN,NaN,NaN,NaN
12/30/16 14:00:00,46,5.29,-613,18270,17829,17978,17978,17978,17978,17978,17978,17978,17978,17978,17978,18460,18589,18589,18589,18589,18589,185894699,-2350,-1,-1,-1,-1,-1,-1,-1,-1,-1,-1,-1,-4700,-4700,-4700,-4700,-4700,-4700,-4700,-4700,-4700,-4700,-4700,147,7309,7342,7342,7377,7377,7377,7391,7413,7413,7377,7413,7391,7150,7184,7218,7252,7252,7252,7252,7252,7252,7287,NaN,NaN,NaN,NaN,NaN,NaN
12/30/16 15:00:00,48.75,5.29,-575,19264,18880,18906,18906,18906,19041,18906,19041,19041,19041,19041,19041,19424,19565,19565,19565,19565,19565,195654699,-2350,-1,-1,-1,-1,-1,-1,-1,-1,-1,-1,-1,-4700,-4700,-4700,-4700,-4700,-4700,-4700,-4700,-4700,-4700,-4700,181,7306,7362,7397,7397,7397,7397,7397,7397,7397,7397,7397,7432,7136,7170,7203,7203,7238,7238,7238,7238,7238,7238,NaN,NaN,NaN,NaN,NaN,NaN
12/30/16 16:00:00,44.5,5.29,-650,20367,20002,20002,20002,20002,20002,20002,20002,20150,20150,20002,20150,20566,20566,20720,20720,20720,20720,207204699,-2350,-1,-1,-1,-1,-1,-1,-1,-1,-1,-1,-1,-4700,-4700,-4700,-4700,-4700,-4700,-4700,-4700,-4700,-4700,-4700,165,7305,7302,7377,7377,7377,7405,7405,7405,7405,7405,7405,7405,7143,7177,7211,7211,7245,7245,7245,7245,7245,7245,NaN,NaN,NaN,NaN,NaN,NaN
12/30/16 17:00:00,43.5,5.26,-468,21425,21077,21106,21106,21106,21267,21267,21267,21106,21267,21267,21267,21519,21685,21685,21685,21655,21655,216854699,-2350,-1,-1,-1,-1,-1,-1,-1,-1,-1,-1,-1,-4700,-4700,-4700,-4700,-4700,-4700,-4700,-4700,-4700,-4700,-4700,158,7323,7342,7377,7399,7434,7413,7413,7413,7413,7413,7413,7399,7150,7204,7239,7239,7252,7239,7273,7273,7273,7273,NaN,NaN,NaN,NaN,NaN,NaN
12/30/16 18:00:00,42.5,5.26,-569,22199,21873,21903,21903,22074,21903,21903,21903,21903,21903,21903,21903,22340,22340,22516,22516,22516,22516,225164699,-2350,-1,-1,-1,-1,-1,-1,-1,-1,-1,-1,-1,-4700,-4700,-4700,-4700,-4700,-4700,-4700,-4700,-4700,-4700,-4700,135,7296,7329,7364,7364,7364,7364,7364,7364,7364,7399,7364,7364,7137,7204,7204,7239,7239,7239,7273,7239,7273,7239,NaN,NaN,NaN,NaN,NaN,NaN
12/30/16 19:00:00,41.25,5.24,-602,22695,22394,22394,22394,22394,22394,22394,22394,22394,22394,22394,22394,22846,22846,23030,23030,23030,23030,230304699,-2350,-1,-1,-1,-1,-1,-1,-1,-1,-1,-1,-1,-4700,-4700,-4700,-4700,-4700,-4700,-4700,-4700,-4700,-4700,-4700,148,7313,7356,7356,7391,7426,7391,7391,7391,7391,7391,7391,7391,7163,7184,7218,7252,7252,7252,7252,7252,7252,7252,NaN,NaN,NaN,NaN,NaN,NaN
12/30/16 20:00:00,37.25,5.21,-629,22821,22479,22510,22510,22510,22510,22510,22510,22510,22510,22510,22510,22998,22998,23153,23184,23184,23184,231844699,-2350,-1,-1,-1,-1,-1,-1,-1,-1,-1,-1,-1,-4700,-4700,-4700,-4700,-4700,-4700,-4700,-4700,-4700,-4700,-4700,151,7320,7303,7393,7407,7358,7399,7399,7399,7434,7434,7434,7399,7137,7204,7239,7239,7239,7273,7273,7273,7273,7273,NaN,NaN,NaN,NaN,NaN,NaN
12/30/16 21:00:00,32.5,5.19,-491,22497,22065,22271,22271,22271,22271,22271,22271,22271,22271,22271,22271,22752,22721,22721,22721,22721,22752,229044699,-2350,-1,-1,-1,-1,-1,-1,-1,-1,-1,-1,-1,-4700,-4700,-4700,-4700,-4700,-4700,-4700,-4700,-4700,-4700,-4700,153,7293,7344,7344,7379,7379,7379,7366,7379,7366,7379,7379,7379,7137,7171,7205,7205,7205,7240,7240,7240,7274,7240,NaN,NaN,NaN,NaN,NaN,NaN
12/30/16 22:00:00,30.25,5.16,-421,22005,21571,21892,21892,21752,21953,21782,21782,21782,21782,21782,21782,22074,22074,22248,22248,22248,22248,222484699,-2350,-1,-1,-1,-1,-1,-1,-1,-1,-1,-1,-1,-4700,-4700,-4700,-4700,-4700,-4700,-4700,-4700,-4700,-4700,-4700,171,7291,7358,7358,7358,7358,7358,7393,7393,7393,7393,7393,7393,7130,7164,7198,7185,7232,7232,7232,7232,7232,7219,NaN,NaN,NaN,NaN,NaN,NaN
12/30/16 23:00:00,29.5,5.14,-433,21423,21194,21194,21223,21194,21194,21223,21223,21223,21223,21194,21194,21477,21643,21614,21643,21614,21614,218124699,-2350,-1,-1,-1,-1,-1,-1,-1,-1,-1,-1,-1,-4700,-4700,-4700,-4700,-4700,-4700,-4700,-4700,-4700,-4700,-4700,122,7308,7344,7344,7344,7379,7379,7379,7379,7379,7379,7379,7379,7151,7219,7219,7253,7253,7253,7253,7253,7288,7288,NaN,NaN,NaN,NaN,NaN,NaN
12/31/16 00:00:00,29,5.14,-394,20908,20685,20714,20714,20714,20714,20714,20714,20714,20714,20714,20714,20960,21120,21120,21120,21120,21120,211204699,-2350,-1,-1,-1,-1,-1,-1,-1,-1,-1,-1,-1,-4700,-4700,-4700,-4700,-4700,-4700,-4700,-4700,-4700,-4700,-4700,150,7324,7338,7373,7409,7409,7409,7409,7409,7409,7409,7409,7409,7144,7199,7247,7247,7247,7247,7317,7282,7268,7282,NaN,NaN,NaN,NaN,NaN,NaN
12/31/16 01:00:00,28.75,5.12,-331,20380,20045,20224,20224,20224,20252,20224,20252,20252,20224,20224,20224,20462,20462,20462,20462,20616,20616,206164699,-2350,-1,-1,-1,-1,-1,-1,-1,-1,-1,-1,-1,-4700,-4700,-4700,-4700,-4700,-4700,-4700,-4700,-4700,-4700,-4700,174,7304,7360,7395,7395,7395,7395,7395,7395,7395,7395,7395,7395,7131,7199,7199,7233,7233,7233,7233,7233,7233,7233,NaN,NaN,NaN,NaN,NaN,NaN
12/31/16 02:00:00,28.5,5.09,-355,19940,19606,19779,19779,19779,19779,19779,19779,19779,19779,19779,19779,20010,20010,20159,20010,20159,20159,201594699,-2350,-1,-1,-1,-1,-1,-1,-1,-1,-1,-1,-1,-4700,-4700,-4700,-4700,-4700,-4700,-4700,-4700,-4700,-4700,-4700,181,7304,7352,7387,7401,7401,7401,7401,7401,7401,7401,7401,7401,7137,7192,7192,7226,7261,7226,7226,7226,7226,7226,NaN,NaN,NaN,NaN,NaN,NaN
12/31/16 03:00:00,28.25,5.09,-492,19562,19155,19349,19322,19322,19349,19322,19322,19349,19349,19322,19322,19689,19689,19835,19835,19835,19835,198354699,-2350,-1,-1,-1,-1,-1,-1,-1,-1,-1,-1,-1,-4700,-4700,-4700,-4700,-4700,-4700,-4700,-4700,-4700,-4700,-4700,111,7315,7291,7346,7381,7360,7387,7387,7387,7387,7387,7387,7387,7158,7226,7261,7261,7261,7261,7261,7295,7295,7295,NaN,NaN,NaN,NaN,NaN,NaN
12/31/16 04:00:00,28.5,5.07,-465,19261,18881,19044,19044,19044,19044,19044,19044,19044,19044,19044,19044,19264,19404,19404,19546,19546,19546,195464699,-2350,-1,-1,-1,-1,-1,-1,-1,-1,-1,-1,-1,-4700,-4700,-4700,-4700,-4700,-4700,-4700,-4700,-4700,-4700,-4700,150,7329,7346,7381,7381,7417,7417,7417,7417,7417,7417,7417,7417,7151,7220,7254,7254,7254,7254,7254,7289,7289,7289,NaN,NaN,NaN,NaN,NaN,NaN
12/31/16 05:00:00,28.5,5.07,-456,18998,18746,18773,18773,18773,18773,18773,18773,18773,18773,18773,18773,19126,19126,19126,19264,19264,19264,192644699,-2350,-1,-1,-1,-1,-1,-1,-1,-1,-1,-1,-1,-4700,-4700,-4700,-4700,-4700,-4700,-4700,-4700,-4700,-4700,-4700,147,7336,7381,7381,7417,7417,7417,7417,7417,7417,7417,7417,7417,7151,7220,7254,7254,7254,7289,7289,7289,7289,7289,NaN,NaN,NaN,NaN,NaN,NaN
12/31/16 06:00:00,28.25,5.07,-352,18788,18481,18507,18639,18639,18639,18639,18639,18639,18639,18639,18639,18853,18853,18989,18989,18989,18989,189894699,-2350,-1,-1,-1,-1,-1,-1,-1,-1,-1,-1,-1,-4700,-4700,-4700,-4700,-4700,-4700,-4700,-4700,-4700,-4700,-4700,190,7324,7423,7387,7423,7423,7423,7423,7423,7423,7423,7423,7423,7124,7192,7213,7226,7226,7261,7247,7261,7261,7261,NaN,NaN,NaN,NaN,NaN,NaN
12/31/16 07:00:00,28,5.07,-448,18589,18351,18351,18351,18351,18351,18377,18351,18351,18481,18351,18351,18693,18826,18826,18826,18826,18826,188264699,-2350,-1,-1,-1,-1,-1,-1,-1,-1,-1,-1,-1,-4700,-4700,-4700,-4700,-4700,-4700,-4700,-4700,-4700,-4700,-4700,134,7326,7326,7367,7403,7367,7409,7409,7409,7409,7409,7409,7409,7178,7247,7247,7247,7282,7282,7282,7282,7282,7282,NaN,NaN,NaN,NaN,NaN,NaN
12/31/16 08:00:00,27.75,5.05,-450,18456,18196,18222,18222,18222,18222,18222,18222,18222,18222,18351,18222,18561,18693,18693,18693,18693,18693,186934699,-2350,-1,-1,-1,-1,-1,-1,-1,-1,-1,-1,-1,-4700,-4700,-4700,-4700,-4700,-4700,-4700,-4700,-4700,-4700,-4700,159,7339,7367,7403,7403,7403,7439,7403,7439,7439,7439,7439,7439,7172,7206,7241,7241,7276,7276,7276,7311,7276,7311,NaN,NaN,NaN,NaN,NaN,NaN
12/31/16 09:00:00,27.5,5.05,-457,18320,18068,18095,18095,18095,18095,18095,18095,18095,18095,18095,18095,18430,18561,18561,18561,18561,18561,185614699,-2350,-1,-1,-1,-1,-1,-1,-1,-1,-1,-1,-1,-4700,-4700,-4700,-4700,-4700,-4700,-4700,-4700,-4700,-4700,-4700,136,7318,7332,7367,7367,7367,7403,7403,7403,7403,7403,7403,7403,7172,7206,7241,7241,7241,7276,7276,7276,7276,7276,NaN,NaN,NaN,NaN,NaN,NaN
12/31/16 10:00:00,28.5,5.05,-360,18238,17943,17969,18095,18095,18095,18095,17969,18095,18095,18095,18095,18301,18430,18430,18430,18430,18430,184304699,-2350,-1,-1,-1,-1,-1,-1,-1,-1,-1,-1,-1,-4700,-4700,-4700,-4700,-4700,-4700,-4700,-4700,-4700,-4700,-4700,149,7324,7338,7409,7373,7409,7409,7409,7409,7409,7409,7409,7409,7178,7213,7247,7247,7247,7247,7247,7282,7282,7282,NaN,NaN,NaN,NaN,NaN,NaN
12/31/16 11:00:00,34,5.05,-392,18157,17870,17896,17896,18020,17896,17896,18020,18020,18020,18020,18020,18353,18353,18353,18353,18353,18353,183534699,-2350,-1,-1,-1,-1,-1,-1,-1,-1,-1,-1,-1,-4700,-4700,-4700,-4700,-4700,-4700,-4700,-4700,-4700,-4700,-4700,173,7338,7375,7431,7431,7381,7437,7437,7437,7437,7437,7437,7437,7171,7205,7240,7240,7274,7274,7274,7274,7274,7274,NaN,NaN,NaN,NaN,NaN,NaN
12/31/16 12:00:00,36.25,5.07,-381,18176,17896,17921,17921,17921,17921,18046,18046,18046,18046,18046,18046,18251,18379,18379,18379,18379,18379,183794699,-2350,-1,-1,-1,-1,-1,-1,-1,-1,-1,-1,-1,-4700,-4700,-4700,-4700,-4700,-4700,-4700,-4700,-4700,-4700,-4700,155,7340,7373,7409,7445,7445,7409,7409,7409,7409,7445,7409,7445,7213,7213,7247,7247,7282,7282,7282,7282,7282,7282,NaN,NaN,NaN,NaN,NaN,NaN
12/31/16 13:00:00,39.75,5.07,-572,18520,18199,18225,18225,18225,18225,18225,18225,18225,18225,18225,18353,18693,18800,18800,18826,18826,18826,188264699,-2350,-1,-1,-1,-1,-1,-1,-1,-1,-1,-1,-1,-4700,-4700,-4700,-4700,-4700,-4700,-4700,-4700,-4700,-4700,-4700,159,7379,7401,7437,7437,7472,7472,7472,7472,7472,7472,7472,7472,7205,7274,7309,7295,7309,7309,7309,7309,7344,7309,NaN,NaN,NaN,NaN,NaN,NaN
12/31/16 14:00:00,42.75,5.09,-533,19070,18746,18773,18773,18773,18773,18773,18773,18773,18880,18907,18907,19124,19261,19261,19261,19401,19401,194014699,-2350,-1,-1,-1,-1,-1,-1,-1,-1,-1,-1,-1,-4700,-4700,-4700,-4700,-4700,-4700,-4700,-4700,-4700,-4700,-4700,165,7378,7407,7442,7442,7478,7442,7478,7478,7478,7478,7478,7478,7212,7246,7280,7315,7315,7315,7315,7315,7315,7315,NaN,NaN,NaN,NaN,NaN,NaN
12/31/16 15:00:00,42.25,5.09,-509,19746,19432,19432,19459,19459,19459,19459,19601,19459,19601,19601,19459,19828,19975,19975,19975,19975,20122,199754699,-2350,-1,-1,-1,-1,-1,-1,-1,-1,-1,-1,-1,-4700,-4700,-4700,-4700,-4700,-4700,-4700,-4700,-4700,-4700,-4700,163,7394,7415,7450,7450,7486,7486,7486,7486,7486,7486,7522,7486,7219,7288,7288,7323,7323,7323,7323,7323,7323,7358,NaN,NaN,NaN,NaN,NaN,NaN
12/31/16 16:00:00,47,5.09,-685,20565,20187,20187,20215,20366,20215,20215,20215,20215,20215,20215,20215,20760,20917,20917,20946,20917,20946,209174699,-2350,-1,-1,-1,-1,-1,-1,-1,-1,-1,-1,-1,-4700,-4700,-4700,-4700,-4700,-4700,-4700,-4700,-4700,-4700,-4700,142,7394,7407,7442,7478,7478,7478,7478,7464,7478,7478,7464,7478,7232,7302,7302,7336,7336,7336,7336,7336,7336,7336,NaN,NaN,NaN,NaN,NaN,NaN
12/31/16 17:00:00,48.5,5.09,-638,21989,21524,21643,21643,21643,21703,21703,21703,21703,21703,21703,21703,22165,22165,22340,22340,22340,22340,223404699,-2350,-1,-1,-1,-1,-1,-1,-1,-1,-1,-1,-1,-4700,-4700,-4700,-4700,-4700,-4700,-4700,-4700,-4700,-4700,-4700,181,7403,7434,7484,7484,7484,7484,7484,7520,7520,7520,7520,7506,7204,7273,7308,7308,7308,7342,7342,7342,7342,7342,NaN,NaN,NaN,NaN,NaN,NaN
12/31/16 18:00:00,47.25,5.09,-645,23009,22659,22690,22690,22690,22690,22690,22690,22690,22690,22690,22690,23153,23341,23372,23341,23341,23341,233414699,-2350,-1,-1,-1,-1,-1,-1,-1,-1,-1,-1,-1,-4700,-4700,-4700,-4700,-4700,-4700,-4700,-4700,-4700,-4700,-4700,119,7401,7387,7478,7478,7442,7470,7470,7470,7470,7470,7470,7470,7239,7308,7342,7342,7342,7342,7342,7377,7377,7377,NaN,NaN,NaN,NaN,NaN,NaN
12/31/16 19:00:00,43.25,5.09,-490,23625,23182,23404,23404,23404,23372,23404,23404,23404,23404,23404,23404,23693,23888,23888,23888,23888,23888,238884699,-2350,-1,-1,-1,-1,-1,-1,-1,-1,-1,-1,-1,-4700,-4700,-4700,-4700,-4700,-4700,-4700,-4700,-4700,-4700,-4700,160,7409,7450,7486,7486,7486,7486,7486,7486,7486,7522,7522,7486,7219,7288,7323,7323,7323,7358,7358,7358,7358,7358,NaN,NaN,NaN,NaN,NaN,NaN
12/31/16 20:00:00,41.75,5.07,-498,23987,23532,23759,23759,23759,23759,23759,23759,23759,23759,23759,23759,24054,24255,24255,24255,24255,24255,242554699,-2350,-1,-1,-1,-1,-1,-1,-1,-1,-1,-1,-1,-4700,-4700,-4700,-4700,-4700,-4700,-4700,-4700,-4700,-4700,-4700,168,7409,7437,7486,7472,7486,7508,7472,7508,7508,7508,7522,7522,7240,7274,7309,7344,7344,7344,7344,7344,7344,7344,NaN,NaN,NaN,NaN,NaN,NaN
12/31/16 21:00:00,37.75,5.05,-492,23743,23467,23500,23500,23500,23500,23500,23500,23500,23500,23500,23500,23989,23989,23989,23989,23989,23989,239894699,-2350,-1,-1,-1,-1,-1,-1,-1,-1,-1,-1,-1,-4700,-4700,-4700,-4700,-4700,-4700,-4700,-4700,-4700,-4700,-4700,153,7402,7450,7450,7486,7486,7486,7486,7486,7486,7486,7486,7486,7219,7288,7323,7323,7323,7323,7358,7358,7358,7358,NaN,NaN,NaN,NaN,NaN,NaN
12/31/16 22:00:00,30.5,5.02,-308,23157,22806,23023,23023,23023,23023,23023,23023,23023,23023,23023,23023,23150,23340,23340,23308,23340,23340,233084699,-2350,-1,-1,-1,-1,-1,-1,-1,-1,-1,-1,-1,-4700,-4700,-4700,-4700,-4700,-4700,-4700,-4700,-4700,-4700,-4700,175,7375,7383,7439,7475,7439,7481,7481,7481,7481,7481,7481,7481,7178,7247,7282,7282,7282,7317,7317,7317,7317,7317,NaN,NaN,NaN,NaN,NaN,NaN
12/31/16 23:00:00,28.75,5,-397,22489,22263,22294,22294,22294,22294,22294,22294,22294,22294,22294,22294,22566,22535,22748,22716,22716,22716,227164699,-2350,-1,-1,-1,-1,-1,-1,-1,-1,-1,-1,-1,-4700,-4700,-4700,-4700,-4700,-4700,-4700,-4700,-4700,-4700,-4700,151,7391,7425,7461,7461,7461,7461,7497,7497,7461,7461,7497,7461,7227,7262,7297,7332,7332,7332,7332,7332,7332,7367,NaN,NaN,NaN,NaN,NaN,NaN
01/01/17 00:00:00,28.25,4.98,-263,21684,21374,21571,21571,21571,21571,21571,21571,21571,21571,21571,21571,21662,21832,21832,21832,21832,21832,218324699,-2350,-1,-1,-1,-1,-1,-1,-1,-1,-1,-1,-1,-4700,-4700,-4700,-4700,-4700,-4700,-4700,-4700,-4700,-4700,-4700,158,7388,7425,7425,7461,7461,7497,7461,7497,7461,7497,7497,7461,7227,7262,7297,7297,7332,7332,7332,7332,7332,7332,NaN,NaN,NaN,NaN,NaN,NaN
01/01/17 01:00:00,28,4.98,-251,21009,20726,20885,20885,20915,20885,20885,20885,20915,20915,20915,20915,20973,21135,21135,21135,21135,21135,211354699,-2350,-1,-1,-1,-1,-1,-1,-1,-1,-1,-1,-1,-4700,-4700,-4700,-4700,-4700,-4700,-4700,-4700,-4700,-4700,-4700,174,7392,7417,7453,7489,7489,7489,7489,7489,7489,7489,7489,7489,7220,7289,7289,7289,7324,7324,7324,7324,7324,7324,NaN,NaN,NaN,NaN,NaN,NaN
01/01/17 02:00:00,27.5,4.96,-383,20449,20232,20261,20261,20261,20261,20261,20261,20261,20261,20261,20261,20501,20656,20656,20656,20656,20656,206564699,-2350,-1,-1,-1,-1,-1,-1,-1,-1,-1,-1,-1,-4700,-4700,-4700,-4700,-4700,-4700,-4700,-4700,-4700,-4700,-4700,139,7395,7391,7483,7483,7433,7475,7475,7475,7475,7475,7475,7475,7241,7276,7311,7311,7381,7346,7346,7346,7346,7346,NaN,NaN,NaN,NaN,NaN,NaN
01/01/17 03:00:00,28,4.96,-416,19938,19639,19813,19667,19813,19667,19813,19813,19667,19667,19813,19667,20045,20045,20195,20195,20167,20195,200454699,-2350,-1,-1,-1,-1,-1,-1,-1,-1,-1,-1,-1,-4700,-4700,-4700,-4700,-4700,-4700,-4700,-4700,-4700,-4700,-4700,149,7391,7411,7447,7447,7447,7483,7483,7483,7483,7483,7483,7483,7248,7269,7304,7304,7304,7340,7354,7340,7340,7340,NaN,NaN,NaN,NaN,NaN,NaN
01/01/17 04:00:00,28.5,4.93,-374,19538,19212,19380,19239,19380,19380,19380,19380,19380,19380,19380,19380,19606,19751,19751,19723,19723,19751,197234699,-2350,-1,-1,-1,-1,-1,-1,-1,-1,-1,-1,-1,-4700,-4700,-4700,-4700,-4700,-4700,-4700,-4700,-4700,-4700,-4700,144,7417,7447,7483,7483,7520,7483,7483,7520,7483,7520,7483,7483,7248,7304,7340,7375,7340,7340,7340,7375,7375,7389,NaN,NaN,NaN,NaN,NaN,NaN
01/01/17 05:00:00,28.5,4.93,-400,19222,18935,18963,18963,19100,18963,19100,19100,18963,19100,18963,19100,19294,19435,19435,19435,19435,19435,194354699,-2350,-1,-1,-1,-1,-1,-1,-1,-1,-1,-1,-1,-4700,-4700,-4700,-4700,-4700,-4700,-4700,-4700,-4700,-4700,-4700,152,7412,7439,7475,7475,7475,7475,7475,7511,7511,7511,7511,7511,7241,7311,7311,7346,7346,7346,7346,7346,7346,7381,NaN,NaN,NaN,NaN,NaN,NaN
01/01/17 06:00:00,27.75,4.93,-347,18968,18665,18800,18800,18827,18827,18800,18800,18800,18800,18827,18800,19017,19155,19155,19155,19155,19155,191554699,-2350,-1,-1,-1,-1,-1,-1,-1,-1,-1,-1,-1,-4700,-4700,-4700,-4700,-4700,-4700,-4700,-4700,-4700,-4700,-4700,136,7423,7433,7505,7469,7505,7505,7505,7505,7505,7505,7505,7469,7269,7304,7340,7340,7375,7375,7375,7375,7375,7375,NaN,NaN,NaN,NaN,NaN,NaN
01/01/17 07:00:00,27.25,4.91,-411,18734,18506,18532,18532,18532,18532,18532,18532,18532,18532,18532,18532,18719,18854,18854,18990,18990,18990,189904699,-2350,-1,-1,-1,-1,-1,-1,-1,-1,-1,-1,-1,-4700,-4700,-4700,-4700,-4700,-4700,-4700,-4700,-4700,-4700,-4700,157,7414,7455,7469,7469,7505,7505,7505,7505,7505,7505,7505,7505,7269,7291,7326,7326,7326,7361,7361,7361,7361,7361,NaN,NaN,NaN,NaN,NaN,NaN
01/01/17 08:00:00,27.25,4.91,-452,18549,18139,18375,18375,18271,18324,18324,18324,18324,18324,18324,18454,18666,18666,18800,18800,18800,18800,188004699,-2350,-1,-1,-1,-1,-1,-1,-1,-1,-1,-1,-1,-4700,-4700,-4700,-4700,-4700,-4700,-4700,-4700,-4700,-4700,-4700,146,7417,7461,7461,7497,7497,7497,7497,7497,7497,7497,7497,7497,7262,7297,7332,7332,7367,7367,7367,7367,7367,7367,NaN,NaN,NaN,NaN,NaN,NaN
01/01/17 09:00:00,26.5,4.89,-398,18348,18091,18117,18117,18117,18117,18117,18245,18117,18117,18245,18245,18428,18559,18559,18559,18559,18559,185594699,-2350,-1,-1,-1,-1,-1,-1,-1,-1,-1,-1,-1,-4700,-4700,-4700,-4700,-4700,-4700,-4700,-4700,-4700,-4700,-4700,132,7390,7399,7441,7455,7419,7447,7447,7483,7483,7483,7483,7483,7248,7283,7318,7318,7318,7318,7354,7354,7354,7354,NaN,NaN,NaN,NaN,NaN,NaN
01/01/17 10:00:00,27,4.89,-444,18265,17964,17990,17964,18117,17990,17990,17990,18117,18117,18117,18117,18298,18428,18428,18559,18559,18559,185594699,-2350,-1,-1,-1,-1,-1,-1,-1,-1,-1,-1,-1,-4700,-4700,-4700,-4700,-4700,-4700,-4700,-4700,-4700,-4700,-4700,111,7409,7405,7441,7441,7455,7491,7477,7491,7477,7491,7477,7477,7277,7312,7348,7348,7348,7348,7383,7383,7383,7383,NaN,NaN,NaN,NaN,NaN,NaN
01/01/17 11:00:00,32.75,4.91,-439,18145,17891,18042,17917,17917,17917,17917,17917,17917,17917,17917,17917,18248,18377,18377,18377,18377,18377,183774699,-2350,-1,-1,-1,-1,-1,-1,-1,-1,-1,-1,-1,-4700,-4700,-4700,-4700,-4700,-4700,-4700,-4700,-4700,-4700,-4700,134,7436,7447,7483,7483,7520,7520,7520,7520,7520,7483,7520,7520,7283,7318,7354,7354,7389,7389,7389,7389,7425,7389,NaN,NaN,NaN,NaN,NaN,NaN
01/01/17 12:00:00,40,4.93,-404,18183,17844,17995,17995,17995,17995,17995,17995,17995,17995,17995,17995,18199,18327,18327,18327,18327,18456,184564699,-2350,-1,-1,-1,-1,-1,-1,-1,-1,-1,-1,-1,-4700,-4700,-4700,-4700,-4700,-4700,-4700,-4700,-4700,-4700,-4700,189,7450,7481,7531,7517,7517,7553,7567,7567,7567,7567,7567,7567,7261,7317,7352,7352,7352,7352,7387,7387,7387,7387,NaN,NaN,NaN,NaN,NaN,NaN
01/01/17 13:00:00,40.5,4.96,-443,18499,18248,18274,18274,18274,18248,18274,18274,18274,18248,18274,18403,18614,18746,18719,18719,18746,18719,187464699,-2350,-1,-1,-1,-1,-1,-1,-1,-1,-1,-1,-1,-4700,-4700,-4700,-4700,-4700,-4700,-4700,-4700,-4700,-4700,-4700,148,7478,7469,7539,7539,7562,7567,7567,7567,7567,7567,7567,7567,7295,7366,7401,7401,7401,7401,7437,7437,7437,7437,NaN,NaN,NaN,NaN,NaN,NaN
01/01/17 14:00:00,43.25,4.96,-470,19046,18666,18826,18826,18826,18826,18826,18826,18826,18826,18826,18826,19180,19180,19180,19319,19319,19319,193194699,-2350,-1,-1,-1,-1,-1,-1,-1,-1,-1,-1,-1,-4700,-4700,-4700,-4700,-4700,-4700,-4700,-4700,-4700,-4700,-4700,166,7476,7517,7553,7553,7553,7553,7590,7590,7553,7553,7553,7590,7282,7352,7387,7387,7387,7423,7423,7423,7423,7423,NaN,NaN,NaN,NaN,NaN,NaN
01/01/17 15:00:00,45,4.96,-513,19902,19491,19662,19662,19662,19662,19662,19662,19662,19662,19662,19662,20038,20038,20187,20187,20187,20187,201874699,-2350,-1,-1,-1,-1,-1,-1,-1,-1,-1,-1,-1,-4700,-4700,-4700,-4700,-4700,-4700,-4700,-4700,-4700,-4700,-4700,151,7461,7494,7531,7531,7567,7531,7531,7531,7567,7567,7531,7531,7330,7366,7387,7387,7387,7387,7387,7387,7423,7387,NaN,NaN,NaN,NaN,NaN,NaN
01/01/17 16:00:00,45.25,4.98,-540,20811,20376,20558,20558,20558,20558,20558,20558,20558,20558,20558,20558,20989,20960,20960,21120,21120,21120,211504699,-2350,-1,-1,-1,-1,-1,-1,-1,-1,-1,-1,-1,-4700,-4700,-4700,-4700,-4700,-4700,-4700,-4700,-4700,-4700,-4700,139,7452,7486,7522,7522,7522,7522,7522,7522,7522,7559,7522,7522,7288,7358,7393,7393,7393,7393,7393,7393,7393,7393,NaN,NaN,NaN,NaN,NaN,NaN
01/01/17 17:00:00,45.25,4.96,-532,21955,21662,21692,21692,21692,21692,21692,21692,21692,21692,21692,21692,22126,22126,22126,22126,22301,22126,223014699,-2350,-1,-1,-1,-1,-1,-1,-1,-1,-1,-1,-1,-4700,-4700,-4700,-4700,-4700,-4700,-4700,-4700,-4700,-4700,-4700,126,7488,7461,7553,7553,7517,7559,7559,7559,7559,7559,7595,7595,7323,7393,7393,7429,7429,7429,7464,7429,7464,7464,NaN,NaN,NaN,NaN,NaN,NaN
01/01/17 18:00:00,41.75,4.93,-492,22732,22325,22503,22503,22503,22503,22503,22503,22503,22503,22503,22503,22810,22995,22995,22995,22995,22995,229954699,-2350,-1,-1,-1,-1,-1,-1,-1,-1,-1,-1,-1,-4700,-4700,-4700,-4700,-4700,-4700,-4700,-4700,-4700,-4700,-4700,147,7465,7503,7539,7539,7539,7539,7539,7539,7539,7576,7539,7539,7303,7373,7373,7409,7409,7409,7409,7409,7409,7409,NaN,NaN,NaN,NaN,NaN,NaN
01/01/17 19:00:00,43,4.93,-486,23623,23212,23244,23435,23244,23435,23435,23435,23435,23435,23435,23435,23759,23759,23759,23956,23956,23759,237594699,-2350,-1,-1,-1,-1,-1,-1,-1,-1,-1,-1,-1,-4700,-4700,-4700,-4700,-4700,-4700,-4700,-4700,-4700,-4700,-4700,147,7495,7539,7539,7576,7576,7576,7576,7576,7576,7576,7576,7576,7338,7373,7409,7409,7445,7445,7445,7445,7445,7445,NaN,NaN,NaN,NaN,NaN,NaN
01/01/17 20:00:00,38.75,4.91,-490,23993,23564,23793,23597,23761,23793,23793,23793,23793,23793,23793,23761,24091,24091,24091,24294,24294,24294,242944699,-2350,-1,-1,-1,-1,-1,-1,-1,-1,-1,-1,-1,-4700,-4700,-4700,-4700,-4700,-4700,-4700,-4700,-4700,-4700,-4700,151,7497,7517,7553,7553,7553,7590,7590,7590,7590,7590,7590,7590,7317,7387,7423,7423,7423,7423,7423,7458,7458,7458,NaN,NaN,NaN,NaN,NaN,NaN
01/01/17 21:00:00,32.75,4.89,-458,23549,23274,23306,23306,23500,23306,23306,23306,23306,23306,23306,23306,23597,23793,23793,23793,23793,23826,237934699,-2350,-1,-1,-1,-1,-1,-1,-1,-1,-1,-1,-1,-4700,-4700,-4700,-4700,-4700,-4700,-4700,-4700,-4700,-4700,-4700,141,7461,7435,7542,7556,7491,7548,7548,7548,7548,7548,7548,7548,7311,7346,7381,7381,7381,7417,7417,7417,7417,7417,NaN,NaN,NaN,NaN,NaN,NaN
01/01/17 22:00:00,29.5,4.85,-437,23062,22648,22864,22864,22864,22864,22864,22864,22864,22864,22864,22864,23148,23148,23148,23339,23180,23371,233714699,-2350,-1,-1,-1,-1,-1,-1,-1,-1,-1,-1,-1,-4700,-4700,-4700,-4700,-4700,-4700,-4700,-4700,-4700,-4700,-4700,139,7478,7514,7528,7551,7551,7565,7551,7551,7551,7551,7565,7551,7312,7383,7383,7419,7419,7419,7419,7419,7419,7455,NaN,NaN,NaN,NaN,NaN,NaN
01/01/17 23:00:00,28,4.83,-434,22370,21953,22108,22108,22139,22170,22201,22201,22201,22201,22201,22201,22472,22472,22472,22472,22654,22654,226544699,-2350,-1,-1,-1,-1,-1,-1,-1,-1,-1,-1,-1,-4700,-4700,-4700,-4700,-4700,-4700,-4700,-4700,-4700,-4700,-4700,144,7483,7505,7542,7542,7542,7542,7542,7579,7579,7579,7579,7579,7304,7375,7411,7411,7411,7411,7411,7447,7447,7447,NaN,NaN,NaN,NaN,NaN,NaN
01/02/17 00:00:00,27.75,4.8,-367,21571,21360,21391,21391,21391,21391,21391,21391,21391,21391,21391,21391,21511,21680,21650,21680,21851,21851,218514699,-2350,-1,-1,-1,-1,-1,-1,-1,-1,-1,-1,-1,-4700,-4700,-4700,-4700,-4700,-4700,-4700,-4700,-4700,-4700,-4700,174,7467,7494,7536,7559,7551,7528,7565,7565,7565,7579,7579,7579,7291,7361,7361,7397,7397,7397,7397,7397,7397,7397,NaN,NaN,NaN,NaN,NaN,NaN
01/02/17 01:00:00,27.25,4.8,-408,20931,20709,20738,20738,20709,20738,20709,20738,20738,20738,20738,20709,20987,21150,21150,21150,21150,21150,211504699,-2350,-1,-1,-1,-1,-1,-1,-1,-1,-1,-1,-1,-4700,-4700,-4700,-4700,-4700,-4700,-4700,-4700,-4700,-4700,-4700,149,7497,7522,7559,7559,7559,7559,7559,7596,7596,7596,7596,7596,7320,7391,7427,7427,7427,7427,7427,7427,7463,7463,NaN,NaN,NaN,NaN,NaN,NaN
01/02/17 02:00:00,27,4.78,-368,20408,20060,20241,20241,20241,20241,20241,20241,20241,20241,20241,20241,20511,20511,20511,20668,20639,20482,206394699,-2350,-1,-1,-1,-1,-1,-1,-1,-1,-1,-1,-1,-4700,-4700,-4700,-4700,-4700,-4700,-4700,-4700,-4700,-4700,-4700,150,7497,7508,7545,7545,7582,7596,7596,7596,7582,7582,7582,7582,7342,7377,7413,7413,7413,7449,7449,7449,7449,7449,NaN,NaN,NaN,NaN,NaN,NaN
01/02/17 03:00:00,27,4.78,-413,19913,19616,19644,19644,19644,19790,19790,19790,19644,19790,19644,19790,19875,20024,20024,20175,20175,20175,201754699,-2350,-1,-1,-1,-1,-1,-1,-1,-1,-1,-1,-1,-4700,-4700,-4700,-4700,-4700,-4700,-4700,-4700,-4700,-4700,-4700,129,7492,7514,7551,7551,7551,7551,7551,7551,7551,7587,7587,7587,7348,7383,7419,7419,7455,7455,7455,7419,7455,7455,NaN,NaN,NaN,NaN,NaN,NaN
01/02/17 04:00:00,27,4.76,-471,19478,19187,19187,19187,19328,19214,19328,19187,19328,19328,19214,19187,19583,19728,19728,19728,19728,19728,197284699,-2350,-1,-1,-1,-1,-1,-1,-1,-1,-1,-1,-1,-4700,-4700,-4700,-4700,-4700,-4700,-4700,-4700,-4700,-4700,-4700,140,7498,7474,7545,7582,7545,7587,7587,7587,7587,7587,7587,7587,7348,7383,7419,7419,7419,7455,7455,7455,7455,7455,NaN,NaN,NaN,NaN,NaN,NaN
01/02/17 05:00:00,26.5,4.74,-427,19132,18881,18909,18909,18909,18909,18909,18909,18909,19047,18909,18909,19129,19270,19270,19270,19411,19411,194114699,-2350,-1,-1,-1,-1,-1,-1,-1,-1,-1,-1,-1,-4700,-4700,-4700,-4700,-4700,-4700,-4700,-4700,-4700,-4700,-4700,129,7502,7531,7568,7568,7568,7582,7568,7568,7568,7582,7568,7568,7328,7399,7472,7435,7435,7435,7435,7472,7472,7472,NaN,NaN,NaN,NaN,NaN,NaN
01/02/17 06:00:00,26.5,4.74,-434,18849,18583,18637,18637,18637,18637,18637,18637,18637,18637,18637,18637,18854,18991,18991,18991,19129,19129,191294699,-2350,-1,-1,-1,-1,-1,-1,-1,-1,-1,-1,-1,-4700,-4700,-4700,-4700,-4700,-4700,-4700,-4700,-4700,-4700,-4700,143,7506,7531,7568,7568,7568,7568,7568,7605,7568,7605,7605,7605,7328,7399,7435,7435,7435,7435,7435,7472,7472,7472,NaN,NaN,NaN,NaN,NaN,NaN
01/02/17 07:00:00,26.25,4.74,-367,18633,18319,18346,18346,18477,18477,18477,18477,18477,18477,18477,18610,18691,18827,18854,18827,18827,18827,188274699,-2350,-1,-1,-1,-1,-1,-1,-1,-1,-1,-1,-1,-4700,-4700,-4700,-4700,-4700,-4700,-4700,-4700,-4700,-4700,-4700,142,7502,7536,7573,7573,7573,7573,7573,7573,7573,7573,7573,7610,7334,7405,7405,7441,7441,7441,7441,7441,7441,7477,NaN,NaN,NaN,NaN,NaN,NaN
01/02/17 08:00:00,26.5,4.72,-466,18433,18060,18215,18215,18215,18215,18215,18215,18215,18215,18215,18215,18558,18558,18691,18691,18691,18691,186914699,-2350,-1,-1,-1,-1,-1,-1,-1,-1,-1,-1,-1,-4700,-4700,-4700,-4700,-4700,-4700,-4700,-4700,-4700,-4700,-4700,154,7504,7511,7554,7591,7568,7596,7596,7596,7596,7596,7596,7596,7320,7391,7427,7427,7427,7427,7427,7463,7463,7463,NaN,NaN,NaN,NaN,NaN,NaN
01/02/17 09:00:00,26.5,4.72,-461,18303,17933,18087,18087,18087,18087,18087,18087,18087,18087,18087,18087,18426,18426,18558,18558,18558,18558,185584699,-2350,-1,-1,-1,-1,-1,-1,-1,-1,-1,-1,-1,-4700,-4700,-4700,-4700,-4700,-4700,-4700,-4700,-4700,-4700,-4700,146,7511,7554,7554,7591,7591,7591,7591,7591,7591,7591,7591,7591,7349,7385,7421,7458,7458,7458,7458,7458,7458,7458,NaN,NaN,NaN,NaN,NaN,NaN
01/02/17 10:00:00,27.5,4.7,-421,18155,17807,17959,17959,17959,17959,17959,17959,17959,17959,17959,17959,18166,18295,18295,18295,18426,18426,184264699,-2350,-1,-1,-1,-1,-1,-1,-1,-1,-1,-1,-1,-4700,-4700,-4700,-4700,-4700,-4700,-4700,-4700,-4700,-4700,-4700,161,7512,7568,7568,7605,7591,7605,7591,7605,7591,7605,7591,7605,7363,7385,7421,7421,7421,7458,7458,7458,7458,7458,NaN,NaN,NaN,NaN,NaN,NaN
01/02/17 11:00:00,33,4.72,-533,18081,17735,17761,17886,17886,17761,17761,17886,17761,17886,17761,17886,18245,18245,18375,18375,18375,18375,183754699,-2350,-1,-1,-1,-1,-1,-1,-1,-1,-1,-1,-1,-4700,-4700,-4700,-4700,-4700,-4700,-4700,-4700,-4700,-4700,-4700,146,7522,7565,7565,7602,7602,7602,7602,7602,7602,7602,7602,7602,7361,7397,7433,7469,7469,7469,7469,7469,7469,7469,NaN,NaN,NaN,NaN,NaN,NaN
01/02/17 12:00:00,36.75,4.74,-452,18102,17787,17813,17813,17813,17813,17938,17912,17938,17938,17938,17938,18169,18298,18298,18271,18271,18271,184014699,-2350,-1,-1,-1,-1,-1,-1,-1,-1,-1,-1,-1,-4700,-4700,-4700,-4700,-4700,-4700,-4700,-4700,-4700,-4700,-4700,137,7528,7503,7573,7625,7559,7616,7616,7616,7616,7616,7616,7616,7375,7411,7447,7447,7483,7483,7483,7483,7483,7483,NaN,NaN,NaN,NaN,NaN,NaN
01/02/17 12:58:36,41.5,4.6,-532,18450,18139,18166,18192,18192,18192,18192,18192,18192,18192,18192,18192,18559,18692,18692,18692,18692,18692,18692,18827,18827,18827,NaN,4699,-2350,-1,-1,-1,-1,-1,-1,-1,-1,-1,-1,-1,-4700,-4700,-4700,-4700,-4700,-4700,-4700,-4700,-4700,-4700,-4700,133,7557,7602,7625,7625,7625,7625,7639,7625,7625,7625,7625,7625,7419,7455,7491,7491,7491,7491,7491,7491,7528,7528,7528
01/02/17 13:01:47,39.25,5.39,-574,18479,18080,18132,18132,18132,18257,18257,18257,18231,18231,18206,18206,18668,18747,18773,18773,18773,18773,18800,18773,18800,18773,NaN,4699,-2350,-1,-1,-1,-1,-1,-1,-1,-1,-1,-1,-1,-4700,-4700,-4700,-4700,-4700,-4700,-4700,-4700,-4700,-4700,-4700,134,7564,7597,7634,7634,7634,7634,7634,7634,7634,7634,7634,7647,7397,7467,7503,7517,7503,7517,7517,7503,7517,7517,7517
01/02/17 14:00:00,45.75,5.29,-546,19184,18693,18933,18933,18933,18933,18933,18933,18933,18933,18933,18933,19340,19452,19452,19619,19452,19452,19452,19452,19452,19452,19452,4699,-2350,-1,-1,-1,-1,-1,-1,-1,-1,-1,-1,-1,-4700,-4700,-4700,-4700,-4700,-4700,-4700,-4700,-4700,-4700,-4700,145,7562,7599,7635,7635,7635,7635,7672,7635,7635,7635,7635,7635,7401,7471,7471,7506,7506,7506,7506,7506,7506,7506,7506
01/02/17 15:00:00,49.75,5.44,-514,20215,19740,19850,19995,19995,19995,19995,19995,19995,19995,19995,19995,20226,20376,20376,20527,20527,20527,20527,20527,20527,20527,20527,4699,-2350,-1,-1,-1,-1,-1,-1,-1,-1,-1,-1,-1,-4700,-4700,-4700,-4700,-4700,-4700,-4700,-4700,-4700,-4700,-4700,136,7612,7453,7698,7698,7583,7694,7708,7708,7708,7708,7745,7782,7436,7506,7541,7541,7541,7577,7577,7563,7577,7563,7563
01/02/17 16:00:00,45,5.39,-550,21093,20760,20818,20818,20818,20818,20818,20818,20847,20818,20847,20818,21222,21222,21414,21414,21385,21414,21385,21414,21385,21385,21414,4699,-2350,-1,-1,-1,-1,-1,-1,-1,-1,-1,-1,-1,-4700,-4700,-4700,-4700,-4700,-4700,-4700,-4700,-4700,-4700,-4700,156,7608,7656,7656,7693,7693,7693,7693,7693,7693,7693,7693,7693,7454,7489,7525,7525,7525,7525,7561,7561,7561,7561,7547
01/02/17 17:00:00,47,5.24,-474,22428,21923,22218,22218,22218,22218,22218,22218,22218,22218,22218,22218,22486,22665,22846,22665,22665,22665,22665,22665,22665,22665,22665,4699,-2350,-1,-1,-1,-1,-1,-1,-1,-1,-1,-1,-1,-4700,-4700,-4700,-4700,-4700,-4700,-4700,-4700,-4700,-4700,-4700,132,7601,7637,7637,7674,7674,7674,7674,7674,7674,7674,7674,7674,7434,7506,7542,7542,7542,7542,7542,7542,7542,7578,7578
01/02/17 18:00:00,46,5.42,-685,23504,22679,23216,23216,22998,23186,23218,23218,23218,23405,23218,23218,23690,23690,23883,23883,23883,23883,23883,23883,23883,23883,23883,4699,-2350,-1,-1,-1,-1,-1,-1,-1,-1,-1,-1,-1,-4700,-4700,-4700,-4700,-4700,-4700,-4700,-4700,-4700,-4700,-4700,154,7635,7653,7689,7689,7726,7726,7726,7726,7726,7726,7726,7726,7451,7522,7558,7558,7558,7558,7594,7594,7558,7594,7594
01/02/17 19:00:00,43.25,5.42,-484,24159,23660,23921,23953,23953,23921,23921,23953,23953,23953,23953,23953,24218,24420,24420,24420,24420,24420,24420,24420,24420,24420,24420,4699,-2350,-1,-1,-1,-1,-1,-1,-1,-1,-1,-1,-1,-4700,-4700,-4700,-4700,-4700,-4700,-4700,-4700,-4700,-4700,-4700,158,7626,7675,7675,7712,7712,7712,7712,7712,7712,7712,7712,7712,7438,7509,7530,7530,7580,7566,7580,7566,7580,7580,7566
01/02/17 20:00:00,35.75,5.34,-414,24220,23924,24022,24022,24022,24022,24022,24022,24022,24022,24022,24022,24288,24288,24288,24492,24492,24492,24526,24492,24526,24526,24288,4699,-2350,-1,-1,-1,-1,-1,-1,-1,-1,-1,-1,-1,-4700,-4700,-4700,-4700,-4700,-4700,-4700,-4700,-4700,-4700,-4700,138,7626,7458,7720,7720,7646,7730,7730,7730,7730,7730,7730,7730,7489,7525,7525,7561,7561,7561,7561,7561,7597,7597,7597
01/02/17 21:00:00,31.5,5.29,-484,23762,23403,23532,23532,23532,23532,23532,23532,23532,23532,23532,23532,23824,24022,24022,24022,24022,24022,24022,24022,24022,24022,24022,4699,-2350,-1,-1,-1,-1,-1,-1,-1,-1,-1,-1,-1,-4700,-4700,-4700,-4700,-4700,-4700,-4700,-4700,-4700,-4700,-4700,151,7625,7641,7678,7715,7678,7715,7715,7715,7715,7715,7715,7715,7437,7508,7545,7545,7545,7581,7567,7581,7581,7581,7581
01/02/17 22:00:00,29.75,5.29,-305,23055,22622,22932,22932,22932,22932,22932,22932,22932,22932,22932,22932,23026,23214,23182,23214,23214,23182,23214,23214,23404,23214,23214,4699,-2350,-1,-1,-1,-1,-1,-1,-1,-1,-1,-1,-1,-4700,-4700,-4700,-4700,-4700,-4700,-4700,-4700,-4700,-4700,-4700,125,7596,7626,7663,7663,7663,7663,7663,7663,7663,7663,7663,7663,7458,7494,7531,7517,7531,7531,7553,7567,7567,7567,7567
01/02/17 23:00:00,29.5,5.29,-279,22339,22117,22209,22209,22209,22209,22209,22209,22209,22209,22209,22209,22479,22479,22479,22479,22479,22479,22479,22479,22479,22479,22479,4699,-2350,-1,-1,-1,-1,-1,-1,-1,-1,-1,-1,-1,-4700,-4700,-4700,-4700,-4700,-4700,-4700,-4700,-4700,-4700,-4700,155,7609,7637,7674,7674,7674,7711,7674,7674,7711,7711,7711,7711,7434,7506,7506,7542,7542,7542,7542,7542,7542,7578,7578
01/03/17 00:00:00,29.25,5.26,-496,21628,21239,21328,21328,21494,21328,21328,21494,21328,21494,21328,21494,21752,21752,21752,21923,21923,21923,21923,21923,21923,21923,21923,4699,-2350,-1,-1,-1,-1,-1,-1,-1,-1,-1,-1,-1,-4700,-4700,-4700,-4700,-4700,-4700,-4700,-4700,-4700,-4700,-4700,125,7604,7637,7637,7674,7674,7674,7674,7674,7674,7674,7674,7674,7434,7506,7542,7542,7542,7542,7542,7578,7578,7578,7578
01/03/17 01:00:00,29.25,5.26,-374,21036,20755,20843,20843,20843,20843,20843,20843,20843,20843,21003,20843,21091,21091,21253,21253,21253,21253,21253,21253,21253,21253,21253,4699,-2350,-1,-1,-1,-1,-1,-1,-1,-1,-1,-1,-1,-4700,-4700,-4700,-4700,-4700,-4700,-4700,-4700,-4700,-4700,-4700,123,7603,7454,7672,7687,7612,7697,7697,7697,7697,7697,7697,7711,7434,7506,7506,7542,7542,7542,7578,7578,7578,7578,7578
01/03/17 02:00:00,29,5.24,-367,20518,20138,20347,20347,20347,20347,20376,20376,20347,20347,20347,20376,20433,20587,20587,20743,20743,20772,20772,20772,20772,20772,20772,4699,-2350,-1,-1,-1,-1,-1,-1,-1,-1,-1,-1,-1,-4700,-4700,-4700,-4700,-4700,-4700,-4700,-4700,-4700,-4700,-4700,155,7619,7649,7687,7687,7687,7687,7687,7724,7724,7724,7687,7724,7445,7517,7553,7553,7553,7553,7553,7553,7539,7553,7590
01/03/17 03:00:00,28.75,5.24,-494,19992,19695,19751,19751,19751,19751,19751,19751,19751,19751,19751,19751,20130,20130,20281,20281,20130,20281,20281,20281,20281,20281,20281,4699,-2350,-1,-1,-1,-1,-1,-1,-1,-1,-1,-1,-1,-4700,-4700,-4700,-4700,-4700,-4700,-4700,-4700,-4700,-4700,-4700,129,7603,7635,7672,7672,7672,7672,7672,7672,7672,7672,7672,7672,7431,7503,7539,7539,7539,7539,7539,7576,7576,7576,7576
01/03/17 04:00:00,28,5.21,-363,19626,19267,19463,19463,19463,19463,19463,19463,19463,19463,19463,19463,19689,19689,19835,19835,19835,19835,19835,19835,19835,19835,19835,4699,-2350,-1,-1,-1,-1,-1,-1,-1,-1,-1,-1,-1,-4700,-4700,-4700,-4700,-4700,-4700,-4700,-4700,-4700,-4700,-4700,177,7592,7609,7660,7697,7683,7683,7697,7683,7697,7697,7697,7697,7442,7478,7478,7514,7514,7514,7514,7514,7514,7514,7550
01/03/17 05:00:00,27.5,5.19,-370,19297,18935,19127,19127,19127,19127,19155,19127,19127,19127,19127,19127,19377,19349,19518,19518,19491,19518,19518,19491,19518,19518,19491,4699,-2350,-1,-1,-1,-1,-1,-1,-1,-1,-1,-1,-1,-4700,-4700,-4700,-4700,-4700,-4700,-4700,-4700,-4700,-4700,-4700,159,7596,7646,7646,7683,7683,7683,7683,7683,7683,7683,7683,7683,7442,7478,7514,7514,7514,7514,7514,7550,7550,7550,7550
01/03/17 06:00:00,27,5.19,-422,19023,18665,18719,18719,18854,18854,18854,18854,18854,18854,18854,18854,19071,19209,19209,19209,19209,19209,19209,19349,19349,19349,19209,4699,-2350,-1,-1,-1,-1,-1,-1,-1,-1,-1,-1,-1,-4700,-4700,-4700,-4700,-4700,-4700,-4700,-4700,-4700,-4700,-4700,122,7593,7375,7696,7658,7607,7706,7669,7706,7706,7706,7669,7706,7429,7500,7536,7536,7536,7536,7536,7572,7536,7572,7572
01/03/17 07:00:00,27,5.19,-442,18802,18532,18586,18586,18586,18586,18586,18586,18586,18586,18586,18586,18826,18962,18962,18962,19098,19098,18962,19098,19098,19098,19098,4699,-2350,-1,-1,-1,-1,-1,-1,-1,-1,-1,-1,-1,-4700,-4700,-4700,-4700,-4700,-4700,-4700,-4700,-4700,-4700,-4700,174,7625,7658,7696,7696,7733,7696,7733,7733,7733,7733,7696,7733,7453,7489,7525,7525,7562,7562,7562,7562,7562,7562,7562
01/03/17 08:00:00,26.25,5.16,-420,18834,18479,18559,18559,18559,18559,18692,18692,18692,18692,18692,18692,18935,18935,19044,19071,19044,19044,19044,19071,19044,19209,19044,4699,-2350,-1,-1,-1,-1,-1,-1,-1,-1,-1,-1,-1,-4700,-4700,-4700,-4700,-4700,-4700,-4700,-4700,-4700,-4700,-4700,255,7891,7988,7988,8027,8027,8027,8027,8027,8027,8027,8027,8027,7658,7733,7771,7771,7771,7771,7771,7771,7771,7809,7809
01/03/17 09:00:00,25.75,5.16,-395,18562,18219,18271,18271,18401,18401,18401,18401,18401,18428,18428,18401,18639,18773,18773,18773,18773,18773,18773,18773,18773,18773,18773,4699,-2350,-1,-1,-1,-1,-1,-1,-1,-1,-1,-1,-1,-4700,-4700,-4700,-4700,-4700,-4700,-4700,-4700,-4700,-4700,-4700,214,7833,7881,7919,7919,7919,7958,7958,7958,7958,7958,7958,7958,7632,7706,7706,7743,7743,7743,7743,7743,7743,7743,7743
01/03/17 10:00:00,26.25,5.16,-380,18317,17964,18016,18143,18143,18169,18169,18169,18143,18169,18143,18169,18377,18507,18507,18507,18507,18507,18507,18507,18507,18507,18639,4699,-2350,-1,-1,-1,-1,-1,-1,-1,-1,-1,-1,-1,-4700,-4700,-4700,-4700,-4700,-4700,-4700,-4700,-4700,-4700,-4700,171,7757,7545,7857,7910,7795,7881,7881,7881,7881,7881,7881,7881,7559,7632,7669,7669,7669,7669,7706,7706,7706,7706,7706
01/03/17 11:00:00,27.75,5.16,-474,18135,17715,17917,17917,17917,17917,17917,17917,17917,17917,17917,17917,18274,18248,18403,18377,18403,18403,18403,18403,18377,18403,18403,4699,-2350,-1,-1,-1,-1,-1,-1,-1,-1,-1,-1,-1,-4700,-4700,-4700,-4700,-4700,-4700,-4700,-4700,-4700,-4700,-4700,198,7740,7795,7833,7833,7833,7833,7833,7833,7833,7871,7871,7871,7548,7621,7621,7658,7658,7658,7658,7658,7658,7658,7658
01/03/17 12:00:00,36.75,5.12,-475,17891,17497,17573,17573,17695,17695,17695,17695,17695,17695,17695,17695,17947,18072,18072,18072,18199,18072,18199,18199,18199,18199,18199,4699,-2350,-1,-1,-1,-1,-1,-1,-1,-1,-1,-1,-1,-4700,-4700,-4700,-4700,-4700,-4700,-4700,-4700,-4700,-4700,-4700,193,7710,7785,7771,7809,7785,7823,7823,7823,7809,7809,7823,7823,7539,7562,7598,7635,7612,7635,7635,7635,7635,7635,7635
01/03/17 13:00:00,40.5,5.14,-571,17953,17522,17599,17625,17625,17625,17746,17625,17746,17746,17746,17746,18124,18251,18251,18251,18251,18251,18251,18251,18251,18251,18251,4699,-2350,-1,-1,-1,-1,-1,-1,-1,-1,-1,-1,-1,-4700,-4700,-4700,-4700,-4700,-4700,-4700,-4700,-4700,-4700,-4700,170,7732,7776,7814,7814,7814,7814,7814,7814,7852,7852,7814,7814,7567,7604,7641,7641,7641,7678,7641,7678,7678,7678,7678
01/03/17 14:00:00,43.75,5.16,-599,18185,17818,17896,17896,17870,17896,17896,17896,17896,17896,17896,17896,18277,18406,18509,18535,18509,18509,18509,18535,18535,18509,18509,4699,-2350,-1,-1,-1,-1,-1,-1,-1,-1,-1,-1,-1,-4700,-4700,-4700,-4700,-4700,-4700,-4700,-4700,-4700,-4700,-4700,150,7721,7762,7800,7800,7800,7800,7800,7800,7800,7800,7800,7800,7569,7592,7628,7628,7665,7665,7665,7702,7665,7665,7665
01/03/17 15:00:00,45.25,5.16,-593,18578,18095,18301,18301,18301,18301,18301,18301,18301,18301,18301,18301,18693,18826,18826,18826,18826,18961,18826,18961,18961,18961,18961,4699,-2350,-1,-1,-1,-1,-1,-1,-1,-1,-1,-1,-1,-4700,-4700,-4700,-4700,-4700,-4700,-4700,-4700,-4700,-4700,-4700,148,7716,7568,7781,7819,7729,7828,7828,7828,7828,7828,7828,7828,7547,7620,7620,7656,7656,7656,7656,7656,7656,7656,7693
01/03/17 16:00:00,47,5.12,-566,19077,18613,18693,18826,18826,18826,18826,18826,18826,18826,18826,18826,19234,19373,19373,19373,19373,19373,19373,19373,19373,19373,19373,4699,-2350,-1,-1,-1,-1,-1,-1,-1,-1,-1,-1,-1,-4700,-4700,-4700,-4700,-4700,-4700,-4700,-4700,-4700,-4700,-4700,151,7690,7729,7767,7767,7767,7767,7767,7767,7767,7804,7767,7767,7522,7595,7595,7632,7632,7632,7632,7632,7632,7632,7632
01/03/17 17:00:00,45,5.09,-613,19968,19550,19634,19634,19634,19662,19634,19662,19634,19807,19662,19779,20215,20215,20215,20366,20215,20395,20215,20215,20366,20243,20366,4699,-2350,-1,-1,-1,-1,-1,-1,-1,-1,-1,-1,-1,-4700,-4700,-4700,-4700,-4700,-4700,-4700,-4700,-4700,-4700,-4700,165,7717,7767,7804,7804,7804,7804,7804,7804,7804,7804,7804,7804,7522,7595,7632,7632,7632,7632,7669,7669,7669,7669,7669
01/03/17 18:00:00,45.5,5.21,-661,20847,20060,20433,20587,20404,20576,20605,20605,20605,20605,20605,20605,21062,21062,21062,21222,21222,21222,21222,21222,21222,21222,21222,4699,-2350,-1,-1,-1,-1,-1,-1,-1,-1,-1,-1,-1,-4700,-4700,-4700,-4700,-4700,-4700,-4700,-4700,-4700,-4700,-4700,151,7707,7753,7753,7790,7790,7790,7790,7790,7790,7790,7790,7790,7511,7583,7620,7656,7656,7656,7656,7656,7656,7656,7656
01/03/17 19:00:00,41.75,5.19,-539,21526,21105,21164,21194,21194,21194,21194,21358,21358,21358,21358,21358,21643,21812,21812,21812,21812,21812,21812,21812,21812,21812,21812,4699,-2350,-1,-1,-1,-1,-1,-1,-1,-1,-1,-1,-1,-4700,-4700,-4700,-4700,-4700,-4700,-4700,-4700,-4700,-4700,-4700,164,7694,7739,7739,7776,7776,7776,7776,7776,7776,7814,7814,7776,7497,7569,7606,7606,7606,7642,7642,7642,7642,7642,7642
01/03/17 20:00:00,40,5.16,-450,22077,21632,21862,21862,21892,21862,21862,21892,21862,21862,21892,21892,22157,22301,22332,22301,22332,22332,22332,22332,22301,22301,22301,4699,-2350,-1,-1,-1,-1,-1,-1,-1,-1,-1,-1,-1,-4700,-4700,-4700,-4700,-4700,-4700,-4700,-4700,-4700,-4700,-4700,128,7662,7488,7752,7752,7663,7762,7762,7762,7762,7762,7762,7762,7520,7556,7592,7628,7628,7592,7592,7592,7628,7628,7628
01/03/17 21:00:00,33.25,5.12,-380,22185,21821,21912,21882,21912,21912,22086,22086,22086,22086,22086,22086,22209,22386,22355,22566,22386,22355,22386,22386,22355,22355,22386,4699,-2350,-1,-1,-1,-1,-1,-1,-1,-1,-1,-1,-1,-4700,-4700,-4700,-4700,-4700,-4700,-4700,-4700,-4700,-4700,-4700,207,7680,7733,7771,7771,7771,7771,7771,7771,7809,7809,7847,7809,7489,7525,7548,7598,7598,7598,7598,7621,7598,7584,7598
01/03/17 22:00:00,29.75,5.09,-367,21948,21589,21680,21680,21851,21680,21851,21680,21851,21851,21851,21851,21974,22148,22148,22148,22148,22148,22148,22148,22148,22148,22148,4699,-2350,-1,-1,-1,-1,-1,-1,-1,-1,-1,-1,-1,-4700,-4700,-4700,-4700,-4700,-4700,-4700,-4700,-4700,-4700,-4700,179,7676,7705,7742,7742,7780,7780,7780,7780,7780,7780,7780,7780,7497,7534,7570,7570,7607,7607,7607,7607,7644,7607,7607
01/03/17 23:00:00,28.5,5.07,-389,21499,21224,21314,21314,21314,21314,21314,21314,21314,21314,21314,21314,21434,21601,21601,21601,21771,21771,21771,21771,21771,21771,21771,4699,-2350,-1,-1,-1,-1,-1,-1,-1,-1,-1,-1,-1,-4700,-4700,-4700,-4700,-4700,-4700,-4700,-4700,-4700,-4700,-4700,192,7680,7715,7752,7752,7752,7790,7790,7790,7790,7828,7790,7790,7508,7545,7581,7581,7581,7581,7618,7581,7618,7618,7618
01/04/17 00:00:00,28.25,5.05,-439,21004,20580,20797,20797,20797,20797,20797,20826,20826,20797,20797,20826,21076,21239,21239,21239,21239,21239,21239,21239,21239,21239,21239,4699,-2350,-1,-1,-1,-1,-1,-1,-1,-1,-1,-1,-1,-4700,-4700,-4700,-4700,-4700,-4700,-4700,-4700,-4700,-4700,-4700,148,7684,7701,7738,7738,7776,7776,7776,7776,7738,7776,7776,7776,7531,7567,7604,7604,7604,7641,7604,7641,7641,7641,7641
01/04/17 01:00:00,28,5.02,-348,20566,20270,20328,20328,20328,20328,20328,20482,20482,20482,20482,20482,20598,20755,20755,20755,20755,20755,20755,20755,20755,20755,20755,4699,-2350,-1,-1,-1,-1,-1,-1,-1,-1,-1,-1,-1,-4700,-4700,-4700,-4700,-4700,-4700,-4700,-4700,-4700,-4700,-4700,116,7678,7508,7752,7752,7676,7762,7776,7776,7776,7776,7776,7776,7531,7567,7604,7604,7641,7641,7641,7678,7641,7641,7641
01/04/17 02:00:00,28,5.02,-409,20182,19819,19875,19875,20024,20024,20024,20024,20024,20024,20024,20024,20138,20290,20290,20443,20443,20443,20443,20443,20443,20443,20443,4699,-2350,-1,-1,-1,-1,-1,-1,-1,-1,-1,-1,-1,-4700,-4700,-4700,-4700,-4700,-4700,-4700,-4700,-4700,-4700,-4700,160,7696,7714,7752,7752,7790,7790,7790,7790,7790,7790,7790,7790,7505,7579,7579,7616,7616,7616,7653,7653,7653,7653,7653
01/04/17 03:00:00,28.25,5.02,-491,19783,19384,19439,19439,19583,19583,19583,19583,19583,19583,19583,19583,19841,19989,19989,19989,20138,19989,20138,19989,20138,20138,19989,4699,-2350,-1,-1,-1,-1,-1,-1,-1,-1,-1,-1,-1,-4700,-4700,-4700,-4700,-4700,-4700,-4700,-4700,-4700,-4700,-4700,140,7675,7714,7714,7752,7752,7752,7752,7752,7752,7752,7752,7752,7542,7579,7579,7616,7616,7616,7616,7653,7616,7616,7616
01/04/17 04:00:00,28,5.02,-398,19470,19074,19270,19297,19297,19297,19270,19297,19297,19297,19297,19297,19523,19667,19667,19667,19667,19667,19667,19667,19667,19813,19695,4699,-2350,-1,-1,-1,-1,-1,-1,-1,-1,-1,-1,-1,-4700,-4700,-4700,-4700,-4700,-4700,-4700,-4700,-4700,-4700,-4700,146,7699,7724,7762,7762,7762,7762,7762,7762,7800,7800,7800,7800,7517,7590,7626,7626,7626,7663,7663,7626,7663,7626,7663
01/04/17 05:00:00,27.75,5,-381,19176,18800,18991,18991,18991,19129,18991,18991,18991,18991,18991,18991,19239,19380,19380,19380,19380,19380,19380,19380,19380,19380,19380,4699,-2350,-1,-1,-1,-1,-1,-1,-1,-1,-1,-1,-1,-4700,-4700,-4700,-4700,-4700,-4700,-4700,-4700,-4700,-4700,-4700,146,7682,7724,7724,7762,7762,7762,7762,7762,7762,7762,7762,7762,7517,7590,7590,7626,7626,7626,7626,7626,7626,7626,7626
01/04/17 06:00:00,27.5,5,-387,19027,18637,18854,18854,18854,18854,18718,18991,18854,18854,18854,18854,19100,19239,19239,19239,19239,19239,19239,19239,19212,19239,19212,4699,-2350,-1,-1,-1,-1,-1,-1,-1,-1,-1,-1,-1,-4700,-4700,-4700,-4700,-4700,-4700,-4700,-4700,-4700,-4700,-4700,123,7692,7465,7775,7775,7700,7785,7800,7800,7800,7800,7800,7800,7553,7590,7612,7612,7626,7649,7663,7663,7649,7663,7663
01/04/17 07:00:00,27,4.98,-362,18879,18637,18691,18691,18691,18691,18691,18691,18691,18691,18691,18827,18935,19073,19073,19073,19073,19073,19073,19073,19073,19073,19073,4699,-2350,-1,-1,-1,-1,-1,-1,-1,-1,-1,-1,-1,-4700,-4700,-4700,-4700,-4700,-4700,-4700,-4700,-4700,-4700,-4700,151,7702,7737,7775,7775,7775,7775,7775,7775,7814,7775,7814,7775,7528,7587,7639,7639,7625,7639,7662,7625,7625,7662,7676
01/04/17 08:00:00,25.75,4.96,-525,18870,18450,18531,18531,18531,18664,18664,18664,18664,18664,18664,18664,18908,19045,19045,19184,19184,19184,19184,19184,19184,19184,19184,4699,-2350,-1,-1,-1,-1,-1,-1,-1,-1,-1,-1,-1,-4700,-4700,-4700,-4700,-4700,-4700,-4700,-4700,-4700,-4700,-4700,129,7832,7862,7901,7901,7901,7901,7901,7901,7901,7901,7901,7901,7648,7723,7761,7761,7761,7761,7799,7799,7838,7799,7799
01/04/17 09:00:00,25.5,4.96,-472,18759,18450,18531,18531,18531,18531,18531,18531,18531,18531,18531,18531,18772,18908,18908,19045,19045,19045,19045,19045,19045,19045,19045,4699,-2350,-1,-1,-1,-1,-1,-1,-1,-1,-1,-1,-1,-4700,-4700,-4700,-4700,-4700,-4700,-4700,-4700,-4700,-4700,-4700,180,7816,7847,7886,7886,7886,7924,7924,7924,7924,7924,7924,7924,7635,7672,7710,7710,7747,7747,7747,7747,7747,7785,7747
01/04/17 10:00:00,27.75,4.96,-490,18646,18215,18399,18399,18426,18426,18426,18426,18426,18426,18426,18426,18665,18772,18800,18908,18908,19073,18935,18935,18935,18935,18935,4699,-2350,-1,-1,-1,-1,-1,-1,-1,-1,-1,-1,-1,-4700,-4700,-4700,-4700,-4700,-4700,-4700,-4700,-4700,-4700,-4700,145,7778,7630,7862,7876,7799,7886,7886,7886,7886,7886,7886,7886,7598,7672,7672,7710,7710,7710,7710,7747,7747,7747,7747
01/04/17 11:00:00,36,4.93,-489,18464,18113,18192,18192,18192,18192,18192,18192,18192,18322,18322,18322,18586,18719,18692,18719,18692,18719,18719,18719,18827,18692,18719,4699,-2350,-1,-1,-1,-1,-1,-1,-1,-1,-1,-1,-1,-4700,-4700,-4700,-4700,-4700,-4700,-4700,-4700,-4700,-4700,-4700,159,7789,7814,7852,7852,7852,7891,7852,7891,7891,7891,7891,7891,7602,7676,7714,7714,7714,7714,7714,7752,7714,7752,7752
01/04/17 12:00:00,37.5,4.91,-518,18420,17986,18064,18192,18192,18192,18192,18192,18192,18192,18192,18192,18559,18692,18692,18692,18692,18692,18692,18692,18692,18692,18692,4699,-2350,-1,-1,-1,-1,-1,-1,-1,-1,-1,-1,-1,-4700,-4700,-4700,-4700,-4700,-4700,-4700,-4700,-4700,-4700,-4700,114,7781,7775,7814,7814,7852,7852,7852,7852,7852,7852,7852,7852,7639,7676,7752,7714,7714,7714,7752,7752,7752,7752,7752
01/04/17 13:00:00,40,4.68,-574,18527,17697,18271,18271,18143,18301,18327,18327,18327,18327,18327,18327,18693,18693,18826,18826,18826,18826,18961,18826,18826,18826,18826,4699,-2350,-1,-1,-1,-1,-1,-1,-1,-1,-1,-1,-1,-4700,-4700,-4700,-4700,-4700,-4700,-4700,-4700,-4700,-4700,-4700,156,7788,7804,7842,7842,7881,7881,7881,7881,7881,7881,7881,7881,7609,7669,7706,7706,7706,7706,7743,7743,7743,7743,7743
01/04/17 14:00:00,44.25,4.4,-617,18899,18446,18528,18555,18690,18528,18555,18555,18555,18718,18690,18690,19104,19104,19244,19217,19217,19217,19244,19244,19244,19217,19244,4699,-2350,-1,-1,-1,-1,-1,-1,-1,-1,-1,-1,-1,-4700,-4700,-4700,-4700,-4700,-4700,-4700,-4700,-4700,-4700,-4700,146,7762,7804,7804,7842,7842,7842,7842,7842,7842,7842,7842,7842,7595,7669,7669,7706,7706,7706,7706,7706,7706,7706,7706
01/04/17 15:00:00,44,4.93,-568,19415,18936,19157,19157,19045,19045,19184,19184,19184,19184,19184,19184,19578,19578,19723,19723,19723,19723,19723,19723,19723,19723,19751,4699,-2350,-1,-1,-1,-1,-1,-1,-1,-1,-1,-1,-1,-4700,-4700,-4700,-4700,-4700,-4700,-4700,-4700,-4700,-4700,-4700,119,7752,7525,7842,7818,7714,7895,7857,7857,7857,7857,7857,7857,7609,7646,7683,7683,7683,7720,7720,7720,7720,7720,7720
01/04/17 16:00:00,46,4.89,-583,20137,19588,19847,19875,19875,19875,19875,19875,19875,19875,19875,19875,20290,20443,20443,20443,20443,20443,20443,20443,20443,20443,20443,4699,-2350,-1,-1,-1,-1,-1,-1,-1,-1,-1,-1,-1,-4700,-4700,-4700,-4700,-4700,-4700,-4700,-4700,-4700,-4700,-4700,170,7799,7828,7867,7867,7867,7867,7905,7905,7905,7905,7905,7905,7616,7690,7690,7728,7690,7728,7728,7728,7766,7728,7766
01/09/17 17:14:25,38.25,3.97,0,-1,-1,-1,-1,-1,-1,-1,-1,-1,-1,-1,-1,-1,-1,-1,-1,-1,-1,-1,-1,-1,-1,-1,0,-1,-1,-1,-1,-1,-1,-1,-1,-1,-1,-1,-1,-1,-1,-1,-1,-1,-1,-1,-1,-1,-1,-1,0,-1,-1,-1,-1,-1,-1,-1,-1,-1,-1,-1,-1,-1,-1,-1,-1,-1,-1,-1,-1,-1,-1,-1
01/09/17 17:35:09,36.75,3.85,-363609,181803,-1,-1,-1,-1,-1,-1,-1,-1,-1,-1,-1,-1,-1,-1,-1,-1,3999700,-1,-1,-1,-1,-1,0,-1,-1,-1,-1,-1,-1,-1,-1,-1,-1,-1,-1,-1,-1,-1,-1,-1,-1,-1,-1,-1,-1,-1,0,-1,-1,-1,-1,-1,-1,-1,-1,-1,-1,-1,-1,-1,-1,-1,-1,-1,-1,-1,-1,-1,-1,-1
01/09/17 17:35:25,36.75,4.19,0,-1,-1,-1,-1,-1,-1,-1,-1,-1,-1,-1,-1,-1,-1,-1,-1,-1,-1,-1,-1,-1,-1,-1,0,-1,-1,-1,-1,-1,-1,-1,-1,-1,-1,-1,-1,-1,-1,-1,-1,-1,-1,-1,-1,-1,-1,-1,0,-1,-1,-1,-1,-1,-1,-1,-1,-1,-1,-1,-1,-1,-1,-1,-1,-1,-1,-1,-1,-1,-1,-1
01/09/17 17:36:32,36.75,4.09,0,-1,-1,-1,-1,-1,-1,-1,-1,-1,-1,-1,-1,-1,-1,-1,-1,-1,-1,-1,-1,-1,-1,-1,0,-1,-1,-1,-1,-1,-1,-1,-1,-1,-1,-1,-1,-1,-1,-1,-1,-1,-1,-1,-1,-1,-1,-1,0,-1,-1,-1,-1,-1,-1,-1,-1,-1,-1,-1,-1,-1,-1,-1,-1,-1,-1,-1,-1,-1,-1,-1
01/09/17 17:44:51,35.25,4.02,0,-1,-1,-1,-1,-1,-1,-1,-1,-1,-1,-1,-1,-1,-1,-1,-1,-1,-1,-1,-1,-1,-1,-1,0,-1,-1,-1,-1,-1,-1,-1,-1,-1,-1,-1,-1,-1,-1,-1,-1,-1,-1,-1,-1,-1,-1,-1,0,-1,-1,-1,-1,-1,-1,-1,-1,-1,-1,-1,-1,-1,-1,-1,-1,-1,-1,-1,-1,-1,-1,-1
01/09/17 17:45:31,35,3.99,0,-1,-1,-1,-1,-1,-1,-1,-1,-1,-1,-1,-1,-1,-1,-1,-1,-1,-1,-1,-1,-1,-1,-1,0,-1,-1,-1,-1,-1,-1,-1,-1,-1,-1,-1,-1,-1,-1,-1,-1,-1,-1,-1,-1,-1,-1,-1,0,-1,-1,-1,-1,-1,-1,-1,-1,-1,-1,-1,-1,-1,-1,-1,-1,-1,-1,-1,-1,-1,-1,-1
