time,temperature,VCC,sensor 01 resistance bias,sensor 01 value,raw 01,raw 02,raw 03,raw 04,raw 05,raw 06,raw 07,raw 08,raw 09,raw 10,raw 11,raw 12,raw 13,raw 14,raw 15,raw 16,raw 17,raw 18,raw 19,raw 20,raw 21,raw 22,sensor 02 resistance bias,sensor 02 value,raw 23,raw 24,raw 25,raw 26,raw 27,raw 28,raw 29,raw 30,raw 31,raw 32,raw 33,raw 34,raw 35,raw 36,raw 37,raw 38,raw 39,raw 40,raw 41,raw 42,raw 43,raw 44,sensor 03 resistance bias,sensor 03 value,raw 45,raw 46,raw 47,raw 48,raw 49,raw 50,raw 51,raw 52,raw 53,raw 54,raw 55,raw 56,raw 57,raw 58,raw 59,raw 60,raw 61,raw 62,raw 63,raw 64,raw 65,raw 66
12/28/2016 19:19:46,32.75,4.74,970,153596,155823,156184,156184,156184,150225,156365,156365,150400,156365,150400,150400,150400,150400,156365,156365,156365,156365,156365,,-4317,154206,153111,153111,153111,153111,153111,153111,153111,153111,153111,147266,147266,156365,156365,156365,156365,156365,156365,156365,156365,,,,17,-4691,-4515,-4700,-4700,-4700,-4700,-4700,-4700,-4700,-4700,-4700,-4700,-4700,-4700,-4700,-4700,-4700,-4700,-4700,-4700,-4700,-4700,-4700
12/29/2016 08:42:10,27.00,5.67,-5468,52088,45562,46216,48703,50073,48586,49260,49892,50601,50601,51328,52076,52013,52779,52716,54572,54572,56265,55340,56198,56198,56198,,-14076,64018,55991,55855,55991,55991,56883,54347,55991,56331,58153,59106,62144,67871,69122,69122,70417,71758,71758,71758,71758,71758,73149,73149,0,-4700,-4700,-4700,-4700,-4700,-4700,-4700,-4700,-4700,-4700,-4700,-4700,-4700,-4700,-4700,-4700,-4700,-4700,-4700,-4700,-4700,-4700,-4700
01/03/2017 09:38:12,41.00,5.07,-838311,421204,2040,2040,2040,2040,2048,2048,2048,2048,2077,2057,2057,840360,840360,840360,840360,840360,840360,840360,840360,840360,840360,,6900,840990,824380,825320,825320,825320,825320,1032825,825320,826260,826260,826260,826260,837540,837540,837540,837540,837540,837540,837540,837540,,2,-4699,-4679,-4700,-4700,-4700,-4700,-4700,-4700,-4700,-4700,-4700,-4700,-4700,-4700,-4700,-4700,-4700,-4700,-4700,-4700,-4700,-4700,-4700
01/03/2017 10:12:30,-19.50,5.09,781,42128,38811,40200,41176,41680,42669,43207,42669,43758,44322,44322,44898,41176,41176,41680,41680,41680,42195,41680,41731,42195,41731,-4413,43286,40647,40595,40595,40595,40595,41613,41098,41151,41666,41666,41666,44212,44788,45377,45377,45377,45377,45377,45980,45980,46598,2,-4699,-4684,-4700,-4700,-4700,-4700,-4700,-4700,-4700,-4700,-4700,-4700,-4700,-4700,-4700,-4700,-4700,-4700,-4700,-4700,-4700,-4700
01/03/2017 10:12:35,-19.50,5.09,3629,47359,48665,48725,48665,49350,49410,49350,49350,49350,49350,49350,49350,45545,45545,45545,45545,45545,45545,45545,45545,45545,45545,-4414,45970,43792,43792,43792,43792,43792,43737,43174,43737,43737,43737,44314,47822,47881,47881,47881,47881,47881,48546,48546,48546,48546,48546,6,-4697,-4689,-4694,-4689,-4694,-4689,-4689,-4700,-4700,-4700,-4700,-4700,-4700,-4700,-4700,-4700,-4700,-4700,-4700,-4700,-4700,-4700,-4700
01/03/2017 10:12:59,-19.50,5.07,3464,49849,51512,51512,51512,51512,51512,51512,51512,51512,51512,51512,52271,48057,48057,48057,48057,48057,48057,48057,48057,48057,,,-4013,48931,46765,46765,46765,46823,46823,46823,46823,46823,46823,47475,47475,50586,50648,50648,50586,50586,50648,51324,51324,51324,51324,,6,-4697,-4689,-4694,-4694,-4694,-4689,-4689,-4694,-4700,-4700,-4700,-4700,-4700,-4700,-4700,-4700,-4700,-4700,-4700,-4700,-4700,-4700,
01/03/2017 10:13:02,-19.50,5.07,3998,51855,53854,53854,53854,53854,53854,53854,53854,53854,53854,53854,53854,50112,50112,49410,50112,50112,50112,49410,50112,50112,,,-3754,49899,48144,47475,48144,48144,48144,48144,47475,48144,48144,48144,48144,51324,52144,51386,52144,52144,51324,52144,51386,52081,52144,,0,-4684,-4684,-4684,-4684,-4684,-4684,-4684,-4684,-4684,-4684,-4684,-4684,-4684,-4684,-4684,-4684,-4684,-4684,-4684,-4684,-4684,-4684,
01/03/2017 10:08:22,26.00,5.55,-6530,97892,86400,92611,92611,92611,97133,94655,96909,97021,97021,94546,99387,86000,96685,120679,112930,96238,99617,99617,99617,99617,,,-6342,98918,95566,95566,95566,95678,95566,95566,95566,95454,95566,97897,95230,101637,104846,101637,101637,101755,101755,101872,101872,101990,,,-1,-4688,-4689,-4689,-4679,-4679,-4689,-4689,-4684,-4694,-4700,-4689,-4700,-4694,-4689,-4689,-4679,-4689,-4684,-4689,-4694,-4689,-4700,-4674
01/03/2017 10:08:32,-66.75,5.39,-1079,101959,101990,99502,99502,102107,101990,101755,101755,101755,101755,101755,101755,101755,101755,101755,101755,101755,101755,104484,-8455,102646,97553,100110,100110,97553,97439,97439,97553,97439,97439,99992,99992,106863,106863,106863,106863,106863,106863,106863,106863,106863,,,-1,-4688,-4689,-4689,-4689,-4689,-4689,-4689,-4689,-4689,-4689,-4689,-4689,-4689,-4689,-4684,-4689,-4689,-4689,-4689,-4689,-4689,-4689,-4689
01/03/2017 10:08:35,-66.75,5.53,-1387,104381,105378,106121,92797,109370,101050,102107,104725,104846,104725,104725,104725,104725,104725,104846,104725,104846,104846,104846-9128,105271,100462,100462,100462,100462,100462,100462,103158,100462,100462,100462,100462,107357,110386,107357,110386,110386,110386,110386,110386,0,-4700,-4700,-4700,-4700,-4700,-4700,-4700,-4700,-4700,-4700,-4700,-4700,-4700,-4700,-4700,-4700,-4700,-4700,-4700,-4700,-4700,-4700,-4700
01/03/2017 10:08:38,-66.75,5.88,-1631,110459,108347,108347,108347,111402,111275,111275,111275,108223,111275,108100,108223,111275,111275,111275,111275,111275,111275,,,,,,-10183,112810,106615,106863,106863,106863,109878,106863,106986,106986,110005,106986,110005,117902,117902,117902,117902,117902,117902,117902,117902,0,-4700,-4700,-4700,-4700,-4700,-4700,-4700,-4700,-4700,-4700,-4700,-4700,-4700,-4700,-4700,-4700,-4700,-4700,-4700,-4700,-4700,-4700,-4700
01/03/2017 10:08:45,-66.75,5.67,-12826,122097,111021,111021,114236,114236,114236,117365,117365,117365,117365,120955,117365,120955,124763,128809,128809,128809,128809,,,,,,-11784,132131,121915,123339,127340,127340,127340,123339,127487,127634,127634,127634,127634,138023,138023,138023,138023,138023,138023,138023,138023,0,-4700,-4700,-4700,-4700,-4700,-4700,-4700,-4700,-4700,-4700,-4700,-4700,-4700,-4700,-4700,-4700,-4700,-4700,-4700,-4700,-4700,-4700,-4700
01/03/2017 10:09:07,-66.75,5.70,1,137851,138023,138023,138023,138023,138023,137710,137710,137710,137710,137710,137710,137710,137866,137866,137866,137866,137866,,,,,,-10739,137063,131296,131448,131448,131600,131448,131145,130841,131145,131296,131145,135830,142134,142296,136926,142458,142620,142458,,,,,,7,-4696,-4684,-4694,-4700,-4689,-4663,-4700,-4700,-4700,-4700,-4700,-4700,-4700,-4700,-4700,-4700,-4700,-4700,-4700,-4700,-4700,-4700,-4700
01/03/2017 10:09:12,-66.75,5.85,-419,142330,138336,143106,143106,138180,143106,142944,142944,142944,142944,142782,142944,138023,142944,142944,142944,143106,143106,,,,,,-6787,139948,135986,136143,135986,135830,135830,135830,145532,134890,135203,135516,135360,147042,141000,108989,162808,61100,231866,145532,142458,,5,-4696,-4684,-4694,-4689,-4694,-4684,-4700,-4700,-4694,-4700,-4700,-4700,-4700,-4700,-4700,-4700,-4700,-4700,-4700,-4700,-4700,-4694,-4700
01/03/2017 10:09:17,-66.75,5.73,192,142789,142944,142944,143106,143106,142944,142782,142782,142782,142782,142782,142782,142782,142782,142782,142782,142782,142620,,,,,,-11836,141292,135516,135360,135360,135360,135360,135360,135360,135360,135360,135360,135360,147210,147210,147210,147210,147210,147210,147210,147210,8,-4696,-4663,-4694,-4694,-4694,-4669,-4700,-4700,-4700,-4700,-4700,-4700,-4700,-4700,-4700,-4700,-4700,-4700,-4700,-4700,-4700,-4700,-4700
01/03/2017 11:00:00,49.00,5.50,-319,3368,3206,3206,3206,3221,3219,3201,3210,3210,3210,3210,3204,3499,3515,3531,3531,3531,3531,3531,3531,3531,3531,3548,-421,2172,1981,1970,1970,1960,1960,1960,1960,1960,1960,1949,1960,2373,2385,2385,2385,2385,2385,2385,2385,2385,2385,2385,81,-2126,-2108,-2092,-2082,-2087,-2087,-2082,-2087,-2082,-2082,-2082,-2082,-2192,-2171,-2165,-2165,-2165,-2165,-2165,-2165,-2165,-2165,-2160
01/03/2017 12:00:00,43.75,5.79,-163,3273,3188,3188,3188,3203,3200,3192,3192,3192,3192,3192,3192,3323,3354,3354,3345,3354,3354,3369,3354,3369,3369,3369,-373,2212,2048,2037,2026,2026,2026,2026,2026,2026,2015,2015,2015,2389,2401,2401,2401,2401,2401,2401,2401,2401,2401,2401,83,-2130,-2109,-2093,-2088,-2088,-2083,-2083,-2083,-2088,-2088,-2088,-2088,-2197,-2171,-2171,-2171,-2171,-2171,-2171,-2171,-2171,-2166,-2171
01/03/2017 13:00:00,48.50,5.73,-325,3254,3092,3092,3107,3107,3104,3095,3095,3081,3081,3081,3081,3382,3398,3414,3414,3414,3429,3429,3429,3429,3429,3429,-413,2167,1898,1980,1970,1970,1959,1963,1971,1971,1971,1960,1960,2361,2365,2377,2377,2377,2377,2377,2377,2377,2377,2377,77,-2134,-2126,-2103,-2098,-2098,-2090,-2092,-2092,-2092,-2092,-2092,-2084,-2198,-2178,-2172,-2172,-2172,-2172,-2167,-2172,-2167,-2172,-2167
01/03/2017 14:00:00,48.75,5.55,-326,3195,3029,3038,3038,3038,3049,3031,3023,3023,3023,3023,3037,3310,3337,3346,3362,3362,3371,3371,3371,3371,3371,3371,-422,2154,1872,1962,1952,1952,1952,1930,1953,1953,1953,1953,1942,2353,2357,2357,2357,2357,2377,2377,2377,2369,2369,2369,82,-2137,-2116,-2100,-2095,-2095,-2095,-2095,-2095,-2095,-2090,-2095,-2090,-2204,-2183,-2178,-2178,-2178,-2178,-2172,-2172,-2172,-2172,-2172
01/03/2017 15:00:00,49.25,5.58,-225,3211,3095,3095,3104,3095,3095,3104,3115,3098,3098,3098,3098,3303,3309,3309,3325,3325,3325,3334,3334,3334,3334,3334,-354,2208,2050,2031,2031,2031,2039,2020,2028,2028,2028,2028,2028,2357,2381,2381,2394,2381,2381,2394,2394,2394,2394,2394,85,-2140,-2133,-2099,-2094,-2094,-2094,-2097,-2097,-2097,-2097,-2092,-2092,-2211,-2185,-2185,-2180,-2180,-2180,-2180,-2180,-2180,-2180,-2180
01/03/2017 16:00:00,34.75,5.55,-238,3211,3080,3089,3089,3089,3089,3104,3109,3092,3092,3092,3092,3289,3319,3319,3335,3335,3335,3335,3341,3357,3338,3329,-337,2247,2122,2103,2092,2092,2062,2077,2066,2066,2066,2066,2063,2394,2406,2418,2418,2418,2418,2418,2418,2431,2435,2402,87,-2132,-2111,-2095,-2085,-2090,-2090,-2087,-2090,-2087,-2082,-2085,-2085,-2201,-2180,-2174,-2174,-2174,-2174,-2174,-2174,-2169,-2172,-2174
01/03/2017 17:00:00,30.75,5.50,-292,3211,3065,3074,3065,3074,3060,3074,3071,3054,3062,3062,3062,3336,3333,3358,3349,3351,3367,3367,3367,3367,3367,3367,-388,2177,1984,1992,1992,1981,1981,1981,1981,1981,1981,1981,1981,2354,2358,2370,2370,2378,2378,2378,2378,2378,2366,2374,87,-2135,-2114,-2098,-2093,-2093,-2093,-2093,-2087,-2087,-2087,-2087,-2087,-2203,-2182,-2177,-2177,-2177,-2177,-2177,-2177,-2177,-2177,-2177
01/03/2017 18:00:00,29.50,5.53,-282,3267,3039,3145,3139,3139,3139,3139,3139,3092,3145,3145,3130,3373,3389,3405,3405,3405,3420,3420,3420,3420,3420,3420,-357,2173,2000,2000,2000,2000,2011,1989,1989,1989,1989,1989,1989,2338,2350,2350,2350,2350,2350,2350,2361,2361,2361,2361,88,-2146,-2121,-2105,-2105,-2100,-2100,-2100,-2100,-2100,-2100,-2100,-2095,-2213,-2192,-2192,-2187,-2187,-2187,-2187,-2187,-2187,-2187,-2187
01/03/2017 19:00:00,29.25,5.50,-270,3327,3180,3189,3189,3189,3189,3204,3216,3189,3189,3189,3189,3433,3449,3465,3465,3465,3465,3465,3465,3465,3465,3481,-372,2161,1890,1994,1991,1991,1991,1980,1958,1981,1981,1989,1989,2326,2338,2350,2350,2350,2361,2350,2350,2350,2350,2350,86,-2148,-2126,-2111,-2105,-2105,-2105,-2105,-2100,-2100,-2100,-2100,-2100,-2218,-2192,-2192,-2192,-2187,-2187,-2187,-2187,-2187,-2187,-2187
01/03/2017 20:00:00,29.00,5.53,-261,3360,3223,3232,3232,3232,3232,3232,3244,3232,3223,3232,3217,3471,3487,3398,3499,3508,3508,3508,3508,3508,3508,3508,-374,2159,1979,1979,1979,1979,1968,1968,1968,1968,1968,1968,1968,2326,2338,2350,2350,2350,2350,2350,2350,2350,2350,2350,80,-2150,-2144,-2110,-2105,-2105,-2105,-2111,-2108,-2108,-2108,-2108,-2103,-2213,-2192,-2192,-2187,-2187,-2187,-2187,-2187,-2187,-2187,-2187
01/03/2017 21:00:00,28.75,5.58,-292,3418,3258,3267,3282,3282,3267,3282,3280,3271,3271,3271,3271,3525,3541,3557,3557,3573,3573,3573,3573,3573,3590,3573,-345,2190,2023,2023,2023,2023,2023,2023,2012,2012,2012,2012,2012,2350,2354,2366,2366,2366,2366,2366,2366,2366,2366,2366,79,-2142,-2125,-2109,-2104,-2104,-2104,-2098,-2098,-2098,-2098,-2098,-2098,-2207,-2185,-2180,-2180,-2180,-2180,-2180,-2180,-2175,-2180,-2180
01/03/2017 22:00:00,28.25,5.55,-386,3394,3198,3198,3198,3198,3198,3198,3219,3201,3201,3201,3201,3555,3571,3588,3588,3588,3588,3588,3588,3604,3604,3604,-418,2167,1964,1964,1964,1953,1960,1953,1960,1960,1960,1950,1950,2366,2370,2370,2370,2382,2382,2382,2370,2382,2382,2382,78,-2144,-2127,-2111,-2106,-2106,-2106,-2101,-2101,-2101,-2101,-2101,-2101,-2206,-2185,-2185,-2180,-2183,-2180,-2180,-2180,-2180,-2180,-2183
01/03/2017 23:00:00,28.00,5.58,-390,3425,3148,3246,3246,3246,3246,3246,3246,3213,3234,3234,3234,3580,3613,3613,3613,3629,3629,3629,3629,3629,3629,3629,-409,2162,1967,1967,1967,1957,1957,1957,1957,1957,1957,1957,1946,2350,2361,2361,2361,2373,2373,2373,2373,2373,2373,2373,77,-2156,-2137,-2121,-2121,-2116,-2116,-2116,-2116,-2116,-2116,-2116,-2111,-2218,-2197,-2197,-2192,-2192,-2192,-2192,-2192,-2192,-2192,-2192
01/04/2017 00:00:00,27.50,5.55,-398,3477,3273,3282,3282,3282,3282,3282,3280,3271,3271,3286,3271,3639,3656,3673,3673,3673,3673,3690,3690,3690,3690,3690,-423,2136,1867,1948,1937,1948,1926,1926,1916,1928,1928,1928,1928,2330,2342,2342,2353,2353,2353,2353,2353,2353,2353,2353,79,-2157,-2139,-2123,-2118,-2118,-2118,-2121,-2113,-2113,-2113,-2113,-2113,-2221,-2200,-2194,-2194,-2194,-2194,-2194,-2194,-2194,-2194,-2194
01/04/2017 01:00:00,27.00,5.53,-363,3534,3341,3350,3350,3350,3350,3381,3354,3354,3354,3354,3354,3697,3705,3705,3722,3722,3722,3722,3722,3722,3722,3722,-398,2141,1950,1942,1942,1950,1950,1942,1939,1939,1939,1939,1939,2322,2334,2334,2345,2345,2345,2345,2345,2345,2345,2345,79,-2159,-2154,-2120,-2115,-2115,-2112,-2118,-2118,-2118,-2118,-2118,-2118,-2223,-2202,-2197,-2197,-2197,-2197,-2197,-2197,-2197,-2197,-2197
01/04/2017 02:00:00,26.25,5.50,-406,3559,3357,3366,3366,3366,3357,3366,3363,3345,3345,3345,3345,3722,3739,3756,3756,3756,3773,3773,3773,3773,3773,3790,-432,2129,1921,1921,1921,1910,1910,1910,1910,1910,1910,1910,1910,2334,2326,2337,2350,2350,2350,2350,2350,2350,2350,2350,79,-2151,-2135,-2119,-2114,-2114,-2108,-2108,-2108,-2108,-2108,-2108,-2108,-2219,-2193,-2193,-2188,-2188,-2188,-2188,-2188,-2188,-2188,-2188
01/04/2017 03:00:00,26.50,5.44,-415,3594,3385,3401,3385,3385,3385,3401,3408,3380,3389,3374,3374,3771,3788,3788,3806,3806,3806,3806,3806,3806,3823,3823,-434,2128,1916,1916,1916,1916,1916,1916,1905,1905,1905,1905,1905,2329,2341,2341,2341,2341,2341,2354,2354,2354,2354,2354,77,-2153,-2137,-2121,-2116,-2116,-2111,-2111,-2111,-2111,-2111,-2111,-2116,-2217,-2195,-2190,-2190,-2190,-2190,-2190,-2190,-2190,-2190,-2190
01/04/2017 04:00:00,25.75,5.47,-410,3640,3442,3442,3442,3442,3426,3442,3449,3430,3421,3430,3421,3806,3823,3841,3841,3858,3858,3841,3858,3858,3858,3858,-432,2139,1927,1927,1927,1927,1927,1927,1927,1916,1916,1916,1916,2341,2354,2354,2354,2354,2354,2366,2354,2354,2354,2366,77,-2154,-2134,-2121,-2116,-2116,-2116,-2116,-2116,-2116,-2111,-2111,-2111,-2217,-2195,-2195,-2190,-2190,-2190,-2190,-2190,-2190,-2195,-2190
01/04/2017 05:00:00,25.25,5.34,-406,3687,3483,3485,3485,3485,3485,3501,3515,3478,3469,3469,3469,3861,3879,3879,3897,3897,3897,3897,3897,3897,3897,3897,-456,2131,1811,1886,1916,1924,1913,1913,1892,1911,1919,1929,1919,2342,2353,2353,2353,2365,2365,2365,2365,2365,2365,2365,78,-2168,-2146,-2131,-2131,-2131,-2125,-2125,-2131,-2131,-2125,-2125,-2125,-2231,-2209,-2209,-2204,-2204,-2204,-2204,-2204,-2204,-2204,-2204
01/04/2017 06:00:00,26.25,5.36,-422,3744,3518,3543,3543,3527,3527,3543,3548,3546,3520,3520,3536,3924,3942,3942,3961,3961,3961,3961,3961,3961,3961,3979,-464,2148,1916,1927,1916,1916,1916,1916,1916,1916,1916,1916,1906,2350,2374,2378,2378,2386,2386,2386,2386,2386,2386,2386,79,-2167,-2161,-2130,-2124,-2124,-2119,-2128,-2125,-2125,-2125,-2125,-2131,-2231,-2209,-2209,-2204,-2204,-2204,-2204,-2204,-2204,-2204,-2204
01/04/2017 07:00:00,27.75,5.39,-419,3783,3569,3578,3578,3578,3578,3578,3593,3574,3564,3564,3564,3964,3982,3982,3982,4000,4000,4000,4000,4000,4018,4000,-459,2149,1925,1925,1925,1925,1925,1915,1925,1915,1915,1915,1915,2370,2374,2374,2374,2374,2374,2386,2386,2386,2386,2386,76,-2156,-2139,-2123,-2118,-2118,-2118,-2118,-2118,-2113,-2113,-2113,-2113,-2219,-2197,-2192,-2192,-2192,-2192,-2192,-2192,-2192,-2192,-2192
01/04/2017 08:00:00,39.00,5.36,-296,3871,3712,3722,3722,3722,3722,3739,3746,3718,3708,3725,3725,3973,4010,4028,4010,4028,4028,4028,4028,4028,4028,4028,-405,2207,2009,2009,2009,2009,2009,2009,2009,1998,1998,1998,1998,2390,2402,2414,2414,2414,2414,2414,2414,2414,2414,2414,74,-2160,-2140,-2129,-2124,-2124,-2118,-2118,-2118,-2118,-2124,-2118,-2124,-2222,-2195,-2195,-2195,-2195,-2195,-2195,-2195,-2195,-2195,-2195
01/04/2017 09:00:00,42.50,5.36,-313,3874,3705,3714,3714,3714,3714,3714,3756,3718,3718,3718,3718,4001,4020,4020,4038,4038,4038,4038,4038,4038,4038,4038,-389,2210,2020,2020,2020,2020,2020,2020,2020,2009,2009,2009,2009,2390,2394,2406,2406,2406,2406,2406,2414,2406,2414,2414,77,-2154,-2140,-2124,-2118,-2118,-2113,-2113,-2113,-2113,-2113,-2113,-2108,-2219,-2198,-2192,-2192,-2192,-2192,-2192,-2192,-2187,-2187,-2187
01/04/2017 10:00:00,43.75,5.39,-392,3791,3590,3599,3599,3599,3599,3599,3613,3585,3602,3585,3585,3957,3975,3975,3993,3993,3993,3993,3993,4003,3993,3993,-463,2166,1861,1928,1951,1940,1941,1949,1949,1949,1949,1938,1938,2393,2393,2393,2393,2397,2405,2405,2397,2405,2393,2405,83,-2164,-2145,-2129,-2124,-2124,-2124,-2119,-2119,-2119,-2119,-2119,-2119,-2231,-2210,-2205,-2205,-2205,-2205,-2205,-2205,-2200,-2200,-2200
01/04/2017 11:00:00,44.75,5.39,-387,3758,3557,3566,3566,3566,3566,3566,3580,3562,3562,3562,3562,3913,3931,3949,3949,3949,3949,3967,3967,3967,3967,3967,-452,2176,1956,1956,1956,1956,1956,1945,1945,1945,1945,1945,1945,2382,2394,2406,2406,2406,2406,2406,2406,2406,2406,2406,90,-2165,-2151,-2121,-2115,-2115,-2115,-2121,-2119,-2119,-2113,-2119,-2113,-2234,-2213,-2208,-2208,-2208,-2208,-2208,-2208,-2208,-2208,-2208
01/04/2017 12:00:00,46.50,5.39,-382,3704,3501,3511,3511,3511,3511,3527,3525,3513,3513,3513,3513,3852,3887,3887,3887,3905,3905,3905,3905,3905,3905,3905,-459,2178,1956,1956,1956,1956,1945,1945,1945,1945,1945,1953,1945,2390,2402,2402,2406,2406,2414,2406,2414,2414,2426,2414,92,-2169,-2157,-2126,-2121,-2115,-2115,-2124,-2122,-2122,-2116,-2116,-2122,-2239,-2218,-2213,-2213,-2213,-2213,-2213,-2213,-2213,-2213,-2213
01/04/2017 13:00:00,46.50,5.39,-323,3659,3492,3501,3501,3501,3501,3501,3525,3497,3487,3487,3487,3790,3807,3807,3825,3825,3825,3825,3825,3825,3842,3842,-416,2191,1989,1989,1989,1978,1989,1978,1989,1978,1978,1978,1978,2382,2394,2394,2394,2394,2406,2406,2406,2406,2406,2406,95,-2161,-2132,-2117,-2117,-2111,-2111,-2111,-2111,-2111,-2111,-2111,-2111,-2233,-2212,-2206,-2206,-2206,-2206,-2206,-2206,-2206,-2206,-2206
01/04/2017 14:00:00,50.25,5.39,-321,3596,3419,3444,3438,3438,3438,3438,3451,3439,3424,3439,3430,3722,3739,3756,3756,3756,3756,3756,3773,3773,3773,3773,-423,2195,1992,1992,1992,1981,1981,1981,1981,1981,1981,1981,1981,2394,2398,2398,2410,2410,2410,2410,2422,2410,2410,2410,99,-2165,-2138,-2122,-2117,-2117,-2117,-2111,-2111,-2111,-2111,-2111,-2111,-2238,-2217,-2217,-2212,-2217,-2212,-2212,-2212,-2212,-2212,-2212
01/04/2017 15:00:00,48.50,5.31,-365,3505,3308,3332,3332,3317,3317,3332,3345,3318,3318,3318,3318,3659,3676,3693,3693,3693,3693,3693,3693,3693,3693,3693,-456,2166,1857,1942,1954,1954,1954,1954,1922,1952,1952,1941,1941,2373,2385,2397,2397,2397,2397,2397,2397,2397,2397,2410,104,-2177,-2147,-2132,-2126,-2126,-2121,-2121,-2121,-2121,-2121,-2121,-2121,-2255,-2234,-2229,-2229,-2229,-2229,-2223,-2229,-2223,-2223,-2223
01/04/2017 16:00:00,44.00,5.34,-345,3489,3299,3317,3317,3317,3317,3332,3345,3318,3309,3309,3309,3633,3650,3667,3667,3667,3667,3667,3667,3667,3667,3667,-441,2165,1852,1937,1957,1957,1957,1957,1936,1955,1963,1963,1963,2365,2377,2389,2389,2389,2389,2389,2389,2389,2389,2402,104,-2179,-2150,-2129,-2129,-2129,-2123,-2123,-2126,-2123,-2126,-2123,-2123,-2255,-2234,-2228,-2228,-2228,-2228,-2228,-2228,-2231,-2226,-2231
01/04/2017 17:00:00,34.00,5.31,-235,3576,3446,3455,3471,3455,3455,3471,3469,3457,3457,3457,3457,3657,3674,3691,3691,3691,3691,3708,3708,3708,3708,3708,-369,2216,2038,2038,2038,2038,2038,2027,2027,2027,2027,2027,2027,2378,2402,2402,2402,2402,2402,2402,2402,2402,2402,2415,104,-2180,-2163,-2132,-2122,-2122,-2122,-2131,-2128,-2128,-2123,-2123,-2123,-2254,-2233,-2233,-2233,-2228,-2233,-2228,-2228,-2228,-2228,-2228
01/04/2017 18:00:00,29.25,5.31,-243,3624,3476,3501,3511,3511,3511,3527,3525,3497,3503,3487,3487,3706,3723,3740,3740,3740,3758,3758,3758,3775,3758,3758,-362,2213,2034,2034,2034,2034,2034,2042,2034,2023,2023,2030,2030,2370,2394,2394,2394,2394,2394,2394,2406,2394,2406,2394,100,-2173,-2142,-2126,-2126,-2120,-2120,-2120,-2120,-2120,-2120,-2120,-2120,-2248,-2224,-2224,-2218,-2221,-2218,-2221,-2218,-2221,-2221,-2221
01/04/2017 19:00:00,28.25,5.31,-289,3664,3501,3527,3527,3527,3527,3527,3541,3513,3513,3513,3513,3785,3792,3810,3810,3810,3810,3827,3810,3810,3819,3819,-373,2201,2023,2023,2012,2012,2019,2012,2019,2012,2008,2019,2008,2370,2382,2382,2382,2394,2394,2394,2394,2394,2394,2394,99,-2176,-2147,-2131,-2126,-2123,-2126,-2126,-2126,-2126,-2126,-2120,-2120,-2251,-2224,-2224,-2224,-2224,-2224,-2224,-2224,-2224,-2224,-2224
01/04/2017 20:00:00,28.00,5.31,-271,3747,3496,3619,3628,3628,3628,3628,3645,3593,3623,3623,3623,3846,3863,3881,3881,3881,3881,3898,3898,3898,3898,3898,-336,2217,2060,2060,2060,2049,2049,2049,2049,2049,2038,2038,2038,2365,2378,2378,2390,2390,2390,2390,2390,2390,2390,2390,104,-2192,-2160,-2144,-2144,-2139,-2139,-2139,-2139,-2139,-2133,-2139,-2133,-2262,-2241,-2244,-2244,-2244,-2244,-2244,-2244,-2239,-2244,-2239
01/04/2017 21:00:00,27.75,5.39,-283,3814,3661,3678,3678,3678,3678,3678,3686,3667,3667,3667,3667,3911,3947,3947,3947,3965,3965,3965,3965,3965,3965,3983,-346,2200,1948,2040,2037,2037,2037,2037,2015,2038,2038,2038,2038,2353,2365,2365,2365,2390,2378,2378,2378,2378,2378,2378,100,-2196,-2165,-2149,-2149,-2144,-2144,-2144,-2144,-2144,-2144,-2144,-2144,-2268,-2246,-2244,-2244,-2244,-2244,-2241,-2244,-2244,-2244,-2244
01/04/2017 22:00:00,27.75,5.39,-265,3864,3729,3729,3746,3729,3729,3746,3744,3735,3735,3718,3718,3965,3983,4001,4001,4001,4001,4001,4001,4001,4001,4020,-353,2208,2039,2039,2039,2039,2028,2028,2028,2028,2028,2028,2028,2366,2378,2378,2390,2390,2390,2390,2390,2390,2390,2390,104,-2197,-2180,-2146,-2141,-2141,-2141,-2146,-2141,-2141,-2141,-2141,-2141,-2273,-2252,-2246,-2246,-2246,-2246,-2246,-2246,-2246,-2246,-2246
01/04/2017 23:00:00,28.00,5.39,-270,3913,3781,3781,3781,3781,3781,3798,3788,3769,3769,3769,3769,4029,4038,4038,4038,4056,4056,4056,4056,4056,4056,4056,-354,2209,2039,2039,2039,2028,2028,2028,2028,2028,2028,2036,2036,2374,2378,2378,2390,2390,2390,2390,2390,2390,2390,2390,102,-2194,-2164,-2148,-2143,-2143,-2143,-2143,-2143,-2137,-2137,-2137,-2137,-2270,-2248,-2243,-2243,-2243,-2243,-2243,-2243,-2243,-2243,-2243
01/05/2017 00:00:00,27.50,5.36,-258,3959,3833,3833,3833,3833,3833,3850,3831,3821,3821,3821,3821,4056,4075,4093,4093,4093,4093,4093,4093,4093,4093,4093,-355,2220,2050,2050,2050,2050,2039,2039,2039,2039,2039,2039,2039,2378,2390,2402,2402,2402,2402,2402,2402,2402,2402,2402,102,-2197,-2169,-2153,-2145,-2145,-2148,-2140,-2143,-2143,-2143,-2143,-2143,-2272,-2251,-2246,-2246,-2246,-2246,-2246,-2246,-2246,-2246,-2246
01/05/2017 01:00:00,27.50,5.36,-284,4017,3858,3885,3885,3885,3868,3885,3884,3874,3874,3874,3856,4131,4150,4150,4150,4168,4168,4168,4168,4168,4168,4168,-340,2230,2073,2073,2062,2062,2062,2062,2062,2062,2050,2050,2050,2390,2402,2402,2402,2402,2402,2402,2402,2402,2402,2402,103,-2198,-2166,-2150,-2150,-2145,-2145,-2145,-2145,-2145,-2145,-2145,-2145,-2278,-2251,-2251,-2246,-2251,-2246,-2246,-2246,-2246,-2246,-2246
01/05/2017 02:00:00,27.00,5.34,-261,4056,3929,3929,3929,3929,3929,3947,3928,3918,3918,3918,3918,4158,4177,4177,4177,4196,4196,4196,4196,4196,4196,4196,-350,2223,1980,2055,2055,2063,2063,2063,2040,2063,2052,2052,2052,2382,2394,2406,2394,2394,2394,2406,2406,2394,2406,2406,101,-2206,-2181,-2159,-2159,-2154,-2154,-2154,-2149,-2154,-2154,-2149,-2154,-2281,-2265,-2254,-2254,-2254,-2254,-2254,-2254,-2254,-2254,-2254
01/05/2017 03:00:00,26.75,5.34,-429,4015,3806,3806,3806,3806,3806,3806,3804,3794,3794,3794,3794,4215,4215,4235,4235,4235,4235,4235,4235,4235,4235,4224,-430,2189,1987,1987,1976,1976,1976,1976,1976,1966,1966,1966,1966,2394,2406,2406,2406,2406,2406,2406,2406,2406,2406,2406,106,-2209,-2185,-2156,-2151,-2151,-2151,-2157,-2154,-2154,-2154,-2154,-2154,-2286,-2265,-2260,-2260,-2260,-2260,-2260,-2260,-2260,-2260,-2260
01/05/2017 04:00:00,25.75,5.26,-425,4070,3847,3874,3856,3856,3856,3874,3872,3853,3853,3853,3853,4252,4271,4271,4291,4291,4291,4291,4291,4291,4291,4291,-442,2173,1957,1957,1957,1957,1957,1957,1946,1946,1946,1946,1946,2374,2386,2398,2398,2398,2398,2398,2398,2398,2398,2398,110,-2195,-2157,-2141,-2141,-2144,-2136,-2136,-2136,-2139,-2139,-2136,-2139,-2277,-2251,-2251,-2251,-2245,-2251,-2245,-2251,-2245,-2245,-2245
01/05/2017 05:00:00,25.50,5.26,-432,4126,3900,3910,3910,3910,3910,3928,3926,3916,3906,3906,3888,4301,4321,4340,4340,4340,4340,4360,4360,4360,4360,4340,-451,2174,1953,1953,1953,1953,1953,1953,1953,1942,1942,1942,1942,2382,2394,2394,2394,2406,2406,2406,2406,2406,2406,2406,108,-2196,-2160,-2144,-2144,-2144,-2139,-2139,-2139,-2139,-2139,-2139,-2139,-2272,-2251,-2251,-2251,-2251,-2251,-2245,-2245,-2245,-2251,-2245
01/05/2017 06:00:00,27.75,5.29,-453,4177,3955,3955,3955,3955,3955,3973,3954,3944,3934,3944,3944,4370,4390,4390,4410,4410,4430,4410,4410,4410,4410,4410,-439,2178,1961,1961,1961,1961,1961,1961,1961,1961,1961,1950,1950,2378,2390,2402,2402,2402,2402,2402,2402,2402,2402,2402,108,-2196,-2163,-2147,-2142,-2142,-2142,-2142,-2142,-2142,-2136,-2136,-2136,-2275,-2253,-2248,-2248,-2248,-2248,-2248,-2248,-2248,-2248,-2248
01/05/2017 07:00:00,36.50,5.29,-254,4296,4150,4178,4178,4178,4178,4197,4177,4157,4157,4157,4157,4391,4411,4411,4411,4431,4431,4431,4451,4431,4431,4431,-374,2234,1973,2066,2063,2063,2063,2051,2040,2052,2052,2052,2052,2402,2414,2414,2426,2426,2426,2426,2426,2426,2426,2426,111,-2210,-2173,-2157,-2157,-2157,-2152,-2157,-2152,-2152,-2152,-2152,-2152,-2289,-2268,-2268,-2262,-2262,-2268,-2262,-2262,-2262,-2262,-2262
01/05/2017 08:00:00,37.75,5.29,-255,4285,4141,4160,4170,4170,4170,4170,4168,4148,4148,4148,4148,4381,4401,4401,4421,4421,4421,4421,4421,4421,4421,4421,-336,2231,2065,2065,2065,2065,2065,2065,2065,2065,2065,2054,2054,2378,2402,2402,2402,2402,2402,2402,2402,2402,2402,2402,114,-2195,-2183,-2143,-2132,-2132,-2132,-2136,-2136,-2131,-2131,-2131,-2131,-2278,-2252,-2254,-2249,-2249,-2249,-2249,-2249,-2254,-2249,-2249
01/05/2017 09:00:00,43.00,5.31,-401,4154,3940,3950,3950,3950,3950,3968,3967,3957,3957,3957,3957,4333,4343,4343,4362,4362,4362,4362,4362,4362,4362,4362,-438,2178,1967,1967,1967,1956,1956,1956,1956,1956,1956,1956,1956,2378,2402,2402,2402,2406,2394,2402,2402,2394,2394,2394,115,-2193,-2167,-2138,-2136,-2136,-2131,-2136,-2136,-2131,-2131,-2131,-2131,-2273,-2252,-2252,-2255,-2247,-2252,-2247,-2247,-2247,-2247,-2249
01/05/2017 10:00:00,44.25,5.34,-420,4150,3942,3942,3942,3942,3942,3960,3950,3931,3931,3931,3931,4324,4343,4363,4363,4363,4363,4353,4363,4363,4383,4383,-431,2186,1974,1974,1974,1974,1974,1974,1974,1974,1964,1964,1964,2386,2398,2402,2410,2402,2402,2402,2402,2402,2410,2410,117,-2185,-2148,-2132,-2127,-2127,-2127,-2127,-2122,-2122,-2122,-2122,-2122,-2267,-2246,-2246,-2241,-2241,-2241,-2241,-2241,-2241,-2241,-2241
01/05/2017 11:00:00,44.00,5.36,-338,4134,3960,3970,3988,3970,3970,3988,3968,3958,3949,3949,3949,4257,4295,4295,4295,4315,4315,4315,4315,4304,4315,4315,-389,2213,2026,2026,2026,2026,2015,2015,2015,2015,2015,2015,2015,2394,2398,2410,2410,2410,2410,2410,2410,2422,2410,2410,117,-2187,-2151,-2135,-2130,-2130,-2130,-2125,-2125,-2125,-2125,-2125,-2125,-2270,-2249,-2244,-2244,-2244,-2244,-2244,-2244,-2244,-2244,-2244
01/05/2017 12:00:00,46.25,5.36,-382,4006,3723,3828,3838,3838,3838,3838,3821,3784,3822,3822,3822,4165,4184,4203,4203,4203,4203,4203,4203,4203,4203,4203,-422,2193,1989,1989,1989,1978,1978,1978,1978,1978,1978,1989,1978,2381,2405,2405,2405,2405,2405,2405,2405,2405,2418,2405,114,-2196,-2161,-2145,-2145,-2140,-2140,-2134,-2134,-2134,-2134,-2134,-2134,-2276,-2255,-2255,-2250,-2255,-2250,-2250,-2250,-2250,-2250,-2250
01/05/2017 13:00:00,48.75,5.36,-377,3947,3760,3760,3760,3760,3760,3777,3784,3748,3748,3748,3748,4106,4124,4124,4143,4143,4143,4143,4143,4143,4143,4143,-448,2198,1892,1980,1988,1988,1988,1988,1966,1989,1989,1978,1978,2401,2413,2426,2426,2426,2426,2426,2426,2426,2426,2426,115,-2198,-2161,-2145,-2140,-2143,-2143,-2137,-2137,-2137,-2137,-2137,-2137,-2279,-2258,-2258,-2258,-2252,-2252,-2252,-2252,-2252,-2252,-2252
01/05/2017 14:00:00,50.00,5.39,-369,3868,3675,3675,3684,3684,3675,3692,3699,3690,3680,3690,3690,4024,4032,4051,4051,4051,4051,4051,4069,4069,4069,4069,-443,2207,1990,2001,1990,1990,1990,1990,1979,1979,1979,1979,1979,2402,2426,2426,2426,2426,2426,2426,2438,2438,2438,2451,119,-2199,-2173,-2139,-2139,-2134,-2134,-2140,-2137,-2137,-2137,-2137,-2137,-2284,-2263,-2258,-2258,-2258,-2258,-2258,-2258,-2258,-2252,-2252
01/05/2017 15:00:00,50.50,5.36,-378,3792,3599,3608,3608,3608,3608,3608,3606,3597,3597,3597,3597,3942,3960,3978,3978,3978,3978,3996,3996,3996,3996,3996,-440,2194,1982,1982,1982,1971,1971,1971,1971,1971,1971,1971,1971,2394,2406,2418,2418,2418,2418,2418,2418,2418,2418,2418,120,-2193,-2154,-2138,-2133,-2133,-2133,-2133,-2128,-2128,-2128,-2128,-2128,-2273,-2252,-2252,-2252,-2252,-2252,-2252,-2252,-2252,-2252,-2252
01/05/2017 16:00:00,48.00,5.34,-351,3757,3580,3580,3580,3580,3580,3597,3595,3585,3576,3576,3576,3913,3921,3921,3939,3939,3939,3939,3939,3939,3939,3939,-428,2200,1992,1992,1992,1992,1981,1981,1981,1981,1992,1981,1981,2394,2406,2418,2418,2418,2418,2418,2418,2418,2418,2418,117,-2194,-2156,-2140,-2135,-2140,-2135,-2135,-2130,-2132,-2132,-2132,-2132,-2275,-2259,-2254,-2254,-2254,-2249,-2249,-2249,-2249,-2249,-2249
01/05/2017 17:00:00,40.00,5.34,-272,3831,3600,3705,3714,3714,3714,3714,3714,3678,3699,3699,3699,3936,3971,3971,3971,3971,3971,3971,3971,3971,3971,3971,-333,2232,2068,2068,2068,2068,2068,2068,2068,2068,2068,2057,2057,2381,2394,2394,2394,2394,2406,2406,2406,2406,2406,2406,114,-2205,-2168,-2152,-2152,-2147,-2147,-2147,-2147,-2147,-2142,-2147,-2142,-2292,-2265,-2262,-2262,-2257,-2257,-2257,-2257,-2260,-2260,-2257
01/05/2017 18:00:00,29.50,5.34,-227,3883,3754,3763,3781,3781,3781,3781,3779,3760,3760,3769,3769,3965,3973,3992,3992,3992,4010,4010,4010,4010,4010,4010,-349,2212,1958,2044,2051,2051,2051,2051,2029,2052,2052,2041,2041,2365,2378,2390,2390,2390,2390,2390,2390,2402,2390,2390,116,-2207,-2168,-2152,-2152,-2152,-2146,-2146,-2146,-2146,-2146,-2146,-2141,-2289,-2268,-2262,-2262,-2262,-2268,-2262,-2262,-2262,-2262,-2262
01/05/2017 19:00:00,28.25,5.26,-250,3942,3794,3821,3821,3821,3821,3839,3837,3818,3800,3810,3810,4027,4045,4064,4064,4064,4064,4082,4082,4082,4082,4082,-355,2204,2027,2027,2027,2027,2027,2027,2027,2027,2027,2027,2027,2362,2374,2386,2386,2386,2386,2386,2386,2386,2386,2386,120,-2209,-2180,-2145,-2145,-2145,-2140,-2149,-2149,-2149,-2149,-2144,-2144,-2291,-2273,-2265,-2268,-2265,-2265,-2265,-2265,-2268,-2268,-2268
01/05/2017 20:00:00,28.00,5.29,-278,3999,3856,3866,3866,3866,3866,3866,3855,3855,3855,3855,3855,4111,4120,4130,4148,4148,4148,4148,4138,4148,4148,4138,-365,2198,2016,2016,2016,2016,2016,2016,2016,2016,2016,2016,2016,2362,2374,2374,2386,2386,2386,2386,2386,2386,2386,2386,120,-2204,-2166,-2150,-2145,-2145,-2145,-2139,-2139,-2139,-2139,-2139,-2139,-2288,-2267,-2261,-2261,-2261,-2261,-2261,-2261,-2261,-2261,-2261
01/05/2017 21:00:00,27.00,5.07,-244,4064,3923,3942,3942,3942,3942,3961,3967,3929,3938,3948,3929,4154,4173,4192,4192,4192,4192,4192,4192,4192,4192,4192,-370,2194,2017,2017,2017,2017,2006,2006,2006,2006,2006,2006,1995,2350,2382,2382,2382,2382,2382,2382,2382,2382,2382,2382,121,-2208,-2167,-2151,-2151,-2146,-2146,-2146,-2146,-2146,-2146,-2146,-2141,-2290,-2269,-2269,-2269,-2269,-2264,-2269,-2264,-2269,-2269,-2264
01/05/2017 22:00:00,27.00,5.21,-261,4128,3989,3998,3998,3998,3998,4017,4015,3995,4004,3986,3986,4212,4251,4251,4251,4270,4270,4270,4270,4270,4270,4270,-365,2201,2022,2022,2022,2022,2022,2022,2022,2022,2022,2010,2010,2366,2378,2378,2378,2390,2390,2390,2390,2390,2390,2390,125,-2211,-2170,-2154,-2149,-2149,-2149,-2149,-2144,-2144,-2144,-2144,-2144,-2299,-2277,-2272,-2272,-2272,-2272,-2272,-2272,-2272,-2272,-2272
01/05/2017 23:00:00,26.75,5.21,-258,4185,4035,4054,4064,4064,4045,4064,4081,4061,4051,4051,4051,4281,4300,4300,4320,4340,4320,4320,4320,4320,4320,4320,-360,2195,1914,2019,2035,2024,2024,2024,2009,2033,2033,2033,2022,2354,2378,2378,2378,2378,2378,2378,2378,2378,2378,2378,127,-2222,-2188,-2167,-2161,-2161,-2161,-2156,-2156,-2156,-2151,-2151,-2151,-2312,-2291,-2286,-2286,-2286,-2286,-2281,-2281,-2281,-2281,-2281
01/06/2017 00:00:00,26.75,5.19,-273,4236,4081,4091,4110,4091,4110,4110,4108,4088,4107,4107,4107,4340,4359,4359,4379,4379,4379,4379,4399,4379,4379,4379,-358,2206,2029,2029,2029,2029,2029,2029,2029,2029,2029,2018,2018,2366,2378,2378,2390,2390,2390,2390,2390,2390,2390,2390,129,-2222,-2195,-2161,-2155,-2150,-2150,-2159,-2156,-2156,-2156,-2156,-2151,-2310,-2288,-2291,-2283,-2286,-2283,-2286,-2283,-2286,-2286,-2283
01/06/2017 01:00:00,26.00,5.16,-435,4190,3961,3970,3970,3970,3980,3989,3997,3967,3967,3967,3967,4359,4399,4399,4399,4419,4419,4419,4419,4419,4419,4419,-442,2163,1944,1944,1944,1944,1944,1944,1944,1944,1944,1933,1933,2358,2382,2382,2382,2382,2382,2382,2394,2394,2394,2394,139,-2220,-2192,-2152,-2150,-2145,-2145,-2145,-2153,-2148,-2151,-2143,-2145,-2315,-2294,-2288,-2288,-2283,-2288,-2288,-2288,-2288,-2288,-2283
01/06/2017 02:00:00,26.00,5.12,-444,4241,3997,4015,4025,4025,4025,4044,4042,4012,4002,4012,4012,4439,4439,4459,4459,4459,4459,4480,4480,4480,4459,4480,-449,2165,1948,1948,1948,1948,1937,1937,1937,1937,1937,1937,1937,2370,2382,2394,2394,2394,2394,2394,2394,2394,2394,2394,190,-2187,-2127,-2109,-2103,-2098,-2087,-2082,-2087,-2082,-2082,-2082,-2076,-2304,-2288,-2282,-2282,-2277,-2277,-2280,-2277,-2277,-2280,-2280
01/06/2017 03:00:00,26.25,5.16,-440,4283,4044,4072,4072,4072,4054,4072,4071,4051,4070,4051,4070,4470,4490,4490,4511,4511,4511,4511,4511,4511,4511,4511,-452,2172,1944,1955,1955,1944,1944,1944,1944,1944,1944,1944,1944,2390,2390,2394,2394,2402,2402,2402,2402,2402,2402,2402,98,-2242,-2200,-2189,-2189,-2189,-2194,-2194,-2200,-2194,-2194,-2194,-2194,-2325,-2304,-2296,-2293,-2288,-2288,-2288,-2283,-2280,-2283,-2283
01/06/2017 04:00:00,26.50,5.16,-449,4315,4081,4091,4091,4091,4091,4091,4118,4088,4088,4088,4088,4511,4531,4531,4531,4531,4552,4552,4552,4552,4552,4552,-450,2164,1841,1935,1950,1950,1950,1950,1936,1948,1967,1956,1956,2370,2382,2382,2394,2394,2394,2394,2394,2394,2394,2394,96,-2253,-2227,-2217,-2212,-2212,-2206,-2201,-2201,-2196,-2201,-2196,-2196,-2326,-2310,-2299,-2299,-2299,-2299,-2299,-2294,-2299,-2294,-2294
01/06/2017 05:00:00,25.25,5.16,-379,4409,4213,4213,4243,4213,4213,4233,4242,4221,4211,4211,4211,4552,4573,4594,4594,4615,4594,4615,4615,4615,4615,4615,-420,2195,1887,1982,1997,2005,2005,1994,1972,2003,2003,2003,1992,2386,2398,2398,2410,2410,2410,2410,2410,2410,2410,2410,103,-2258,-2230,-2214,-2209,-2209,-2209,-2209,-2203,-2203,-2203,-2198,-2198,-2328,-2307,-2307,-2307,-2312,-2312,-2312,-2312,-2307,-2307,-2307
01/06/2017 06:00:00,28.00,5.14,-410,4425,4213,4223,4223,4223,4223,4223,4242,4221,4211,4211,4211,4594,4615,4636,4636,4636,4636,4636,4636,4636,4636,4636,-428,2192,1977,1988,1977,1977,1977,1977,1977,1977,1977,1977,1977,2394,2407,2407,2407,2407,2407,2407,2407,2407,2407,2419,103,-2253,-2237,-2208,-2200,-2195,-2195,-2201,-2198,-2198,-2198,-2198,-2198,-2328,-2307,-2302,-2302,-2302,-2307,-2302,-2302,-2302,-2304,-2302
01/06/2017 07:00:00,38.75,5.14,-382,4428,4224,4244,4244,4235,4235,4254,4253,4233,4242,4222,4222,4584,4604,4625,4625,4625,4625,4625,4625,4625,4625,4625,-439,2199,1982,1982,1982,1982,1982,1982,1982,1982,1982,1971,1971,2402,2419,2419,2419,2419,2419,2419,2419,2431,2419,2431,107,-2242,-2213,-2197,-2192,-2192,-2186,-2186,-2186,-2186,-2181,-2181,-2181,-2320,-2299,-2293,-2293,-2293,-2293,-2293,-2293,-2293,-2293,-2293
01/06/2017 08:00:00,43.00,5.19,-425,4422,4206,4216,4216,4216,4216,4216,4225,4214,4204,4204,4185,4605,4626,4626,4626,4626,4647,4647,4647,4647,4647,4647,-453,2210,1983,1994,1983,1983,1983,1983,1983,1983,1983,1983,1983,2418,2431,2431,2431,2443,2443,2443,2443,2443,2443,2443,104,-2237,-2211,-2190,-2190,-2184,-2184,-2184,-2179,-2179,-2179,-2179,-2179,-2309,-2288,-2288,-2288,-2288,-2288,-2288,-2288,-2288,-2288,-2288
01/06/2017 09:00:00,41.50,5.21,-461,4377,4057,4158,4160,4170,4170,4170,4170,4122,4162,4143,4143,4575,4595,4595,4616,4616,4616,4616,4616,4616,4616,4616,-434,2211,1994,1997,1997,1997,1994,1994,1994,1994,1994,1994,1994,2410,2422,2422,2422,2434,2434,2434,2434,2434,2434,2434,105,-2243,-2212,-2196,-2191,-2194,-2189,-2186,-2189,-2189,-2183,-2189,-2189,-2323,-2302,-2297,-2297,-2291,-2291,-2291,-2291,-2291,-2291,-2291
01/06/2017 10:00:00,45.00,5.21,-433,4342,4122,4132,4132,4132,4132,4142,4141,4121,4111,4111,4111,4522,4563,4563,4563,4563,4563,4563,4563,4563,4563,4563,-445,2203,1895,1981,1996,1996,1985,1985,1971,2005,1994,1994,1994,2406,2418,2430,2430,2430,2430,2430,2430,2430,2430,2430,105,-2243,-2213,-2197,-2189,-2189,-2191,-2189,-2191,-2191,-2186,-2186,-2186,-2320,-2299,-2294,-2294,-2294,-2294,-2294,-2294,-2294,-2294,-2289
01/06/2017 11:00:00,44.75,5.21,-437,4277,4048,4058,4058,4058,4058,4058,4085,4065,4055,4055,4055,4461,4482,4502,4502,4502,4502,4502,4502,4502,4502,4502,-442,2215,1998,1998,1998,1998,1998,1998,1987,1987,1987,1998,1987,2414,2427,2439,2451,2439,2439,2439,2439,2439,2439,2439,108,-2242,-2222,-2191,-2185,-2185,-2180,-2186,-2189,-2183,-2183,-2183,-2183,-2320,-2299,-2294,-2294,-2294,-2294,-2294,-2294,-2294,-2294,-2294
01/06/2017 12:00:00,44.25,5.21,-401,4205,3993,4003,4003,4003,4013,4003,4029,4010,4000,4000,4000,4362,4381,4401,4401,4401,4421,4421,4421,4421,4421,4421,-449,2217,1998,1998,1998,1998,1998,1998,1987,1987,1987,1987,1987,2414,2439,2439,2439,2439,2439,2451,2451,2451,2451,2451,107,-2232,-2201,-2185,-2179,-2179,-2179,-2179,-2179,-2174,-2174,-2174,-2174,-2310,-2288,-2288,-2283,-2283,-2283,-2283,-2283,-2283,-2283,-2283
01/06/2017 13:00:00,47.75,5.21,-386,4127,3913,3931,3940,3940,3940,3940,3957,3937,3928,3928,3928,4283,4303,4322,4322,4322,4322,4322,4322,4322,4342,4342,-459,2213,1998,1987,1987,1987,1987,1987,1987,1976,1976,1976,1976,2422,2435,2447,2447,2447,2447,2447,2447,2447,2447,2447,107,-2235,-2201,-2185,-2179,-2179,-2182,-2179,-2179,-2179,-2182,-2179,-2182,-2312,-2291,-2291,-2286,-2286,-2286,-2286,-2286,-2286,-2286,-2286
01/06/2017 14:00:00,50.75,5.21,-385,4026,3842,3834,3834,3834,3834,3852,3860,3831,3821,3821,3821,4187,4206,4206,4225,4225,4225,4225,4245,4225,4225,4225,-462,2212,1987,1987,1987,1987,1987,1976,1976,1976,1976,1976,1976,2422,2435,2447,2447,2447,2447,2447,2447,2447,2447,2447,105,-2240,-2209,-2188,-2188,-2188,-2188,-2188,-2188,-2188,-2182,-2182,-2182,-2318,-2296,-2291,-2291,-2291,-2291,-2291,-2291,-2291,-2291,-2291
01/06/2017 15:00:00,49.50,5.21,-368,3982,3788,3798,3798,3798,3798,3798,3823,3804,3794,3794,3794,4140,4158,4158,4158,4177,4158,4177,4177,4177,4177,4177,-439,2212,1909,1995,2010,2007,2007,2007,1985,1997,2005,2005,2005,2406,2430,2430,2430,2430,2430,2442,2442,2442,2430,2442,104,-2251,-2223,-2207,-2202,-2197,-2197,-2197,-2197,-2197,-2191,-2191,-2191,-2326,-2305,-2305,-2305,-2299,-2299,-2299,-2299,-2299,-2299,-2299
01/06/2017 16:00:00,39.75,5.19,-317,3969,3804,3813,3813,3813,3813,3831,3829,3810,3800,3800,3800,4091,4110,4128,4128,4128,4128,4128,4128,4147,4147,4147,-416,2232,2023,2023,2023,2023,2023,2034,2023,2023,2023,2023,2023,2415,2439,2439,2439,2439,2439,2439,2439,2452,2452,2452,111,-2252,-2229,-2198,-2193,-2193,-2188,-2196,-2194,-2194,-2194,-2194,-2194,-2331,-2310,-2310,-2305,-2299,-2305,-2305,-2305,-2310,-2305,-2305
01/06/2017 17:00:00,33.75,5.14,-266,4021,3880,3890,3890,3890,3890,3890,3906,3887,3877,3895,3877,4127,4146,4146,4146,4165,4165,4165,4165,4155,4155,4165,-373,2238,2055,2055,2055,2055,2055,2055,2055,2055,2044,2044,2044,2415,2427,2427,2427,2427,2427,2427,2427,2427,2427,2427,106,-2243,-2210,-2194,-2189,-2189,-2189,-2189,-2189,-2189,-2184,-2189,-2184,-2320,-2299,-2293,-2293,-2293,-2293,-2293,-2293,-2293,-2293,-2293
01/06/2017 18:00:00,29.75,5.12,-254,4073,3942,3942,3952,3952,3952,3952,3969,3939,3939,3939,3929,4183,4202,4202,4202,4202,4202,4202,4202,4202,4202,4202,-366,2236,2062,2062,2051,2051,2051,2051,2051,2051,2051,2051,2051,2398,2411,2423,2423,2423,2423,2423,2423,2423,2423,2423,108,-2249,-2210,-2199,-2194,-2194,-2194,-2194,-2194,-2194,-2194,-2189,-2189,-2325,-2307,-2301,-2301,-2301,-2301,-2301,-2301,-2298,-2301,-2301
01/06/2017 19:00:00,29.00,5.12,-250,4144,3997,4025,4025,4025,4025,4025,4042,4012,4012,4012,4012,4221,4260,4260,4260,4280,4280,4280,4280,4280,4280,4280,-360,2244,2070,2070,2070,2070,2070,2059,2059,2059,2059,2059,2059,2407,2419,2431,2423,2423,2423,2423,2423,2431,2431,2431,106,-2256,-2224,-2207,-2202,-2202,-2202,-2202,-2202,-2202,-2197,-2202,-2197,-2333,-2312,-2307,-2307,-2307,-2307,-2307,-2307,-2307,-2307,-2307
01/06/2017 20:00:00,28.50,5.12,-270,4193,4042,4052,4052,4052,4052,4071,4080,4068,4058,4058,4058,4289,4328,4328,4328,4328,4328,4348,4328,4328,4348,4328,-365,2224,1949,2041,2056,2056,2056,2056,2030,2054,2062,2062,2050,2386,2398,2422,2410,2410,2410,2410,2410,2410,2410,2410,102,-2266,-2235,-2219,-2219,-2214,-2214,-2214,-2214,-2214,-2209,-2209,-2209,-2344,-2318,-2318,-2318,-2318,-2312,-2318,-2312,-2312,-2312,-2312
01/06/2017 21:00:00,28.00,5.09,-288,4247,4080,4108,4108,4108,4108,4108,4126,4106,4096,4096,4096,4348,4368,4388,4388,4388,4408,4408,4388,4408,4408,4408,-376,2235,2051,2051,2051,2051,2051,2051,2051,2040,2040,2040,2040,2398,2423,2423,2423,2423,2423,2423,2423,2436,2423,2436,112,-2269,-2248,-2216,-2211,-2208,-2205,-2208,-2214,-2211,-2206,-2209,-2209,-2350,-2328,-2323,-2323,-2323,-2323,-2323,-2323,-2323,-2318,-2318
01/06/2017 22:00:00,26.75,5.05,-262,4311,4154,4183,4183,4183,4183,4183,4201,4181,4190,4170,4170,4408,4428,4448,4448,4448,4448,4448,4448,4448,4448,4448,-358,2240,2069,2069,2069,2058,2058,2058,2058,2058,2058,2058,2058,2407,2419,2419,2419,2419,2432,2419,2419,2419,2419,2419,106,-2273,-2256,-2216,-2219,-2213,-2213,-2219,-2217,-2217,-2222,-2217,-2217,-2352,-2331,-2326,-2326,-2326,-2320,-2326,-2320,-2320,-2320,-2320
01/06/2017 23:00:00,25.50,4.91,-468,4275,4020,4040,4050,4050,4050,4050,4086,4035,4025,4025,4025,4478,4498,4498,4498,4519,4519,4519,4519,4519,4519,4519,-450,2187,1962,1962,1962,1962,1962,1962,1962,1962,1962,1962,1962,2391,2415,2415,2415,2415,2415,2415,2415,2415,2415,2415,110,-2272,-2233,-2217,-2212,-2212,-2212,-2212,-2217,-2217,-2217,-2217,-2222,-2350,-2328,-2328,-2322,-2317,-2322,-2328,-2328,-2328,-2328,-2328
01/07/2017 00:00:00,25.00,5.02,-452,4322,4087,4097,4097,4097,4097,4116,4133,4093,4083,4083,4083,4520,4540,4530,4551,4551,4551,4551,4551,4561,4561,4561,-461,2186,1956,1956,1956,1956,1956,1956,1956,1964,1964,1956,1945,2403,2415,2419,2419,2419,2419,2419,2419,2419,2419,2419,100,-2280,-2247,-2231,-2226,-2231,-2226,-2231,-2231,-2231,-2228,-2228,-2228,-2355,-2344,-2344,-2328,-2325,-2331,-2325,-2322,-2322,-2322,-2322
01/07/2017 01:00:00,24.75,5.02,-478,4376,4125,4135,4135,4135,4135,4154,4182,4141,4131,4121,4121,4572,4593,4614,4614,4614,4614,4614,4635,4635,4635,4635,-451,2187,1865,1957,1969,1977,1985,1974,1952,1972,1980,1980,1980,2406,2398,2418,2418,2410,2418,2418,2418,2418,2418,2410,102,-2282,-2254,-2238,-2232,-2232,-2227,-2227,-2227,-2227,-2227,-2227,-2227,-2358,-2336,-2331,-2331,-2331,-2331,-2331,-2331,-2331,-2331,-2331
01/07/2017 02:00:00,24.00,5.02,-482,4438,4182,4192,4192,4192,4192,4211,4240,4199,4189,4189,4189,4646,4667,4667,4667,4689,4689,4689,4689,4689,4689,4689,-442,2192,1841,1974,1989,1989,1989,1989,1967,1980,1998,1987,1987,2394,2406,2406,2418,2418,2418,2418,2418,2418,2418,2418,103,-2285,-2256,-2240,-2235,-2235,-2235,-2230,-2230,-2230,-2230,-2230,-2230,-2360,-2344,-2339,-2334,-2334,-2334,-2334,-2334,-2328,-2334,-2334
01/07/2017 03:00:00,26.00,5.07,-476,4484,4242,4242,4252,4242,4242,4242,4270,4250,4250,4250,4231,4689,4710,4710,4710,4732,4732,4732,4732,4732,4732,4732,-452,2212,1988,1992,1988,1980,1988,1988,1988,1980,1988,1988,1988,2419,2431,2431,2431,2444,2444,2444,2444,2444,2444,2444,107,-2288,-2264,-2232,-2232,-2227,-2227,-2235,-2238,-2233,-2238,-2233,-2233,-2365,-2344,-2344,-2339,-2339,-2342,-2342,-2339,-2339,-2339,-2339
01/07/2017 04:00:00,25.00,5.07,-464,4533,4290,4300,4300,4300,4300,4300,4319,4309,4298,4298,4298,4732,4753,4753,4753,4775,4775,4775,4775,4775,4775,4775,-461,2216,1992,1992,1992,1992,1992,1980,1980,1980,1980,1992,1980,2431,2431,2444,2456,2456,2444,2444,2456,2444,2456,2456,108,-2288,-2253,-2237,-2231,-2231,-2237,-2231,-2231,-2231,-2231,-2231,-2231,-2368,-2352,-2347,-2341,-2347,-2341,-2336,-2336,-2336,-2336,-2331
01/07/2017 05:00:00,24.75,5.07,-485,4590,4329,4359,4359,4359,4359,4359,4359,4338,4338,4338,4338,4797,4819,4819,4841,4841,4841,4841,4841,4841,4841,4841,-441,2223,2003,2003,2003,2003,2003,2003,2003,2003,2003,2003,2003,2423,2436,2448,2448,2448,2448,2448,2448,2448,2448,2448,102,-2287,-2258,-2242,-2237,-2237,-2231,-2237,-2231,-2231,-2231,-2231,-2231,-2363,-2341,-2336,-2336,-2336,-2336,-2336,-2336,-2336,-2336,-2336
01/07/2017 06:00:00,26.50,5.07,-502,4628,4265,4389,4399,4399,4399,4379,4399,4349,4390,4390,4390,4829,4851,4873,4873,4873,4895,4895,4895,4895,4895,4895,-444,2238,2020,2020,2020,2020,2020,2020,2020,2009,2009,2009,2009,2439,2451,2464,2464,2464,2464,2464,2464,2464,2464,2464,98,-2297,-2283,-2262,-2256,-2256,-2240,-2240,-2240,-2240,-2240,-2240,-2240,-2371,-2350,-2344,-2344,-2344,-2344,-2344,-2339,-2344,-2339,-2344
01/07/2017 07:00:00,33.75,5.07,-283,4716,4573,4563,4563,4584,4584,4584,4583,4573,4573,4573,4573,4829,4841,4841,4863,4874,4863,4863,4874,4874,4863,4863,-370,2267,1996,2087,2094,2094,2094,2094,2072,2095,2095,2092,2092,2431,2455,2455,2455,2455,2455,2455,2455,2455,2455,2455,99,-2298,-2262,-2251,-2249,-2246,-2246,-2246,-2249,-2249,-2249,-2246,-2246,-2371,-2350,-2350,-2350,-2350,-2344,-2344,-2344,-2344,-2344,-2344
01/07/2017 08:00:00,44.00,5.09,-437,4625,4411,4411,4411,4411,4411,4411,4421,4400,4400,4400,4400,4796,4818,4840,4840,4840,4840,4862,4862,4862,4862,4862,-425,2244,2030,2042,2042,2030,2030,2030,2030,2030,2030,2030,2030,2443,2447,2460,2460,2460,2460,2460,2460,2460,2460,2460,103,-2296,-2275,-2246,-2241,-2241,-2241,-2241,-2244,-2246,-2246,-2246,-2238,-2373,-2347,-2347,-2347,-2347,-2347,-2342,-2347,-2342,-2347,-2342
01/07/2017 09:00:00,43.50,5.12,-454,4574,4342,4352,4352,4352,4352,4372,4351,4361,4331,4331,4331,4764,4807,4785,4807,4807,4807,4807,4807,4807,4807,4807,-445,2235,2013,2013,2013,2013,2013,2013,2013,2013,2013,2013,2013,2439,2451,2451,2451,2464,2464,2464,2464,2464,2464,2464,101,-2285,-2254,-2240,-2238,-2238,-2238,-2230,-2230,-2230,-2230,-2230,-2230,-2360,-2339,-2334,-2334,-2334,-2334,-2334,-2334,-2334,-2334,-2334
01/07/2017 10:00:00,41.50,5.14,-464,4524,4303,4293,4293,4293,4293,4313,4312,4302,4272,4272,4272,4721,4742,4742,4764,4764,4764,4764,4764,4764,4764,4764,-311,2170,2013,2024,2013,2013,2013,2013,2024,2013,2013,2013,2013,2302,2314,2326,2326,2326,2326,2326,2337,2337,2337,2337,99,-2286,-2259,-2243,-2238,-2238,-2233,-2233,-2233,-2233,-2233,-2233,-2233,-2360,-2339,-2334,-2334,-2334,-2334,-2334,-2334,-2334,-2334,-2334
01/07/2017 11:00:00,43.75,5.14,-429,4464,4225,4255,4255,4255,4255,4255,4264,4244,4244,4244,4263,4647,4668,4668,4668,4689,4689,4689,4689,4689,4689,4689,-330,2180,2020,2020,2020,2020,2020,2020,2009,2009,2009,2009,2009,2326,2337,2337,2350,2350,2350,2350,2350,2350,2350,2350,103,-2287,-2254,-2238,-2238,-2238,-2233,-2233,-2233,-2233,-2233,-2233,-2233,-2363,-2342,-2336,-2336,-2336,-2336,-2336,-2336,-2336,-2336,-2336
01/07/2017 12:00:00,49.25,5.14,-434,4308,4095,4095,4095,4095,4095,4095,4103,4083,4083,4083,4083,4492,4512,4512,4533,4533,4533,4533,4533,4533,4533,4533,-328,2193,1948,2040,2048,2037,2037,2037,2026,2038,2038,2038,2038,2330,2353,2353,2353,2353,2365,2365,2365,2365,2365,2365,96,-2299,-2270,-2255,-2255,-2249,-2249,-2249,-2249,-2249,-2249,-2244,-2249,-2371,-2350,-2344,-2344,-2344,-2344,-2344,-2344,-2344,-2344,-2344
01/07/2017 13:00:00,47.75,5.14,-411,4275,4066,4076,4076,4076,4076,4095,4075,4065,4055,4055,4055,4441,4461,4482,4482,4482,4482,4482,4482,4502,4502,4502,-372,2204,2020,2020,2020,2020,2020,2020,2020,2020,2020,2009,2009,2370,2382,2394,2394,2394,2394,2394,2394,2394,2394,2394,102,-2301,-2278,-2249,-2246,-2246,-2246,-2252,-2247,-2247,-2247,-2247,-2247,-2376,-2355,-2350,-2350,-2350,-2350,-2350,-2350,-2350,-2350,-2344
01/07/2017 14:00:00,46.25,5.14,-398,4193,3983,3993,3993,3993,3993,4011,4010,4000,4000,3982,3982,4362,4381,4381,4401,4401,4401,4401,4401,4401,4401,4391,-378,2202,2020,2020,2020,2020,2009,2009,2009,2009,2009,2009,2009,2374,2386,2386,2386,2386,2398,2398,2398,2398,2398,2398,99,-2290,-2262,-2246,-2246,-2241,-2241,-2241,-2241,-2235,-2235,-2235,-2235,-2363,-2342,-2342,-2336,-2342,-2336,-2336,-2336,-2336,-2336,-2336
01/07/2017 15:00:00,47.25,5.14,-401,4123,3902,3929,3929,3929,3929,3929,3937,3918,3918,3918,3918,4293,4312,4312,4332,4332,4332,4332,4332,4332,4332,4332,-374,2201,2013,2013,2013,2024,2013,2013,2013,2013,2013,2013,2013,2374,2386,2378,2390,2390,2390,2398,2390,2390,2390,2398,102,-2293,-2259,-2243,-2243,-2243,-2243,-2243,-2238,-2238,-2238,-2238,-2238,-2368,-2347,-2342,-2342,-2342,-2342,-2342,-2342,-2342,-2342,-2342
01/07/2017 16:00:00,47.75,5.12,-406,4075,3856,3866,3866,3866,3866,3884,3910,3872,3872,3872,3872,4244,4263,4263,4282,4282,4282,4282,4282,4282,4302,4302,-376,2193,2005,2005,2005,2005,2005,2005,2005,2005,2005,2005,2005,2366,2382,2382,2394,2382,2382,2382,2382,2382,2382,2382,103,-2295,-2262,-2246,-2246,-2246,-2240,-2240,-2240,-2240,-2240,-2246,-2240,-2371,-2350,-2344,-2344,-2344,-2344,-2344,-2344,-2344,-2344,-2344
01/07/2017 17:00:00,34.50,5.09,-246,4171,4025,4054,4054,4054,4054,4072,4052,4042,4042,4042,4042,4252,4271,4291,4291,4291,4291,4310,4310,4310,4310,4310,-296,2236,2000,2094,2102,2102,2102,2102,2102,2064,2103,2103,2103,2354,2378,2378,2390,2390,2390,2390,2390,2390,2390,2390,98,-2309,-2278,-2267,-2262,-2262,-2257,-2257,-2257,-2257,-2257,-2257,-2257,-2384,-2363,-2357,-2357,-2357,-2357,-2352,-2352,-2352,-2352,-2357
01/07/2017 18:00:00,29.00,5.09,-259,4211,4052,4081,4081,4081,4081,4100,4080,4088,4088,4088,4088,4300,4320,4340,4340,4340,4340,4340,4359,4359,4359,4359,-287,2236,2097,2097,2097,2109,2097,2097,2086,2086,2086,2086,2086,2362,2374,2374,2386,2374,2386,2386,2386,2386,2386,2386,101,-2311,-2291,-2262,-2256,-2256,-2256,-2262,-2259,-2259,-2259,-2259,-2259,-2387,-2365,-2360,-2360,-2360,-2360,-2360,-2360,-2360,-2355,-2355
01/07/2017 19:00:00,28.25,5.07,-285,4265,4127,4127,4127,4127,4127,4127,4136,4116,4116,4116,4116,4379,4389,4409,4409,4409,4409,4409,4409,4409,4429,4429,-284,2228,2089,2089,2089,2089,2089,2089,2089,2089,2078,2078,2078,2350,2362,2374,2374,2374,2374,2374,2374,2374,2374,2374,96,-2314,-2299,-2264,-2259,-2264,-2259,-2270,-2267,-2262,-2262,-2262,-2262,-2389,-2363,-2363,-2363,-2363,-2363,-2357,-2357,-2357,-2357,-2357
01/07/2017 20:00:00,27.75,5.05,-274,4334,4184,4203,4203,4203,4203,4203,4202,4192,4192,4192,4192,4429,4449,4470,4470,4470,4470,4470,4490,4490,4490,4490,-284,2232,2089,2089,2089,2089,2089,2089,2089,2101,2089,2089,2089,2354,2366,2378,2378,2378,2378,2378,2378,2378,2378,2378,95,-2309,-2283,-2267,-2267,-2261,-2261,-2261,-2261,-2261,-2256,-2256,-2256,-2382,-2363,-2358,-2355,-2355,-2358,-2355,-2355,-2355,-2350,-2350
01/07/2017 21:00:00,27.25,5.05,-280,4390,4232,4261,4242,4261,4281,4261,4260,4240,4240,4240,4240,4480,4521,4521,4521,4541,4541,4541,4541,4541,4541,4541,-301,2232,2081,2093,2081,2081,2081,2081,2081,2081,2081,2081,2081,2366,2378,2378,2378,2378,2390,2390,2390,2390,2390,2390,98,-2314,-2285,-2269,-2264,-2264,-2264,-2264,-2264,-2264,-2264,-2258,-2258,-2387,-2366,-2360,-2360,-2360,-2360,-2360,-2360,-2360,-2360,-2360
01/07/2017 22:00:00,25.75,5.00,-298,4454,4299,4299,4299,4299,4299,4319,4318,4308,4308,4308,4308,4572,4583,4604,4604,4614,4614,4614,4604,4604,4604,4625,-287,2219,1991,2086,2094,2094,2094,2082,2071,2083,2083,2083,2083,2345,2358,2358,2358,2358,2370,2370,2370,2370,2370,2370,92,-2327,-2299,-2283,-2283,-2280,-2278,-2280,-2280,-2280,-2280,-2280,-2275,-2395,-2374,-2374,-2374,-2374,-2368,-2374,-2368,-2368,-2368,-2368
01/07/2017 23:00:00,26.25,5.00,-397,4450,4241,4260,4260,4260,4260,4260,4259,4249,4239,4249,4239,4604,4625,4646,4646,4646,4646,4667,4667,4667,4667,4667,-349,2193,1931,2029,2037,2037,2037,2026,2004,2027,2027,2027,2027,2345,2370,2370,2370,2370,2382,2370,2370,2370,2370,2370,95,-2329,-2304,-2288,-2283,-2283,-2283,-2278,-2278,-2278,-2278,-2278,-2278,-2400,-2379,-2379,-2379,-2374,-2374,-2374,-2374,-2374,-2374,-2374
01/08/2017 00:00:00,27.50,5.00,-393,4493,4290,4290,4290,4290,4290,4310,4319,4298,4298,4298,4298,4657,4678,4678,4678,4700,4700,4700,4700,4700,4700,4700,-364,2205,2028,2028,2028,2028,2028,2017,2017,2017,2028,2017,2017,2370,2382,2382,2382,2394,2394,2394,2394,2394,2382,2394,95,-2334,-2315,-2285,-2283,-2283,-2283,-2288,-2286,-2286,-2286,-2286,-2286,-2406,-2384,-2384,-2379,-2379,-2379,-2379,-2379,-2379,-2379,-2379
01/08/2017 01:00:00,27.25,5.00,-392,4550,4349,4349,4349,4349,4349,4369,4368,4358,4358,4358,4338,4700,4721,4743,4743,4743,4743,4764,4764,4764,4764,4764,-357,2210,2040,2040,2040,2028,2040,2028,2028,2028,2028,2028,2028,2370,2382,2394,2382,2394,2394,2394,2394,2394,2394,2394,95,-2329,-2299,-2283,-2283,-2283,-2283,-2277,-2277,-2283,-2277,-2283,-2277,-2401,-2379,-2379,-2379,-2374,-2374,-2374,-2374,-2374,-2374,-2374
01/08/2017 02:00:00,28.00,5.00,-424,4594,4389,4389,4389,4369,4369,4389,4399,4378,4378,4378,4378,4753,4797,4797,4797,4819,4819,4819,4808,4819,4819,4819,-344,2213,2040,2040,2040,2040,2040,2040,2051,2040,2040,2040,2040,2370,2382,2382,2382,2382,2382,2394,2394,2394,2394,2382,92,-2332,-2304,-2288,-2288,-2288,-2283,-2283,-2283,-2283,-2283,-2283,-2283,-2401,-2379,-2379,-2379,-2374,-2374,-2379,-2374,-2374,-2374,-2374
01/08/2017 03:00:00,27.50,5.00,-433,4625,4284,4419,4429,4429,4429,4429,4429,4379,4440,4420,4420,4796,4818,4840,4840,4840,4840,4840,4862,4862,4862,4862,-327,2214,2057,2057,2057,2057,2057,2046,2046,2046,2046,2046,2046,2366,2370,2370,2382,2382,2382,2382,2382,2382,2382,2382,91,-2342,-2318,-2302,-2296,-2296,-2296,-2296,-2296,-2296,-2291,-2291,-2291,-2411,-2390,-2390,-2384,-2384,-2384,-2384,-2384,-2384,-2390,-2384
01/08/2017 04:00:00,27.50,4.98,-425,4677,4459,4470,4470,4470,4470,4470,4480,4459,4459,4459,4459,4852,4897,4874,4897,4897,4897,4897,4897,4897,4897,4897,-339,2210,1942,2052,2060,2060,2048,2048,2037,2049,2049,2049,2057,2370,2382,2382,2382,2382,2382,2382,2382,2382,2382,2382,95,-2344,-2315,-2299,-2299,-2299,-2294,-2294,-2294,-2294,-2294,-2294,-2294,-2416,-2395,-2390,-2390,-2390,-2390,-2390,-2390,-2390,-2390,-2390
01/08/2017 05:00:00,27.50,4.98,-424,4717,4500,4511,4511,4511,4511,4511,4510,4500,4500,4500,4500,4874,4919,4919,4919,4942,4942,4942,4942,4942,4942,4942,-343,2227,2062,2062,2062,2062,2062,2051,2051,2051,2051,2051,2051,2382,2407,2398,2398,2398,2398,2398,2398,2398,2407,2407,95,-2347,-2331,-2296,-2296,-2296,-2296,-2302,-2299,-2299,-2299,-2294,-2294,-2416,-2395,-2395,-2395,-2395,-2395,-2390,-2395,-2390,-2390,-2390
01/08/2017 06:00:00,27.00,4.98,-415,4762,4541,4552,4552,4552,4552,4573,4572,4562,4551,4551,4551,4919,4964,4964,4964,4964,4987,4987,4987,4987,4987,4964,-347,2235,2062,2062,2062,2062,2062,2062,2062,2062,2062,2062,2062,2398,2411,2411,2411,2411,2411,2411,2411,2411,2411,2411,91,-2339,-2309,-2299,-2293,-2293,-2299,-2293,-2293,-2293,-2288,-2288,-2288,-2409,-2387,-2387,-2382,-2387,-2382,-2382,-2382,-2382,-2382,-2382
01/08/2017 07:00:00,28.50,4.98,-428,4793,4562,4573,4573,4573,4573,4594,4593,4583,4583,4583,4583,4964,4987,5010,5010,5010,5010,5010,5010,5010,5033,5033,-343,2236,2062,2073,2073,2073,2062,2062,2062,2062,2062,2062,2062,2386,2411,2411,2411,2411,2411,2411,2411,2411,2411,2411,89,-2340,-2315,-2299,-2299,-2299,-2293,-2293,-2293,-2293,-2293,-2293,-2293,-2409,-2387,-2387,-2387,-2382,-2382,-2382,-2382,-2382,-2382,-2382
01/08/2017 08:00:00,30.00,4.98,-429,4834,4604,4615,4615,4615,4615,4636,4646,4625,4625,4625,4604,5021,5033,5033,5067,5056,5056,5056,5056,5056,5056,5056,-360,2253,2073,2073,2073,2073,2073,2073,2073,2073,2073,2073,2073,2419,2431,2431,2431,2431,2431,2431,2444,2444,2444,2431,94,-2343,-2315,-2299,-2299,-2293,-2293,-2293,-2293,-2293,-2293,-2293,-2293,-2417,-2390,-2390,-2390,-2390,-2390,-2390,-2384,-2384,-2384,-2384
01/08/2017 09:00:00,27.00,4.98,-422,5110,4897,4908,4908,4908,4908,4908,4908,4886,4886,4886,4886,5281,5306,5306,5330,5330,5330,5330,5330,5330,5330,5330,-397,2422,2136,2229,2237,2237,2237,2237,2213,2237,2237,2237,2237,2600,2612,2625,2625,2625,2625,2625,2625,2625,2625,2625,93,-2359,-2331,-2315,-2315,-2315,-2310,-2310,-2310,-2310,-2310,-2310,-2310,-2430,-2408,-2403,-2403,-2403,-2408,-2403,-2403,-2403,-2403,-2403
01/08/2017 10:00:00,27.00,4.98,-171,249,168,168,168,162,162,162,174,163,163,157,157,324,324,331,331,331,337,337,343,343,343,343,-563,2876,2610,2610,2610,2596,2596,2596,2596,2583,2583,2583,2583,3145,3160,3160,3160,3160,3160,3160,3160,3160,3160,3160,102,-2372,-2350,-2320,-2315,-2320,-2315,-2317,-2323,-2320,-2320,-2320,-2320,-2446,-2424,-2424,-2424,-2424,-2419,-2419,-2419,-2419,-2419,-2424
01/08/2017 11:00:00,34.50,4.98,-193,275,180,185,185,179,179,179,191,180,174,169,174,355,361,367,367,374,374,374,380,380,380,380,-587,2813,2539,2526,2526,2526,2526,2513,2513,2513,2513,2513,2513,3094,3109,3109,3109,3109,3109,3109,3109,3109,3109,3109,99,-2364,-2333,-2317,-2317,-2317,-2312,-2312,-2312,-2312,-2312,-2312,-2312,-2438,-2417,-2411,-2411,-2411,-2411,-2411,-2411,-2411,-2411,-2411
01/08/2017 12:00:00,40.25,4.98,-192,286,197,197,191,191,191,185,197,192,186,186,186,366,373,373,379,379,386,386,392,392,392,392,-539,2842,2596,2582,2582,2582,2569,2569,2569,2569,2569,2569,2556,3097,3112,3112,3112,3112,3112,3127,3112,3112,3112,3112,100,-2357,-2325,-2315,-2309,-2309,-2304,-2304,-2304,-2304,-2304,-2304,-2304,-2433,-2411,-2406,-2406,-2406,-2406,-2400,-2406,-2400,-2400,-2406
01/08/2017 13:00:00,37.00,4.98,-190,299,209,209,209,209,209,203,209,198,198,198,198,373,386,386,392,392,392,399,405,399,405,405,-457,2860,2550,2652,2648,2648,2612,2646,2646,2646,2646,2633,2633,3077,3091,3091,3091,3091,3091,3091,3091,3091,3091,3091,98,-2362,-2331,-2315,-2315,-2310,-2310,-2310,-2310,-2310,-2315,-2310,-2310,-2432,-2411,-2411,-2411,-2411,-2411,-2411,-2405,-2411,-2405,-2405
01/08/2017 14:00:00,32.25,5.00,-188,298,209,209,209,203,203,197,215,204,204,198,198,379,386,386,392,393,393,393,393,405,399,399,-443,2864,2667,2653,2653,2653,2640,2640,2640,2640,2640,2627,2627,3073,3088,3088,3088,3088,3088,3088,3088,3088,3088,3088,96,-2358,-2333,-2309,-2304,-2307,-2307,-2304,-2312,-2310,-2310,-2310,-2304,-2429,-2408,-2408,-2403,-2408,-2403,-2403,-2403,-2403,-2403,-2403
01/08/2017 15:00:00,35.50,4.98,-183,301,209,214,214,214,214,214,215,204,204,204,204,373,379,386,392,392,399,399,399,399,405,405,-437,2854,2653,2653,2640,2640,2640,2640,2627,2627,2627,2627,2627,3059,3073,3073,3073,3073,3073,3073,3088,3073,3073,3073,96,-2344,-2315,-2299,-2299,-2299,-2293,-2293,-2293,-2293,-2293,-2293,-2293,-2414,-2392,-2392,-2392,-2392,-2392,-2392,-2387,-2387,-2387,-2387
01/08/2017 16:00:00,34.75,4.98,-169,299,215,221,221,215,215,215,227,215,210,210,210,367,374,380,380,386,386,386,386,393,393,393,-468,2870,2658,2645,2645,2645,2632,2632,2632,2632,2632,2632,2618,3094,3094,3109,3109,3109,3109,3109,3094,3109,3109,3109,98,-2338,-2307,-2296,-2291,-2291,-2291,-2285,-2285,-2285,-2285,-2285,-2285,-2411,-2390,-2384,-2384,-2390,-2384,-2384,-2384,-2384,-2384,-2384
01/08/2017 17:00:00,31.25,4.98,-166,296,159,221,221,227,227,221,221,203,214,220,214,364,370,377,377,383,383,383,383,383,383,389,-467,3089,2879,2865,2865,2865,2851,2851,2851,2851,2851,2851,2837,3310,3325,3325,3325,3325,3325,3325,3325,3325,3325,3325,95,-2344,-2312,-2302,-2296,-2296,-2296,-2296,-2296,-2296,-2296,-2291,-2291,-2416,-2395,-2390,-2390,-2390,-2390,-2390,-2390,-2390,-2390,-2390
01/08/2017 18:00:00,27.50,4.98,-146,300,227,233,227,227,233,221,233,228,228,222,222,361,362,374,368,380,375,375,375,381,381,381,-454,3101,2885,2885,2885,2885,2871,2871,2885,2871,2871,2857,2857,3314,3330,3330,3330,3330,3330,3330,3330,3330,3330,3330,97,-2340,-2317,-2296,-2291,-2291,-2285,-2291,-2294,-2288,-2288,-2288,-2288,-2414,-2392,-2387,-2387,-2387,-2387,-2387,-2387,-2387,-2387,-2387
01/08/2017 19:00:00,26.50,4.96,-137,301,233,239,239,233,233,233,245,234,228,228,228,349,362,362,368,368,375,375,375,375,381,381,-472,3163,2948,2934,2934,2934,2934,2919,2919,2919,2919,2919,2919,3385,3401,3401,3401,3401,3401,3401,3401,3401,3401,3401,92,-2331,-2301,-2285,-2285,-2285,-2285,-2285,-2285,-2280,-2285,-2280,-2280,-2401,-2379,-2374,-2379,-2374,-2374,-2374,-2374,-2374,-2374,-2374
01/08/2017 20:00:00,26.75,4.96,-126,300,239,239,233,239,239,239,246,234,234,234,234,349,356,362,362,362,368,368,362,368,368,368,-475,3151,2934,2934,2919,2919,2919,2905,2905,2905,2905,2905,2905,3385,3385,3385,3401,3401,3401,3385,3385,3385,3385,3385,96,-2329,-2298,-2282,-2282,-2282,-2282,-2282,-2282,-2277,-2277,-2277,-2277,-2401,-2379,-2379,-2374,-2374,-2374,-2374,-2374,-2374,-2374,-2374
01/08/2017 21:00:00,27.00,4.93,-130,302,239,239,239,239,233,239,246,234,234,234,234,349,362,362,368,368,368,368,375,369,375,375,-470,3150,2934,2934,2919,2919,2919,2919,2905,2905,2905,2905,2905,3369,3385,3385,3385,3385,3385,3385,3401,3385,3385,3385,95,-2325,-2293,-2282,-2282,-2277,-2277,-2277,-2277,-2277,-2272,-2277,-2272,-2395,-2374,-2374,-2374,-2374,-2368,-2368,-2368,-2368,-2374,-2368
01/08/2017 22:00:00,26.25,4.93,-125,298,239,239,239,233,233,233,246,234,234,234,234,344,350,356,362,362,362,362,369,369,369,369,-519,3140,2784,2903,2912,2897,2897,2897,2869,2895,2881,2881,2881,3386,3402,3402,3402,3402,3402,3402,3402,3402,3402,3402,94,-2335,-2307,-2291,-2291,-2286,-2286,-2286,-2286,-2286,-2286,-2286,-2280,-2406,-2384,-2384,-2379,-2379,-2379,-2379,-2379,-2379,-2379,-2379
01/08/2017 23:00:00,25.25,4.91,-133,293,228,233,233,227,227,227,234,222,222,222,222,344,350,357,357,363,363,363,363,363,369,369,-602,3068,2783,2783,2783,2769,2769,2769,2769,2755,2755,2755,2755,3343,3359,3375,3375,3375,3375,3375,3375,3375,3375,3359,95,-2331,-2315,-2283,-2277,-2277,-2277,-2283,-2283,-2283,-2283,-2283,-2283,-2403,-2382,-2382,-2376,-2376,-2376,-2376,-2376,-2376,-2376,-2376
01/09/2017 00:00:00,25.00,4.91,-127,287,222,228,228,228,222,222,240,223,223,217,217,338,344,351,351,351,351,357,357,357,357,357,-613,3045,2751,2751,2751,2738,2738,2738,2738,2738,2732,2724,2732,3341,3341,3357,3357,3357,3357,3357,3357,3357,3357,3341,96,-2321,-2290,-2274,-2274,-2269,-2271,-2271,-2271,-2271,-2271,-2271,-2271,-2393,-2371,-2371,-2366,-2366,-2366,-2366,-2366,-2366,-2366,-2366
01/09/2017 01:00:00,24.75,4.89,-131,285,222,222,222,222,222,216,234,217,217,217,217,332,344,344,351,351,357,357,357,357,357,357,-593,3043,2760,2760,2760,2746,2746,2746,2746,2746,2746,2732,2732,3334,3341,3341,3341,3341,3341,3341,3341,3341,3341,3341,94,-2321,-2293,-2277,-2277,-2277,-2271,-2271,-2271,-2271,-2271,-2271,-2271,-2393,-2371,-2366,-2366,-2366,-2366,-2366,-2366,-2366,-2366,-2366
01/09/2017 02:00:00,24.50,4.89,-137,285,222,216,216,222,222,216,228,217,211,211,211,338,344,351,351,357,357,357,357,357,363,363,-603,3016,2606,2722,2740,2740,2726,2726,2712,2725,2733,2720,2720,3304,3320,3320,3320,3320,3320,3320,3320,3320,3320,3320,97,-2327,-2296,-2266,-2285,-2280,-2280,-2280,-2280,-2280,-2275,-2280,-2275,-2395,-2379,-2379,-2374,-2374,-2374,-2374,-2374,-2374,-2374,-2368
01/09/2017 03:00:00,24.50,4.89,-137,287,216,222,222,216,216,216,234,217,217,217,217,339,345,351,357,357,357,364,364,364,364,364,-605,3010,2729,2715,2715,2715,2701,2701,2701,2710,2710,2696,2696,3300,3300,3316,3316,3316,3316,3316,3316,3316,3316,3316,98,-2326,-2309,-2280,-2274,-2269,-2269,-2272,-2277,-2275,-2275,-2275,-2275,-2395,-2374,-2374,-2374,-2374,-2374,-2374,-2374,-2374,-2374,-2368
01/09/2017 04:00:00,24.00,4.87,-139,298,234,234,234,234,228,228,241,223,223,223,223,351,364,364,370,370,364,370,371,376,376,376,-605,2979,2701,2688,2688,2688,2674,2674,2674,2674,2661,2674,2661,3268,3284,3284,3284,3284,3284,3284,3284,3284,3284,3284,94,-2316,-2282,-2271,-2271,-2271,-2271,-2271,-2266,-2266,-2266,-2266,-2266,-2387,-2366,-2360,-2360,-2360,-2360,-2360,-2360,-2360,-2360,-2360
01/09/2017 05:00:05,24.00,4.87,-141,306,234,246,240,240,234,234,247,235,229,229,229,357,370,370,376,376,383,383,383,383,383,383,-603,2982,2701,2688,2688,2688,2674,2674,2688,2674,2674,2674,2674,3268,3284,3284,3284,3284,3300,3284,3284,3284,3284,3284,95,-2313,-2282,-2271,-2266,-2266,-2266,-2266,-2266,-2266,-2266,-2260,-2260,-2385,-2363,-2360,-2358,-2358,-2358,-2358,-2358,-2358,-2358,-2358
01/09/2017 06:00:03,25.50,4.87,-143,321,252,252,252,252,252,252,259,247,247,247,247,376,383,389,389,396,396,396,396,402,402,402,-614,2941,2539,2655,2650,2650,2650,2650,2623,2635,2644,2644,2644,3233,3248,3248,3248,3248,3248,3264,3248,3248,3248,3248,94,-2324,-2293,-2277,-2277,-2275,-2275,-2275,-2275,-2275,-2275,-2275,-2275,-2395,-2374,-2374,-2374,-2368,-2368,-2368,-2368,-2368,-2368,-2363
01/09/2017 07:00:02,27.75,4.89,-180,341,252,258,252,252,252,252,258,247,247,247,247,408,421,427,427,434,434,434,440,440,440,440,-618,2920,2629,2629,2615,2615,2615,2615,2602,2602,2602,2602,2602,3215,3231,3231,3231,3231,3231,3231,3231,3231,3231,3231,99,-2320,-2301,-2272,-2272,-2266,-2266,-2269,-2269,-2269,-2269,-2269,-2269,-2390,-2374,-2368,-2368,-2368,-2368,-2368,-2368,-2368,-2368,-2363
01/09/2017 08:00:00,35.00,4.89,-174,357,270,275,275,275,269,269,276,271,271,264,264,426,439,439,439,446,446,446,452,446,458,452,-545,2939,2686,2686,2673,2673,2673,2659,2659,2659,2659,2659,2659,3197,3212,3212,3212,3227,3212,3212,3212,3212,3212,3212,91,-2313,-2336,-2280,-2264,-2264,-2258,-2258,-2258,-2258,-2258,-2258,-2258,-2379,-2355,-2358,-2358,-2358,-2358,-2358,-2358,-2358,-2358,-2352
01/09/2017 09:00:00,39.75,4.91,-181,361,275,275,275,269,275,269,281,270,264,264,264,432,438,445,451,451,458,458,458,458,464,464,-542,2857,2610,2596,2596,2596,2583,2583,2583,2583,2583,2570,2570,3115,3130,3130,3130,3130,3130,3130,3130,3130,3130,3130,94,-2302,-2277,-2261,-2256,-2256,-2256,-2250,-2250,-2250,-2250,-2250,-2250,-2371,-2355,-2350,-2350,-2350,-2344,-2344,-2344,-2344,-2344,-2344
01/09/2017 10:00:00,38.50,4.93,-199,367,212,275,281,275,274,274,273,273,273,273,267,446,459,459,465,465,472,472,472,478,472,478,-586,2754,2478,2478,2465,2465,2465,2465,2453,2453,2453,2453,2453,3033,3039,3039,3053,3053,3053,3053,3053,3053,3039,3053,97,-2307,-2278,-2262,-2262,-2257,-2257,-2257,-2257,-2257,-2257,-2257,-2257,-2381,-2360,-2355,-2355,-2355,-2355,-2355,-2355,-2350,-2350,-2355
01/09/2017 11:00:00,42.00,4.96,-191,396,305,311,311,304,304,298,311,294,294,294,294,475,482,489,489,495,495,495,495,502,502,502,-606,2703,2420,2407,2407,2407,2407,2395,2395,2395,2395,2395,2382,2994,3009,3000,3009,3009,3000,3009,3009,3009,3009,3009,98,-2303,-2283,-2251,-2251,-2246,-2251,-2248,-2259,-2254,-2254,-2249,-2249,-2373,-2352,-2352,-2352,-2352,-2352,-2352,-2352,-2347,-2347,-2347
01/09/2017 12:00:00,41.50,4.96,-211,449,354,353,353,347,347,353,342,336,336,336,336,534,548,548,555,555,561,561,561,561,561,568,-580,2650,2378,2366,2366,2366,2366,2354,2354,2354,2354,2354,2354,2923,2937,2937,2951,2951,2951,2951,2937,2937,2937,2937,96,-2288,-2259,-2243,-2243,-2237,-2237,-2237,-2240,-2237,-2237,-2240,-2240,-2358,-2336,-2336,-2336,-2336,-2331,-2331,-2336,-2331,-2336,-2331
01/09/2017 13:00:00,37.25,4.96,-205,479,379,385,385,379,385,379,386,374,368,368,368,562,576,576,582,582,582,589,589,589,589,589,-592,2601,2321,2321,2309,2309,2309,2309,2297,2297,2297,2297,2297,2872,2900,2900,2900,2900,2900,2900,2900,2900,2900,2900,99,-2286,-2256,-2240,-2240,-2235,-2235,-2235,-2235,-2235,-2235,-2235,-2235,-2360,-2339,-2333,-2333,-2333,-2333,-2333,-2333,-2333,-2333,-2333
01/09/2017 14:00:00,41.25,4.96,-213,514,417,417,417,410,410,410,411,400,400,400,400,602,609,616,616,623,623,623,630,630,630,630,-590,2554,2281,2268,2268,2268,2256,2256,2256,2256,2256,2245,2245,2839,2839,2852,2852,2852,2852,2852,2852,2852,2852,2852,99,-2283,-2253,-2237,-2237,-2232,-2232,-2232,-2232,-2232,-2232,-2232,-2232,-2358,-2336,-2331,-2331,-2331,-2331,-2331,-2331,-2331,-2331,-2331
01/09/2017 15:00:00,47.50,4.96,-226,552,443,449,442,442,442,436,449,438,431,431,431,644,651,658,665,665,665,672,672,672,672,679,-584,2496,2129,2221,2229,2217,2217,2217,2206,2198,2206,2206,2206,2775,2789,2789,2789,2789,2789,2789,2802,2789,2789,2789,98,-2293,-2262,-2246,-2246,-2246,-2241,-2241,-2241,-2241,-2241,-2241,-2241,-2365,-2344,-2344,-2339,-2339,-2339,-2339,-2339,-2339,-2339,-2339
01/09/2017 16:00:00,45.00,4.96,-232,587,475,481,481,475,475,475,476,464,464,464,458,686,693,700,700,700,707,707,707,707,714,714,-571,2444,2177,2166,2166,2166,2154,2154,2154,2154,2154,2154,2154,2707,2721,2734,2734,2734,2734,2734,2734,2734,2734,2734,98,-2291,-2275,-2240,-2235,-2235,-2235,-2235,-2243,-2241,-2241,-2241,-2241,-2363,-2342,-2342,-2336,-2336,-2336,-2336,-2342,-2336,-2342,-2336
01/09/2017 17:00:00,39.00,4.93,-221,639,536,536,536,530,530,530,537,525,525,525,518,731,738,745,745,753,753,753,760,760,760,760,-466,2449,2232,2232,2220,2220,2220,2220,2208,2208,2208,2208,2208,2663,2677,2677,2690,2690,2690,2690,2690,2690,2677,2677,97,-2279,-2248,-2232,-2232,-2232,-2232,-2232,-2226,-2226,-2232,-2226,-2226,-2352,-2331,-2331,-2325,-2325,-2325,-2325,-2325,-2325,-2325,-2325
01/09/2017 18:00:00,28.50,4.93,-216,678,578,571,571,571,571,577,579,566,566,560,560,761,775,783,783,790,790,790,790,798,798,798,-470,2400,2177,2177,2177,2165,2165,2165,2165,2165,2153,2153,2153,2615,2628,2628,2642,2642,2642,2628,2642,2642,2642,2642,96,-2280,-2250,-2240,-2234,-2234,-2229,-2229,-2229,-2229,-2229,-2229,-2229,-2352,-2331,-2325,-2325,-2325,-2325,-2325,-2325,-2325,-2325,-2325
01/09/2017 19:00:00,27.75,4.93,-221,710,599,605,605,605,598,598,613,601,594,594,594,799,806,814,821,821,821,829,829,829,836,836,-481,2342,2019,2111,2119,2119,2108,2108,2096,2109,2109,2109,2116,2562,2575,2587,2587,2587,2587,2587,2587,2587,2587,2587,96,-2291,-2264,-2248,-2243,-2243,-2243,-2243,-2238,-2243,-2238,-2238,-2238,-2363,-2341,-2341,-2341,-2336,-2336,-2336,-2336,-2336,-2336,-2336
01/09/2017 20:00:00,27.25,4.91,-229,743,634,640,640,633,633,633,635,622,622,622,615,836,851,851,859,859,859,866,866,866,866,866,-474,2303,2088,2076,2076,2076,2065,2065,2065,2065,2053,2053,2053,2529,2542,2542,2542,2542,2542,2542,2542,2542,2542,2542,101,-2291,-2272,-2237,-2240,-2240,-2235,-2232,-2240,-2240,-2243,-2235,-2240,-2366,-2344,-2339,-2344,-2339,-2339,-2339,-2339,-2339,-2339,-2339
01/09/2017 21:00:00,26.75,4.89,-219,777,676,676,669,669,669,669,677,665,665,658,658,867,875,883,883,890,890,890,890,898,898,898,-470,2283,2068,2057,2057,2057,2045,2045,2045,2045,2045,2034,2034,2495,2508,2521,2521,2521,2521,2521,2521,2521,2533,2521,99,-2281,-2250,-2234,-2234,-2234,-2234,-2229,-2229,-2229,-2229,-2229,-2229,-2355,-2333,-2333,-2328,-2333,-2328,-2328,-2328,-2328,-2328,-2328
01/09/2017 22:00:00,27.00,4.89,-232,808,698,698,698,698,690,690,699,686,686,686,686,898,914,921,921,921,921,929,929,937,937,937,-457,2239,2034,2023,2023,2012,2012,2012,2012,2000,2000,2000,2000,2457,2470,2470,2470,2470,2470,2470,2470,2470,2470,2470,100,-2280,-2256,-2239,-2231,-2231,-2231,-2223,-2220,-2220,-2229,-2229,-2229,-2352,-2331,-2331,-2331,-2331,-2325,-2331,-2325,-2325,-2325,-2325
01/09/2017 23:00:00,27.50,4.89,-229,834,726,726,726,719,719,719,727,715,715,715,715,929,937,945,945,953,953,953,953,953,960,960,-462,2194,1889,1979,1979,1968,1976,1976,1965,1969,1966,1966,1966,2407,2431,2431,2431,2431,2419,2419,2431,2419,2431,2431,100,-2293,-2261,-2245,-2245,-2245,-2245,-2240,-2240,-2240,-2240,-2240,-2240,-2366,-2344,-2344,-2344,-2344,-2344,-2339,-2339,-2339,-2339,-2339
01/10/2017 00:00:00,27.00,4.89,-234,863,749,756,748,748,748,748,757,744,744,737,737,960,968,976,976,984,984,984,984,984,992,992,-460,2177,1967,1956,1956,1956,1945,1945,1945,1945,1934,1934,1934,2395,2399,2399,2411,2411,2399,2419,2411,2411,2399,2424,101,-2291,-2269,-2240,-2242,-2237,-2237,-2237,-2237,-2237,-2240,-2240,-2240,-2368,-2341,-2341,-2341,-2341,-2341,-2341,-2336,-2336,-2341,-2336
01/10/2017 01:00:00,27.25,4.87,-236,889,771,778,778,778,770,770,779,766,766,766,766,984,1000,1000,1008,1008,1008,1008,1016,1016,1016,1016,-460,2147,1926,1926,1926,1915,1915,1926,1915,1912,1912,1912,1912,2362,2374,2374,2386,2374,2386,2386,2386,2374,2374,2374,101,-2278,-2247,-2231,-2226,-2226,-2226,-2226,-2226,-2226,-2226,-2226,-2226,-2352,-2331,-2331,-2331,-2331,-2325,-2325,-2325,-2325,-2325,-2325
01/10/2017 02:00:00,26.00,4.87,-285,894,763,763,756,756,756,748,764,744,744,744,744,1016,1024,1032,1032,1040,1040,1040,1040,1048,1048,1048,-542,2064,1808,1797,1797,1797,1797,1787,1787,1797,1787,1787,1787,2325,2337,2337,2337,2337,2337,2337,2337,2337,2337,2337,99,-2275,-2245,-2228,-2228,-2223,-2226,-2223,-2223,-2223,-2226,-2226,-2223,-2350,-2328,-2328,-2322,-2322,-2322,-2322,-2322,-2322,-2322,-2322
01/10/2017 03:00:00,25.25,4.85,-285,918,786,786,785,792,781,774,767,767,767,767,767,1034,1050,1050,1058,1066,1066,1066,1066,1074,1074,1074,-541,2044,1790,1779,1779,1779,1779,1769,1769,1769,1769,1769,1769,2305,2317,2317,2317,2317,2317,2317,2317,2317,2317,2317,99,-2273,-2245,-2228,-2228,-2223,-2223,-2223,-2223,-2223,-2218,-2218,-2218,-2347,-2325,-2325,-2320,-2320,-2320,-2320,-2320,-2320,-2320,-2320
01/10/2017 04:00:00,24.75,4.85,-280,939,802,808,808,801,801,801,803,797,797,789,783,1060,1068,1076,1076,1076,1084,1084,1084,1084,1092,1092,-543,2014,1657,1760,1757,1757,1757,1757,1737,1749,1749,1749,1749,2277,2281,2293,2281,2293,2293,2293,2281,2281,2293,2281,100,-2282,-2251,-2235,-2235,-2235,-2229,-2229,-2229,-2229,-2229,-2229,-2229,-2358,-2331,-2331,-2331,-2331,-2328,-2331,-2333,-2328,-2331,-2325
01/10/2017 05:00:00,24.75,4.83,-291,966,824,831,831,823,823,823,826,813,813,813,813,1084,1101,1101,1109,1109,1117,1117,1117,1126,1126,1126,-542,2014,1751,1751,1751,1751,1740,1740,1740,1740,1740,1740,1730,2273,2285,2285,2285,2285,2297,2285,2285,2285,2285,2285,104,-2276,-2255,-2223,-2218,-2218,-2218,-2224,-2226,-2221,-2221,-2221,-2221,-2352,-2331,-2331,-2325,-2325,-2325,-2325,-2325,-2325,-2325,-2325
01/10/2017 06:00:00,27.00,4.83,-293,986,847,853,846,846,838,846,848,835,835,828,828,1109,1126,1126,1134,1134,1134,1142,1142,1142,1142,1142,-546,2002,1740,1740,1740,1730,1730,1730,1730,1720,1720,1720,1720,2261,2273,2273,2285,2285,2273,2273,2273,2273,2285,2273,105,-2262,-2228,-2212,-2212,-2212,-2212,-2207,-2207,-2207,-2207,-2207,-2207,-2339,-2317,-2312,-2312,-2317,-2312,-2312,-2312,-2312,-2312,-2312
01/10/2017 07:00:00,35.00,4.83,-305,1019,882,874,874,874,866,859,875,862,862,855,855,1154,1163,1163,1171,1171,1180,1180,1180,1180,1180,1180,-552,2017,1753,1745,1745,1745,1745,1735,1735,1742,1742,1742,1732,2273,2285,2297,2297,2297,2297,2297,2297,2297,2297,2297,105,-2259,-2226,-2210,-2210,-2210,-2204,-2204,-2204,-2204,-2204,-2204,-2204,-2336,-2314,-2314,-2309,-2309,-2309,-2309,-2309,-2309,-2309,-2309
01/10/2017 08:00:00,41.25,4.85,-304,1019,873,879,879,872,872,872,880,861,853,853,853,1144,1161,1169,1169,1169,1178,1178,1178,1178,1186,1178,-549,1982,1634,1721,1728,1718,1718,1718,1698,1710,1717,1717,1717,2238,2250,2250,2262,2262,2262,2262,2262,2262,2262,2262,102,-2264,-2235,-2219,-2214,-2214,-2214,-2214,-2208,-2208,-2208,-2208,-2208,-2341,-2320,-2315,-2315,-2315,-2315,-2309,-2309,-2309,-2309,-2309
01/10/2017 09:00:00,37.00,4.28,-5481,91674,86375,88659,86688,88872,88872,93328,90720,90283,88125,88125,88231,92769,92880,95260,95260,95260,92880,95375,95375,95260,95260,92992,2193,95259,92051,96585,97172,97290,97290,94917,97642,97995,95490,95490,97995,95007,95007,92688,92688,92688,95007,95007,95007,95007,92688,95007,0,-4700,-4700,-4700,-4700,-4700,-4700,-4700,-4700,-4700,-4700,-4700,-4700,-4700,-4700,-4700,-4700,-4700,-4700,-4700,-4700,-4700,-4700,-4700
01/10/2017 10:00:00,33.25,4.37,31832,1036029,1021075,1023425,1023425,1024600,1024600,1367700,1019900,1016375,1016375,1016375,1017550,1018725,1019900,1019900,1019900,1019900,,,,,,286450,1164193,1337933,1337933,1337933,1337933,1002275,1337933,1337933,1337933,1337933,1337933,1337933,1019900,1021075,1021075,1021075,1021075,,,,,,16,-4692,-4640,-4673,-4678,-4684,-4684,-4684,-4689,-4694,-4700,-4700,-4700,-4700,-4700,-4700,-4700,-4700,-4700,-4700,-4700,-4700,-4700,-4700
01/10/2017 11:00:00,33.75,4.70,34395,1042224,1029300,1030475,1031650,1031650,1031650,1377100,1026950,1024600,1023425,1023425,1023425,1024600,1024600,1025775,1024600,1024600,,,,,,43688,1046444,1344200,1344200,1006975,1006975,1006975,1006975,1006975,1006975,1006975,1006975,1006975,1024600,1024600,1024600,1024600,1024600,,,,,,15,-4692,-4651,-4673,-4678,-4684,-4684,-4684,-4689,-4694,-4700,-4700,-4700,-4700,-4700,-4700,-4700,-4700,-4700,-4700,-4700,-4700,-4700,-4700
01/10/2017 12:00:00,39.00,4.68,40997,845561,830020,830960,830960,830960,830960,1039875,1036350,826260,824380,823440,822500,822500,822500,823440,823440,824380,825320,825320,,,,,191760,924020,1019900,1019900,1019900,1019900,1019900,1019900,1019900,1019900,1019900,1019900,1019900,828140,828140,828140,828140,828140,828140,,,,6,-4697,-4673,-4694,-4694,-4694,-4694,-4694,-4694,-4700,-4700,-4700,-4700,-4700,-4700,-4700,-4700,-4700,-4700,-4700,-4700,-4700,-4700,-4700
01/10/2017 13:00:00,40.50,4.44,0,-1,-1,-1,-1,-1,-1,-1,-1,-1,-1,-1,-1,-1,-1,-1,-1,-1,-1,-1,-1,-1,-1,-1,0,-1,-1,-1,-1,-1,-1,-1,-1,-1,-1,-1,-1,-1,-1,-1,-1,-1,-1,-1,-1,-1,-1,-1,-1,-4651,-4652,-4652,-4652,-4652,-4652,-4652,-4652,-4652,-4652,-4652,-4652,-4651,-4651,-4651,-4651,-4651,-4651,-4651,-4651,-4651,-4651,-4651